-- phpMyAdmin SQL Dump
-- version 3.4.11.1deb2.1
-- http://www.phpmyadmin.net
--
-- Servidor: mysql02.maravista.com.br
-- Tempo de Geração: 02/07/2014 às 12:48:38
-- Versão do Servidor: 5.1.70
-- Versão do PHP: 5.3.3-7+squeeze18

SET SQL_MODE="NO_AUTO_VALUE_ON_ZERO";
SET time_zone = "+00:00";


/*!40101 SET @OLD_CHARACTER_SET_CLIENT=@@CHARACTER_SET_CLIENT */;
/*!40101 SET @OLD_CHARACTER_SET_RESULTS=@@CHARACTER_SET_RESULTS */;
/*!40101 SET @OLD_COLLATION_CONNECTION=@@COLLATION_CONNECTION */;
/*!40101 SET NAMES utf8 */;

--
-- Banco de Dados: `maravista1`
--

-- --------------------------------------------------------

--
-- Estrutura da tabela `carrossel_rel_fotos`
--

CREATE TABLE IF NOT EXISTS `carrossel_rel_fotos` (
  `CODCARROSSEL` char(32) NOT NULL DEFAULT '',
  `CODFOTO` char(32) NOT NULL DEFAULT '',
  PRIMARY KEY (`CODCARROSSEL`,`CODFOTO`)
) ENGINE=MyISAM DEFAULT CHARSET=latin1;

--
-- Extraindo dados da tabela `carrossel_rel_fotos`
--

INSERT INTO `carrossel_rel_fotos` (`CODCARROSSEL`, `CODFOTO`) VALUES
('E38232694E56B7F3D0C2844AB4704D4F', '114A665D8BC766F7A4E68540288875D1'),
('E38232694E56B7F3D0C2844AB4704D4F', '15397D2A36FF2B43FE2DDE61372A8556'),
('E38232694E56B7F3D0C2844AB4704D4F', 'DFA4CD1DDE9BED50884FA2EAB5BF246C');

-- --------------------------------------------------------

--
-- Estrutura da tabela `central_emails`
--

CREATE TABLE IF NOT EXISTS `central_emails` (
  `CODCENTRALEMAILS` char(32) NOT NULL DEFAULT '',
  `DTA` timestamp NOT NULL DEFAULT CURRENT_TIMESTAMP,
  `TITULO` varchar(255) DEFAULT NULL,
  `STATUS` char(1) DEFAULT NULL,
  `OWNER` char(32) DEFAULT NULL,
  PRIMARY KEY (`CODCENTRALEMAILS`)
) ENGINE=MyISAM DEFAULT CHARSET=latin1;

CREATE TABLE IF NOT EXISTS `reservas_rel_datas` (
  `CODRESERVA` char(32) NOT NULL DEFAULT '',
  `DTA` timestamp,
  `CHECK_IN` varchar(20)
) ENGINE=MyISAM DEFAULT CHARSET=latin1;

--
-- Extraindo dados da tabela `central_emails`
--

INSERT INTO `central_emails` (`CODCENTRALEMAILS`, `DTA`, `TITULO`, `STATUS`, `OWNER`) VALUES
('854B57ABEBA3D0CD8C48CDF32E22188E', '2014-01-08 20:56:43', 'Pr&eacute;-reserva', '0', '2995E89FB4A77E4FB5F56D4991C75850'),
('D84C53CE927C9F9A5CD84B504AAB6B70', '2014-01-08 21:08:15', 'Reserva Confirmada', '1', '2995E89FB4A77E4FB5F56D4991C75850'),
('8C2AFB0EF052D949C8A6D4771413F004', '2014-01-15 18:32:13', 'Reserva Cancelada', '1', '2995E89FB4A77E4FB5F56D4991C75850'),
('E1681700B2402F040D00CF68AF57B985', '2014-02-13 17:38:16', 'Pr&eacute;-reserva Cielo', '1', '2995E89FB4A77E4FB5F56D4991C75850');

-- --------------------------------------------------------

--
-- Estrutura da tabela `central_emails_rel_descricao`
--

CREATE TABLE IF NOT EXISTS `central_emails_rel_descricao` (
  `CODCENTRALEMAILS` char(32) NOT NULL DEFAULT '',
  `CODDESCRICAO` char(32) NOT NULL DEFAULT '',
  PRIMARY KEY (`CODCENTRALEMAILS`,`CODDESCRICAO`)
) ENGINE=MyISAM DEFAULT CHARSET=latin1;

--
-- Extraindo dados da tabela `central_emails_rel_descricao`
--

INSERT INTO `central_emails_rel_descricao` (`CODCENTRALEMAILS`, `CODDESCRICAO`) VALUES
('854B57ABEBA3D0CD8C48CDF32E22188E', '3995C34A35F8FB416AF65058B5D9C024'),
('8C2AFB0EF052D949C8A6D4771413F004', '6604D9A85868F52D4BD502D700DA2E25'),
('D84C53CE927C9F9A5CD84B504AAB6B70', 'AD5723D07144CE35FC250502C3FA8848'),
('E1681700B2402F040D00CF68AF57B985', '14978E461B271C51A98E00F518189CB5');

-- --------------------------------------------------------

--
-- Estrutura da tabela `cielo`
--

CREATE TABLE IF NOT EXISTS `cielo` (
  `CIELO_NUMERO` blob,
  `CIELO_CHAVE` blob,
  `CIELO_URL` blob
) ENGINE=MyISAM DEFAULT CHARSET=latin1 COLLATE=latin1_general_ci;

--
-- Extraindo dados da tabela `cielo`
--

INSERT INTO `cielo` (`CIELO_NUMERO`, `CIELO_CHAVE`, `CIELO_URL`) VALUES
(0x31303036393933303639, 0x32356662623939373431633733396464383464376230366563373863396261633731383833383633306633306231313264303333636532653632316233346633, 0x68747470733a2f2f71617365636f6d6d657263652e6369656c6f2e636f6d2e62722f7365727669636f732f65636f6d6d777365632e646f);

-- --------------------------------------------------------

--
-- Estrutura da tabela `dados_relevantes`
--

CREATE TABLE IF NOT EXISTS `dados_relevantes` (
  `DTA` timestamp NOT NULL DEFAULT CURRENT_TIMESTAMP,
  `SITE` varchar(255) DEFAULT NULL,
  `HTTPS` varchar(255) DEFAULT NULL,
  `DTA_INICIO_ALTA` date DEFAULT NULL,
  `DTA_FIM_ALTA` date DEFAULT NULL,
  `DTA_INICIO_MEDIA` date DEFAULT NULL,
  `DTA_FIM_MEDIA` date DEFAULT NULL,
  `DTA_INICIO_BAIXA` date DEFAULT NULL,
  `DTA_FIM_BAIXA` date DEFAULT NULL,
  `IDIOMA` varchar(20) DEFAULT 'PORTUGUES'
) ENGINE=MyISAM DEFAULT CHARSET=latin1;

--
-- Extraindo dados da tabela `dados_relevantes`
--

INSERT INTO `dados_relevantes` (`DTA`, `SITE`, `HTTPS`, `DTA_INICIO_ALTA`, `DTA_FIM_ALTA`, `DTA_INICIO_MEDIA`, `DTA_FIM_MEDIA`, `DTA_INICIO_BAIXA`, `DTA_FIM_BAIXA`, `IDIOMA`) VALUES
('2013-11-03 19:25:21', 'http://www.maravista.com.br', 'https://ssl754.websiteseguro.com/maravista1', '2014-12-19', '2015-02-28', '2014-03-01', '2015-04-25', '2015-04-26', '2015-07-02', 'PORTUGUES');

-- --------------------------------------------------------

--
-- Estrutura da tabela `datas`
--

CREATE TABLE IF NOT EXISTS `datas` (
  `CODDTA` char(32) NOT NULL DEFAULT '',
  `DTA` timestamp NOT NULL DEFAULT CURRENT_TIMESTAMP,
  `DTAINICIO` date DEFAULT NULL,
  `DTAFIM` date DEFAULT NULL,
  `STATUS` char(1) DEFAULT NULL,
  `OWNER` char(32) DEFAULT NULL,
  PRIMARY KEY (`CODDTA`)
) ENGINE=MyISAM DEFAULT CHARSET=latin1;

--
-- Extraindo dados da tabela `datas`
--

INSERT INTO `datas` (`CODDTA`, `DTA`, `DTAINICIO`, `DTAFIM`, `STATUS`, `OWNER`) VALUES
('818E018261E3EB8DB285C84B927746D8', '2014-06-29 23:19:38', '2014-08-01', '2014-08-31', '1', 'BC5C0F3AC488544CE6B145A69D5CA268'),
('BD21BA59F92492892004437C57D704C3', '2014-06-29 14:07:18', '2014-12-28', '2015-01-02', '1', 'BC5C0F3AC488544CE6B145A69D5CA268'),
('C5DE0017C9EB1055AC9EA8D6499DA4AC', '2014-06-29 14:06:37', '2014-12-28', '2015-01-02', '1', 'BC5C0F3AC488544CE6B145A69D5CA268'),
('DEE06203073E3EAA75784BEC77805B80', '2014-06-29 14:04:53', '2014-12-28', '2015-01-02', '1', 'BC5C0F3AC488544CE6B145A69D5CA268'),
('7236988B3F6D620AE26D33E06E3FEECF', '2014-06-29 14:03:36', '2014-12-28', '2015-01-02', '1', 'BC5C0F3AC488544CE6B145A69D5CA268'),
('4BB9FCCED02EA57F855B4368E0CB75E0', '2014-06-29 14:02:44', '2014-12-28', '2015-01-02', '1', 'BC5C0F3AC488544CE6B145A69D5CA268'),
('1773F892F98798669AD4E07BA514C532', '2014-06-29 13:56:55', '2014-12-28', '2015-01-02', '1', 'BC5C0F3AC488544CE6B145A69D5CA268'),
('F6ACB12B9BD515A27486DAD3CFA0B43E', '2014-06-29 13:45:55', '2014-12-28', '2015-01-02', '1', 'BC5C0F3AC488544CE6B145A69D5CA268'),
('BE3AAB550CC50D661C0189BBF175F72C', '2014-06-24 15:38:49', '2014-08-01', '2014-09-01', '1', '2995E89FB4A77E4FB5F56D4991C75850'),
('0678A8E78A739D7C6EB5A70C6BC1B45C', '2014-06-24 15:38:11', '2014-06-26', '2014-07-26', '1', '2995E89FB4A77E4FB5F56D4991C75850'),
('E28F3410022509AA39B0821DB7641201', '2014-06-10 22:13:45', '2014-12-28', '2015-01-02', '1', 'BC5C0F3AC488544CE6B145A69D5CA268'),
('043CB34D624E2D6A31FC4838DC5B2EF3', '2014-06-02 15:51:40', '2014-07-01', '2014-07-03', '1', '2995E89FB4A77E4FB5F56D4991C75850'),
('8E77C327DC68FA88251D4115A208B84A', '2014-05-29 20:45:38', '2014-06-06', '2014-06-10', '1', '2995E89FB4A77E4FB5F56D4991C75850'),
('A8D74C415D4E5F1B4FFDD17E84B5A350', '2014-05-26 21:21:21', '2014-08-03', '2014-08-31', '1', 'BC5C0F3AC488544CE6B145A69D5CA268'),
('7D695771268CE4F71187E5EFB0606094', '2014-05-26 20:13:35', '2014-06-19', '2014-06-22', '1', 'BC5C0F3AC488544CE6B145A69D5CA268'),
('766287366C796F7F604F75C88A4D27B1', '2014-05-06 22:55:35', '2014-06-28', '2014-06-30', '1', '2995E89FB4A77E4FB5F56D4991C75850'),
('D1AD3B17B2EFBDC6DEB6026E76A9D860', '2014-05-06 22:50:26', '2014-06-22', '2014-07-07', '1', '2995E89FB4A77E4FB5F56D4991C75850'),
('56B3CE8F735B72C73E1C767AD1C92AD0', '2014-04-21 00:36:53', '2014-06-22', '2014-07-05', '1', '2995E89FB4A77E4FB5F56D4991C75850'),
('04CD844EF98CF33B986961B13F2FABE0', '2014-04-09 21:07:50', '2014-05-05', '2014-05-07', '1', '2995E89FB4A77E4FB5F56D4991C75850'),
('EA8EB1C09F805949A8D26F4A9EA18B0F', '2014-04-09 21:07:24', '2014-05-05', '2014-05-07', '1', '2995E89FB4A77E4FB5F56D4991C75850'),
('E0B4B4D57DAED28B938B54DAD0A4E216', '2014-04-09 21:05:40', '2014-05-05', '2014-05-07', '1', '2995E89FB4A77E4FB5F56D4991C75850'),
('00D19226C9E792C561D47CE12F2A157D', '2014-02-18 16:01:56', '2014-03-10', '2014-03-13', '1', '2995E89FB4A77E4FB5F56D4991C75850'),
('B21F9E622ECDD6030A5C34A7C6520BB5', '2014-02-18 16:00:41', '2014-03-03', '2014-03-06', '1', '2995E89FB4A77E4FB5F56D4991C75850'),
('3B46CD0BD01A91F9C813B67027952F6A', '2014-02-18 14:36:31', '2014-03-04', '2014-03-07', '1', '2995E89FB4A77E4FB5F56D4991C75850'),
('300DEA5C446D854D8690E59C6286591F', '2014-02-18 14:35:05', '2014-03-05', '2014-03-07', '0', '2995E89FB4A77E4FB5F56D4991C75850'),
('5DB1BFCE5964368C2D432891D58FFA5A', '2014-01-24 20:42:08', '2014-02-28', '2014-03-05', '1', '2995E89FB4A77E4FB5F56D4991C75850'),
('F7F4075A4B0FC6BCD3E3DAB79ED5AB7B', '2014-01-23 20:59:55', '2014-12-12', '2014-12-13', '1', '2995E89FB4A77E4FB5F56D4991C75850');

-- --------------------------------------------------------

--
-- Estrutura da tabela `descricao`
--

CREATE TABLE IF NOT EXISTS `descricao` (
  `CODDESCRICAO` char(32) NOT NULL DEFAULT '',
  `DTA` timestamp NOT NULL DEFAULT CURRENT_TIMESTAMP,
  `INGLES` blob,
  `PORTUGUES` blob,
  `ESPANHOL` blob,
  `STATUS` char(1) DEFAULT NULL,
  `OWNER` char(32) DEFAULT NULL,
  PRIMARY KEY (`CODDESCRICAO`)
) ENGINE=MyISAM DEFAULT CHARSET=latin1;

--
-- Extraindo dados da tabela `descricao`
--

INSERT INTO `descricao` (`CODDESCRICAO`, `DTA`, `INGLES`, `PORTUGUES`, `ESPANHOL`, `STATUS`, `OWNER`) VALUES
('E38292694E56B7F3D0C2844AB470CD4F', '2013-11-05 13:26:49', 0x3c703e4170656e6173207465737465204b4b4b206f70733c2f703e, 0x3c703e4170656e6173207465737465204b4b4b20333c2f703e, 0x3c703e4170656e6173207465737465204b4b4b20703c2f703e, '1', '2995E89FB4A77E4FB5F56D4991C75850'),
('E5FAB75191FAEF0A6D02FA33B97080B7', '2013-11-06 13:44:39', '', '', '', '1', '2995E89FB4A77E4FB5F56D4991C75850');
INSERT INTO `descricao` (`CODDESCRICAO`, `DTA`, `INGLES`, `PORTUGUES`, `ESPANHOL`, `STATUS`, `OWNER`) VALUES
('FB78CC32DB2F19755ED721BA497F4717', '2013-11-06 13:45:37', 0x3c703e3c7370616e2069643d22726573756c745f626f7822206c616e673d22656e223e3c7370616e207469746c653d225175656d206e266174696c64653b6f2074696e686120756d612070697363696e612073656d70726520266167726176653b20646973706f73692663636564696c3b266174696c64653b6f207175616e646f20637269616e2663636564696c3b612064657665207365206c656d6272617220646520636f6d6f206170726f766569746172206361646120696e7374616e74652064656e74726f20646120266161637574653b677561206572612066756e64616d656e74616c2e223e57686f20646964206e6f742068617665206120706f6f6c20616c7761797320617661696c61626c65207768656e2061206368696c642073686f756c642072656d656d62657220746f20656e6a6f79206576657279206d6f6d656e7420696e207468652077617465722077617320657373656e7469616c2e203c2f7370616e3e3c7370616e207469746c653d2254616e746f20717565206d7569746f73207465696d6176616d20706172612073616972206e6120686f726120646f20616c6d6f2663636564696c3b6f2c2074656d656e646f206f2074656d706f20717565206d7569746173206d266174696c64653b657320696d70756e68616d20616e746573207175652073652070756465737365206d657267756c686172206465206e6f766f2e223e426f746820696e7369737465642074686174206d616e79206f7574206174206c756e63682074696d65202c206472656164696e67207468652074696d652074686174206d616e79206d6f746865727320696d706f736564206265666f726520697420636f756c6420706c756e676520616761696e2e203c2f7370616e3e3c7370616e207469746c653d22556d6120686f72612c20756d6120686f72612065206d6569612c2064697a2d73652071756520616c67756d617320636865676176616d2061206261727261206f207265746f726e6f20266167726176653b20266161637574653b67756120706f72206475617320686f7261732e223e416e20686f7572202c20616e20686f757220616e6420612068616c66202c2069742069732073616964207468617420736f6d652063616d6520746f20626172207468652072657475726e20746f20776174657220666f722074776f20686f757273202e203c2f7370616e3e3c7370616e207469746c653d2248266161637574653b207175656d20616368652071756520657373612068697374266f61637574653b726961206e266174696c64653b6f20706173736120646520756d61206c656e646120652068266161637574653b207175656d206163726564697465206669656c6d656e74652071756520656e74726172206e6120266161637574653b67756120636f6d206f20657374266f636972633b6d61676f20636865696f20706f6465207472617a657220636f6d706c6963612663636564696c3b266f74696c64653b65732e223e536f6d65207468696e6b207468617420746869732073746f7279206973206f6e6c792061206c6567656e6420616e6420736f6d652062656c6965766520666169746866756c6c79207468617420656e74657220746865207761746572207769746820612066756c6c2073746f6d6163682063616e20636175736520636f6d706c69636174696f6e73202e3c6272202f3e3c6272202f3e3c2f7370616e3e3c7370616e207469746c653d222a20456e74656e6461206f2066756e63696f6e616d656e746f20646f7320696e74657374696e6f73223e2a20556e6465727374616e64207468652066756e6374696f6e696e67206f662074686520696e74657374696e65733c6272202f3e3c2f7370616e3e3c7370616e207469746c653d222a204f2071756520266561637574653b206d266161637574653b20646967657374266174696c64653b6f3f223e2a205768617420697320696e646967657374696f6e203f3c6272202f3e3c6272202f3e3c2f7370616e3e3c7370616e207469746c653d22457374266174696c64653b6f20636572746f73206f73207175652061637265646974616d206e61206c65676974696d6964616465206461206f7264656d206d617465726e612e223e41726520736f6d652077686f2062656c6965766520696e20746865206c65676974696d616379206f6620746865206d617465726e616c206f726465722e203c2f7370616e3e3c7370616e207469746c653d224d6173206f20666973696f6c6f676973746120547572266961637574653b62696f204c656974652c20636f6f7264656e61646f7220646f2043454d414645202843656e74726f206465204d65646963696e61206461204174697669646164652046266961637574653b73696361206520646f204573706f7274652920646120556e69766572736964616465204665646572616c2064652053266174696c64653b6f205061756c6f2c206578706c69636120717565206f2070726f626c656d61206e266174696c64653b6f20266561637574653b20736f6d656e7465206e616461722c20652073696d207175616c71756572207469706f206465206174697669646164652066266961637574653b73696361206170266f61637574653b732061732072656665692663636564696c3b266f74696c64653b65732e223e427574207468652070687973696f6c6f6769737420546f726962696f204c65697465202c2043454d41464520456e67696e6565722028204d65646963616c2043656e746572206f6620506879736963616c20416374697669747920616e642053706f72742029202c204665646572616c20556e6976657273697479206f662053266174696c64653b6f205061756c6f202c206578706c61696e732074686174207468652070726f626c656d206973206e6f74206f6e6c79207377696d202c2062757420616e79206b696e64206f6620706879736963616c206163746976697479206166746572206d65616c73202e203c2f7370616e3e3c7370616e207469746c653d22266c6471756f3b5175616e646f2068266161637574653b20616c696d656e746f20706172612073657220646967657269646f2c206f20657374266f636972633b6d61676f2070726563697361207265636562657220666c75786f2073616e6775266961637574653b6e656f2c206d617320616f2066617a6572206578657263266961637574653b63696f732c206f206f7267616e69736d6f2070617373612061207072696f72697a61722061206469737472696275692663636564696c3b266174696c64653b6f20646f2073616e6775652070617261206f73206d267561637574653b7363756c6f732c2064656978616e646f206f20657374266f636972633b6d61676f206465206c61646f26726471756f3b2e223e22205768656e20746865726520697320666f6f6420746f206265206469676573746564202c207468652073746f6d616368206e6565647320746f207265636569766520626c6f6f6420666c6f77202c2062757420646f696e6720657865726369736573202c2074686520626f64792073746172747320746f207072696f726974697a652074686520646973747269627574696f6e206f6620626c6f6f6420746f20746865206d7573636c6573202c206c656176696e67207468652073746f6d61636820736964652e223c6272202f3e3c6272202f3e3c2f7370616e3e3c7370616e207469746c653d2241206e7574726963696f6e69737461204d6164616c656e612056616c6c696e6f74692c2064697265746f726120646f2053696e657370202853696e64696361746f206465204e7574726963696f6e6973746173292c206573636c61726563652071756520616f207265616c697a6172206578657263266961637574653b63696f732066266961637574653b7369636f732c206f2073697374656d61206e6572766f736f2073696d70266161637574653b7469636f2028706172746520646f2073697374656d6120617574266f636972633b6e6f6d6f20666f726d61646f2070656c6f2074726f6e636f20646f2063266561637574653b726562726f20652070656c61206d6564756c6120657370696e68616c292070726f64757a20657374266961637574653b6d756c6f73206e6572766f736f73207175652066617a656d20617274266561637574653b72696173206520766569617320736520636f6e747261266961637574653b72656d223e546865206e7574726974696f6e697374204d616764616c656e652056616c6c696e6f7469202c206469726563746f72206f662053696e6573702028556e696f6e206f66204e7574726974696f6e697374732029202c20636c617269666965732074686174207768656e20706572666f726d696e6720706879736963616c206578657263697365202c207468652073796d7061746865746963206e6572766f75732073797374656d202870617274206f6620746865206175746f6e6f6d69632073797374656d20666f726d65642062792074686520627261696e207374656d20616e6420746865207370696e616c20636f726420292070726f6475636573206e65727665207374696d756c692074686174206d616b6520617274657269657320616e64207665696e7320746f20636f6e737472696374203c2f7370616e3e3c7370616e207469746c653d222c206d6f76696d656e746f20636f6e68656369646f20636f6d6f207661736f636f6e737472692663636564696c3b266174696c64653b6f2e223e6d6f74696f6e206b6e6f776e206173207661736f636f6e737472696374696f6e202e3c6272202f3e3c6272202f3e3c2f7370616e3e3c7370616e207469746c653d22266c6471756f3b45737361207661736f636f6e737472692663636564696c3b266174696c64653b6f2061756d656e74612061207265736973742665636972633b6e63696120646f73207661736f732073616e6775266961637574653b6e656f73206520726564757a206f20666c75786f2064652073616e6775652e223e225468697320696e637265617365732074686520726573697374616e6365207661736f636f6e737472696374696f6e206f6620626c6f6f642076657373656c7320616e64207265647563657320626c6f6f6420666c6f772e203c2f7370616e3e3c7370616e207469746c653d224f73206d267561637574653b7363756c6f732071756520657374266174696c64653b6f2073656e646f2074726162616c6861646f732074616d62266561637574653b6d2070617373617269616d206120736572206d656e6f7320697272696761646f732c206d6173206f732073756270726f6475746f73206d65746162266f61637574653b6c69636f7320286164656e6f73696e612c20266961637574653b6f6e7320646520686964726f672665636972633b6e696f2065206469266f61637574653b7869646f20646520636172626f6e6f292070726f64757a69646f73206170266f61637574653b73206120717565696d6120646520656e65726769612063616e63656c616d206573736520636f6d616e646f20652063617573616d207661736f64696c6174612663636564696c3b266174696c64653b6f2c206f2071756520666163696c697461206120706173736167656d2064652073616e67756526726471756f3b2c223e546865206d7573636c6573207468617420617265206265696e6720776f726b656420746f6f20776f756c64206265636f6d65206c65737320697272696761746564202c2062757420746865206d657461626f6c69632062792d70726f64756374732028206164656e6f73696e65202c20687964726f67656e20696f6e7320616e6420636172626f6e2064696f7869646520292070726f6475636564206166746572206275726e696e6720656e657267792063616e63656c207468697320636f6d6d616e6420616e64206361757365207661736f64696c6174696f6e202c20776869636820666163696c697461746573207468652070617373616765206f6620626c6f6f642022203c2f7370616e3e3c7370616e207469746c653d226578706c6963612056616c6c696e6f74692e223e56616c6c696e6f7469206578706c61696e73202e3c6272202f3e3c6272202f3e3c2f7370616e3e3c7370616e207469746c653d22417373696d2c2073652061206d61696f7220706172746520646f20636f72706f20657374266161637574653b207265636562656e646f20756d61206d656e736167656d207061726120636f72746172206f20666c75786f2064652073616e6775652065206f73206d267561637574653b7363756c6f7320657374266174696c64653b6f206f6274656e646f206f20636f6d616e646f20706172612061756d656e74617220612064656d616e64612073616e6775266961637574653b6e65612c2074656d2d736520756d20646573657175696c266961637574653b6272696f2e223e546875732c206966206d6f7374206f6620746865207265636569766564206d65737361676520626f647920697320746f2073746f702074686520666c6f77206f6620626c6f6f6420616e64206d7573636c6520617265206f627461696e696e6720636f6d6d616e6420746f20696e63726561736520626c6f6f642064656d616e64202c20746865726520697320616e20696d62616c616e63652e203c2f7370616e3e3c7370616e207469746c653d22266c6471756f3b4f20636f72706f20657374266161637574653b20746972616e646f20646520756d6120706172746520652064616e646f2061206f757472612e223e222054686520626f647920697320612070617274206f662074616b696e6720616e6420676976696e6720746f20616e6f74686572202e203c2f7370616e3e3c7370616e207469746c653d224361736f206f20657374266f636972633b6d61676f206e266174696c64653b6f20657374656a6120656d20756d206d6f6d656e746f20646520646967657374266174696c64653b6f2c206e266174696c64653b6f2068266161637574653b2070726f626c656d6120616c67756d20656d2072656365626572206d656e6f732073616e67756520706f7220636572746f20706572266961637574653b6f646f26726471756f3b2c20636f6d706c657461204c656974652e223e4966207468652073746f6d616368206973206e6f7420696e20612074696d65206f6620646967657374696f6e2c207468657265206973206e6f2070726f626c656d20696e20726563656976696e67206c65737320626c6f6f6420666f722061206365727461696e20706572696f64202c202261646473206d696c6b202e3c6272202f3e3c6272202f3e3c2f7370616e3e3c7370616e207469746c653d2241676f72612c20736520766f632665636972633b20616361626f7520646520736520616c696d656e746172206520666f692066617a6572206578657263266961637574653b63696f2066266961637574653b7369636f2c206f2073697374656d6120646967657374266f61637574653b72696f20656f2074726162616c686f206d757363756c6172206573746172266174696c64653b6f20636f6d706574696e646f2070656c6f206d61696f7220666f726e6563696d656e746f2064652073616e6775652e223e4e6f77202c20696620796f75206a757374206665656420616e642077617320646f696e6720706879736963616c206578657263697365202c206469676573746976652073797374656d20616e64206d757363756c617220776f726b2077696c6c20626520636f6d706574696e6720666f7220696e6372656173656420626c6f6f6420737570706c79202e203c2f7370616e3e3c7370616e207469746c653d22436f6d6f20726573756c7461646f2c20616c67756d617320706573736f617320706f64656d2074657220646573636f6e666f72746f2067266161637574653b73747269636f2c207265666c75786f2065206174266561637574653b20766f6d697461722e223e4173206120726573756c74202c20736f6d652070656f706c65206d617920686176652067617374726963207265666c757820646973636f6d666f727420616e64206576656e20766f6d6974202e203c2f7370616e3e3c7370616e207469746c653d22266c6471756f3b416c266561637574653b6d20646973736f2c20706f64656d206f636f7272657220632661636972633b696d627261732e223e22204d6f72656f766572202c206372616d7073206d6179206f63637572202e203c2f7370616e3e3c7370616e207469746c653d22446570656e64656e646f20646120696e74656e7369646164652065207365206f20696e646976266961637574653b64756f2065737469766572206e6120266161637574653b6775612c2068266161637574653b20726973636f2064652061666f67616d656e746f26726471756f3b2c20616669726d612056616c6c696e6f74692e223e446570656e64696e67206f6e2074686520696e74656e7369747920616e642074686520696e646976696475616c20697320696e20746865207761746572202c207468657265206973207269736b206f662064726f776e696e67202c2022736179732056616c6c696e6f7469202e3c6272202f3e3c6272202f3e3c2f7370616e3e3c7370616e207469746c653d22416c696d656e74612663636564696c3b266174696c64653b6f20696465616c223e3c7374726f6e673e696465616c20466f6f643c2f7374726f6e673e3c6272202f3e3c6272202f3e3c2f7370616e3e3c7370616e207469746c653d224e266174696c64653b6f20266561637574653b20706f722063617573612064657373617320636f6e736571752665636972633b6e6369617320717565206120616c696d656e74612663636564696c3b266174696c64653b6f20616e746573206461206174697669646164652066266961637574653b736963612064657665207365722070726f69626964612e223e49742069732062656361757365206f6620746865736520636f6e73657175656e636573207468617420666f6f64206265666f726520706879736963616c2061637469766974792073686f756c642062652070726f686962697465642e203c2f7370616e3e3c7370616e207469746c653d22264561637574653b206661746f20717565206578697374656d206d7569746f73206d69746f73206520636f6e74726f76266561637574653b7273696173206120726573706569746f20646f2074656d612c206d6173206465207175616c71756572206d616e6569726120266561637574653b20696d706f7274616e74652072657373616c7461722071756520756d612072656665692663636564696c3b266174696c64653b6f20666569746120656d20756d6120636875727261736361726961206f7520756d61206665696a6f6164612073266174696c64653b6f20746f74616c6d656e7465206469666572656e74657320646520756d6120616c696d656e74612663636564696c3b266174696c64653b6f20266167726176653b2062617365206465206772656c6861646f2c2073616c6164612065206172726f7a2e223e497420697320612066616374207468617420746865726520617265206d616e79206d7974687320616e6420636f6e74726f76657273696573206f6e20746865207375626a656374202c2062757420616e7977617920697420697320696d706f7274616e7420746f20656d70686173697a6520746861742061206d65616c2074616b656e206174206120737465616b686f757365206f722075676c792061726520746f74616c6c7920646966666572656e742066726f6d20612064696574206261736564206f6e206772696c6c65642c2073616c616420616e6420726963652e3c6272202f3e3c6272202f3e3c2f7370616e3e3c7370616e207469746c653d225265636f6d656e64612d736520636f6d657220706f75636f206520636f6d2066726571752665636972633b6e63696120612066696d20646520666f726e6563657220656e65726769612073656d20736f62726563617272656761722061732066756e2663636564696c3b266f74696c64653b6573206f72672661636972633b6e696361732e223e4974206973207265636f6d6d656e64656420746f20656174206c6974746c6520616e64206f6674656e20746f2070726f7669646520656e6572677920776974686f7574206f7665726c6f6164696e6720746865206f7267616e69632066756e6374696f6e732e203c2f7370616e3e3c7370616e207469746c653d22266c6471756f3b4f20696465616c20266561637574653b20636f6d657220756d20616c696d656e746f206c65766520636f6d20706f75636120676f726475726120652070726f7465266961637574653b6e612c206465207072656665722665636972633b6e636961206c266961637574653b717569646f20287375636f206465206672757461206f75207368616b6573292e223e222054686520696465616c20697320746f206561742061206c6967687420666f6f642077697468206c6974746c652066617420616e642070726f7465696e202c2070726566657261626c79206c69717569642028206672756974206a75696365206f72207368616b65732029202e203c2f7370616e3e3c7370616e207469746c653d22446573736120666f726d6120766f632665636972633b20746572266161637574653b20656e65726769612c206d6173206e6164612071756520706f73736120636f6d70726f6d65746572207375617320617469766964616465732e223e546861742077617920796f75206861766520656e657267792c20627574206e6f7468696e67207468617420636f756c6420636f6d70726f6d6973652074686569722061637469766974696573202e203c2f7370616e3e3c7370616e207469746c653d22536520612072656665692663636564696c3b266174696c64653b6f20666f72206c6576652c20266561637574653b207265636f6d656e6461646f20636f6d6572203430206d696e75746f7320616e746573206465207072266161637574653b7469636173206573706f72746976617326726471756f3b2c20616669726d61204c656974652e223e496620746865206d65616c206973206c69676874202c206974206973207265636f6d6d656e64656420746f20656174203430206d696e75746573206265666f72652073706f72747320707261637469636573202c202273617973204d696c6b202e3c6272202f3e3c6272202f3e3c2f7370616e3e3c7370616e207469746c653d2243686f7175652074266561637574653b726d69636f223e3c7374726f6e673e746865726d616c2073686f636b3c2f7374726f6e673e3c6272202f3e3c6272202f3e3c2f7370616e3e3c7370616e207469746c653d22456e74266174696c64653b6f2c20656e7472617220656d20756d612070697363696e61206d6173206e266174696c64653b6f207265616c697a6172206772616e646573206573666f722663636564696c3b6f73206e266174696c64653b6f207472617a2070726f626c656d61733f223e536f2067657420696e746f206120706f6f6c20627574206e6f74206d616b65206772656174206566666f72747320646f6573206e6f742063617573652070726f626c656d73203f203c2f7370616e3e3c7370616e207469746c653d224e266174696c64653b6f206e6563657373617269616d656e74652e223e4e6f74206e65636573736172696c79202e203c2f7370616e3e3c7370616e207469746c653d224f75747261207175657374266174696c64653b6f206d7569746f2064697363757469646120266561637574653b2061207375736365746962696c696461646520646f20636f72706f20656d20736f667265722063686f7175652074266561637574653b726d69636f206170266f61637574653b7320612072656665692663636564696c3b266174696c64653b6f2e223e416e6f74686572206d7563682d6469736375737365642069737375652069732074686520737573636570746962696c697479206f662074686520626f647920746f2073756666657220746865726d616c2073686f636b20616674657220746865206d65616c202e3c6272202f3e3c6272202f3e3c2f7370616e3e3c7370616e207469746c653d224465706f697320646520636f6d65722c20266561637574653b206e61747572616c20717565206f636f727261206d61696f7220666c75786f2073616e6775266961637574653b6e656f2070617261206f2063656e74726f20646f20636f72706f2c206f6e646520657374266161637574653b206f2073697374656d6120646967657374266f61637574653b72696f2e223e416674657220656174696e67202c206974206973206e61747572616c207468617420696e6372656173656420626c6f6f6420666c6f7720746f2074686520626f6479266c7371756f3b732063656e746572202c20776865726520746865206469676573746976652073797374656d206f63637572732e203c2f7370616e3e3c7370616e207469746c653d22266c6471756f3b5365206f20696e646976266961637574653b64756f206d657267756c68617220656d20266161637574653b67756120667269612c20706f6465206f636f727265722063686f7175652074266561637574653b726d69636f2c206f20717565206f636173696f6e61206d61696f7220726571756973692663636564696c3b266174696c64653b6f20646520666c75786f2064652073616e677565207061726120612070656c652c20612066696d20646520636f727269676972206f2063686f7175652e223e222049662074686520696e646976696475616c20706c756e676520696e746f20636f6c64207761746572202c2068656174207374726f6b652063616e206f636375722c2077686963682063617573657320686967686572207265717569736974696f6e20626c6f6f6420666c6f7720746f2074686520736b696e20696e206f7264657220746f20636f7272656374207468652073686f636b2e203c2f7370616e3e3c7370616e207469746c653d22417373696d2c20646569786120646520657869737469722073616e67756520737566696369656e746520706172612061732064756173206e65636573736964616465732c206120646520646967657374266174696c64653b6f2065612064652061756d656e74617220612074656d70657261747572612064612070656c6526726471756f3b2c206578706c6963612061206e7574726963696f6e697374612e223e54687573202c207468657265206973206e6f206c6f6e67657220656e6f75676820666f72207468652074776f206e656564732c20646967657374696f6e20616e6420696e637265617365207468652074656d7065726174757265206f662074686520736b696e20626c6f6f642c2022206578706c61696e73206e7574726974696f6e697374202e3c6272202f3e3c6272202f3e3c2f7370616e3e3c7370616e207469746c653d224f20636f72612663636564696c3b266174696c64653b6f206e266174696c64653b6f20636f6e736567756520626f6d62656172206f2073616e67756520656d2076656c6f63696461646520737566696369656e74652070617261206174656e64657220266167726176653b732064656d616e6461732c206520636f6d6f20636f6e736571752665636972633b6e636961206f20696e646976266961637574653b64756f20706f6465206174266561637574653b206d6f727265722064652063686f717565206869706f766f6c2665636972633b6d69636f202873697475612663636564696c3b266174696c64653b6f20656d20717565206f20266f61637574653b7267266174696c64653b6f73207669746169732064656978616d20646520726563656265722061207175616e7469646164652064652073616e677565206d266961637574653b6e696d612070617261207365752066756e63696f6e616d656e746f292e223e5468652068656172742063616e206e6f742070756d702073756666696369656e7420626c6f6f6420746f206d656574207468652064656d616e64732073706565642c20616e64206173206120726573756c742074686520696e646976696475616c206d617920646965206f66206879706f766f6c656d69632073686f636b2028696e2077686963682074686520766974616c206f7267616e7320646f206e6f74207265636569766520746865206d696e696d756d20616d6f756e74206f6620626c6f6f6420746f20697473206f7065726174696f6e2029202e203c2f7370616e3e3c7370616e207469746c653d22266c6471756f3b4573746120266561637574653b20756d6120636f6e736571752665636972633b6e6369612067726176652e223e222054686973206973206120736572696f757320636f6e73657175656e6365202e203c2f7370616e3e3c7370616e207469746c653d22456d20616c67756e73206361736f7320706f6465206861766572206170656e617320756d206c69676569726f206d616c2d65737461722c20636f6d6f20756d6120696e646967657374266174696c64653b6f206f7520266c7371756f3b7061726167656d266c7371756f3b206469676573746976612c2071756520706f646520726573756c74617220656d2076266f636972633b6d69746f73206520756d6120636f6e73657175656e7465206d656c686f726120646f20646573636f6e666f72746f26726471756f3b2c20636f6d706c6574612e223e496e20736f6d65206361736573207468657265206d6179206265206f6e6c79206120736c6967687420646973636f6d666f727420617320696e646967657374696f6e206f722064696765737469766520266c7371756f3b2073746f7020266c7371756f3b202c2077686963682063616e20726573756c7420696e20766f6d6974696e6720616e64206120636f6e73657175656e7420696d70726f76656d656e74206f6620646973636f6d666f7274202c202268652061646473203c2f7370616e3e3c2f7370616e3e3c2f703e, 0x3c703e5175656d206e266174696c64653b6f2074696e686120756d612070697363696e612073656d70726520266167726176653b20646973706f73692663636564696c3b266174696c64653b6f207175616e646f20637269616e2663636564696c3b612064657665207365206c656d6272617220646520636f6d6f206170726f766569746172206361646120696e7374616e74652064656e74726f20646120266161637574653b677561206572612066756e64616d656e74616c2e2054616e746f20717565206d7569746f73207465696d6176616d20706172612073616972206e6120686f726120646f20616c6d6f2663636564696c3b6f2c2074656d656e646f206f2074656d706f20717565206d7569746173206d266174696c64653b657320696d70756e68616d20616e746573207175652073652070756465737365206d657267756c686172206465206e6f766f2e20556d6120686f72612c20756d6120686f72612065206d6569612c2064697a2d73652071756520616c67756d617320636865676176616d2061206261727261206f207265746f726e6f20266167726176653b20266161637574653b67756120706f72206475617320686f7261732e2048266161637574653b207175656d20616368652071756520657373612068697374266f61637574653b726961206e266174696c64653b6f20706173736120646520756d61206c656e646120652068266161637574653b207175656d206163726564697465206669656c6d656e74652071756520656e74726172206e6120266161637574653b67756120636f6d206f20657374266f636972633b6d61676f20636865696f20706f6465207472617a657220636f6d706c6963612663636564696c3b266f74696c64653b65732e3c6272202f3e3c6272202f3e2a20456e74656e6461206f2066756e63696f6e616d656e746f20646f7320696e74657374696e6f733c6272202f3e2a204f2071756520266561637574653b206d266161637574653b20646967657374266174696c64653b6f3f203c6272202f3e3c6272202f3e457374266174696c64653b6f20636572746f73206f73207175652061637265646974616d206e61206c65676974696d6964616465206461206f7264656d206d617465726e612e204d6173206f20666973696f6c6f676973746120547572266961637574653b62696f204c656974652c20636f6f7264656e61646f7220646f2043454d414645202843656e74726f206465204d65646963696e61206461204174697669646164652046266961637574653b73696361206520646f204573706f7274652920646120556e69766572736964616465204665646572616c2064652053266174696c64653b6f205061756c6f2c206578706c69636120717565206f2070726f626c656d61206e266174696c64653b6f20266561637574653b20736f6d656e7465206e616461722c20652073696d207175616c71756572207469706f206465206174697669646164652066266961637574653b73696361206170266f61637574653b732061732072656665692663636564696c3b266f74696c64653b65732e20266c6471756f3b5175616e646f2068266161637574653b20616c696d656e746f20706172612073657220646967657269646f2c206f20657374266f636972633b6d61676f2070726563697361207265636562657220666c75786f2073616e6775266961637574653b6e656f2c206d617320616f2066617a6572206578657263266961637574653b63696f732c206f206f7267616e69736d6f2070617373612061207072696f72697a61722061206469737472696275692663636564696c3b266174696c64653b6f20646f2073616e6775652070617261206f73206d267561637574653b7363756c6f732c2064656978616e646f206f20657374266f636972633b6d61676f206465206c61646f26726471756f3b2e3c6272202f3e3c6272202f3e41206e7574726963696f6e69737461204d6164616c656e612056616c6c696e6f74692c2064697265746f726120646f2053696e657370202853696e64696361746f206465204e7574726963696f6e6973746173292c206573636c61726563652071756520616f207265616c697a6172206578657263266961637574653b63696f732066266961637574653b7369636f732c206f2073697374656d61206e6572766f736f2073696d70266161637574653b7469636f2028706172746520646f2073697374656d6120617574266f636972633b6e6f6d6f20666f726d61646f2070656c6f2074726f6e636f20646f2063266561637574653b726562726f20652070656c61206d6564756c6120657370696e68616c292070726f64757a20657374266961637574653b6d756c6f73206e6572766f736f73207175652066617a656d20617274266561637574653b72696173206520766569617320736520636f6e747261266961637574653b72656d2c206d6f76696d656e746f20636f6e68656369646f20636f6d6f207661736f636f6e737472692663636564696c3b266174696c64653b6f2e3c6272202f3e3c6272202f3e266c6471756f3b45737361207661736f636f6e737472692663636564696c3b266174696c64653b6f2061756d656e74612061207265736973742665636972633b6e63696120646f73207661736f732073616e6775266961637574653b6e656f73206520726564757a206f20666c75786f2064652073616e6775652e204f73206d267561637574653b7363756c6f732071756520657374266174696c64653b6f2073656e646f2074726162616c6861646f732074616d62266561637574653b6d2070617373617269616d206120736572206d656e6f7320697272696761646f732c206d6173206f732073756270726f6475746f73206d65746162266f61637574653b6c69636f7320286164656e6f73696e612c20266961637574653b6f6e7320646520686964726f672665636972633b6e696f2065206469266f61637574653b7869646f20646520636172626f6e6f292070726f64757a69646f73206170266f61637574653b73206120717565696d6120646520656e65726769612063616e63656c616d206573736520636f6d616e646f20652063617573616d207661736f64696c6174612663636564696c3b266174696c64653b6f2c206f2071756520666163696c697461206120706173736167656d2064652073616e67756526726471756f3b2c206578706c6963612056616c6c696e6f74692e3c6272202f3e3c6272202f3e417373696d2c2073652061206d61696f7220706172746520646f20636f72706f20657374266161637574653b207265636562656e646f20756d61206d656e736167656d207061726120636f72746172206f20666c75786f2064652073616e6775652065206f73206d267561637574653b7363756c6f7320657374266174696c64653b6f206f6274656e646f206f20636f6d616e646f20706172612061756d656e74617220612064656d616e64612073616e6775266961637574653b6e65612c2074656d2d736520756d20646573657175696c266961637574653b6272696f2e20266c6471756f3b4f20636f72706f20657374266161637574653b20746972616e646f20646520756d6120706172746520652064616e646f2061206f757472612e204361736f206f20657374266f636972633b6d61676f206e266174696c64653b6f20657374656a6120656d20756d206d6f6d656e746f20646520646967657374266174696c64653b6f2c206e266174696c64653b6f2068266161637574653b2070726f626c656d6120616c67756d20656d2072656365626572206d656e6f732073616e67756520706f7220636572746f20706572266961637574653b6f646f26726471756f3b2c20636f6d706c657461204c656974652e3c6272202f3e3c6272202f3e41676f72612c20736520766f632665636972633b20616361626f7520646520736520616c696d656e746172206520666f692066617a6572206578657263266961637574653b63696f2066266961637574653b7369636f2c206f2073697374656d6120646967657374266f61637574653b72696f2065206f2074726162616c686f206d757363756c6172206573746172266174696c64653b6f20636f6d706574696e646f2070656c6f206d61696f7220666f726e6563696d656e746f2064652073616e6775652e20436f6d6f20726573756c7461646f2c20616c67756d617320706573736f617320706f64656d2074657220646573636f6e666f72746f2067266161637574653b73747269636f2c207265666c75786f2065206174266561637574653b20766f6d697461722e20266c6471756f3b416c266561637574653b6d20646973736f2c20706f64656d206f636f7272657220632661636972633b696d627261732e20446570656e64656e646f20646120696e74656e7369646164652065207365206f20696e646976266961637574653b64756f2065737469766572206e6120266161637574653b6775612c2068266161637574653b20726973636f2064652061666f67616d656e746f26726471756f3b2c20616669726d612056616c6c696e6f74692e3c6272202f3e3c6272202f3e3c7374726f6e673e416c696d656e74612663636564696c3b266174696c64653b6f20696465616c3c2f7374726f6e673e3c6272202f3e3c6272202f3e4e266174696c64653b6f20266561637574653b20706f722063617573612064657373617320636f6e736571752665636972633b6e6369617320717565206120616c696d656e74612663636564696c3b266174696c64653b6f20616e746573206461206174697669646164652066266961637574653b736963612064657665207365722070726f69626964612e20264561637574653b206661746f20717565206578697374656d206d7569746f73206d69746f73206520636f6e74726f76266561637574653b7273696173206120726573706569746f20646f2074656d612c206d6173206465207175616c71756572206d616e6569726120266561637574653b20696d706f7274616e74652072657373616c7461722071756520756d612072656665692663636564696c3b266174696c64653b6f20666569746120656d20756d6120636875727261736361726961206f7520756d61206665696a6f6164612073266174696c64653b6f20746f74616c6d656e7465206469666572656e74657320646520756d6120616c696d656e74612663636564696c3b266174696c64653b6f20266167726176653b2062617365206465206772656c6861646f2c2073616c6164612065206172726f7a2e3c6272202f3e3c6272202f3e5265636f6d656e64612d736520636f6d657220706f75636f206520636f6d2066726571752665636972633b6e63696120612066696d20646520666f726e6563657220656e65726769612073656d20736f62726563617272656761722061732066756e2663636564696c3b266f74696c64653b6573206f72672661636972633b6e696361732e20266c6471756f3b4f20696465616c20266561637574653b20636f6d657220756d20616c696d656e746f206c65766520636f6d20706f75636120676f726475726120652070726f7465266961637574653b6e612c206465207072656665722665636972633b6e636961206c266961637574653b717569646f20287375636f206465206672757461206f75207368616b6573292e20446573736120666f726d6120766f632665636972633b20746572266161637574653b20656e65726769612c206d6173206e6164612071756520706f73736120636f6d70726f6d65746572207375617320617469766964616465732e20536520612072656665692663636564696c3b266174696c64653b6f20666f72206c6576652c20266561637574653b207265636f6d656e6461646f20636f6d6572203430206d696e75746f7320616e746573206465207072266161637574653b7469636173206573706f72746976617326726471756f3b2c20616669726d61204c656974652e3c6272202f3e3c6272202f3e3c7374726f6e673e43686f7175652074266561637574653b726d69636f3c2f7374726f6e673e3c6272202f3e3c6272202f3e456e74266174696c64653b6f2c20656e7472617220656d20756d612070697363696e61206d6173206e266174696c64653b6f207265616c697a6172206772616e646573206573666f722663636564696c3b6f73206e266174696c64653b6f207472617a2070726f626c656d61733f204e266174696c64653b6f206e6563657373617269616d656e74652e204f75747261207175657374266174696c64653b6f206d7569746f2064697363757469646120266561637574653b2061207375736365746962696c696461646520646f20636f72706f20656d20736f667265722063686f7175652074266561637574653b726d69636f206170266f61637574653b7320612072656665692663636564696c3b266174696c64653b6f2e3c6272202f3e3c6272202f3e4465706f697320646520636f6d65722c20266561637574653b206e61747572616c20717565206f636f727261206d61696f7220666c75786f2073616e6775266961637574653b6e656f2070617261206f2063656e74726f20646f20636f72706f2c206f6e646520657374266161637574653b206f2073697374656d6120646967657374266f61637574653b72696f2e20266c6471756f3b5365206f20696e646976266961637574653b64756f206d657267756c68617220656d20266161637574653b67756120667269612c20706f6465206f636f727265722063686f7175652074266561637574653b726d69636f2c206f20717565206f636173696f6e61206d61696f7220726571756973692663636564696c3b266174696c64653b6f20646520666c75786f2064652073616e677565207061726120612070656c652c20612066696d20646520636f727269676972206f2063686f7175652e20417373696d2c20646569786120646520657869737469722073616e67756520737566696369656e746520706172612061732064756173206e65636573736964616465732c206120646520646967657374266174696c64653b6f206520612064652061756d656e74617220612074656d70657261747572612064612070656c6526726471756f3b2c206578706c6963612061206e7574726963696f6e697374612e3c6272202f3e3c6272202f3e4f20636f72612663636564696c3b266174696c64653b6f206e266174696c64653b6f20636f6e736567756520626f6d62656172206f2073616e67756520656d2076656c6f63696461646520737566696369656e74652070617261206174656e64657220266167726176653b732064656d616e6461732c206520636f6d6f20636f6e736571752665636972633b6e636961206f20696e646976266961637574653b64756f20706f6465206174266561637574653b206d6f727265722064652063686f717565206869706f766f6c2665636972633b6d69636f202873697475612663636564696c3b266174696c64653b6f20656d20717565206f20266f61637574653b7267266174696c64653b6f73207669746169732064656978616d20646520726563656265722061207175616e7469646164652064652073616e677565206d266961637574653b6e696d612070617261207365752066756e63696f6e616d656e746f292e20266c6471756f3b4573746120266561637574653b20756d6120636f6e736571752665636972633b6e6369612067726176652e20456d20616c67756e73206361736f7320706f6465206861766572206170656e617320756d206c69676569726f206d616c2d65737461722c20636f6d6f20756d6120696e646967657374266174696c64653b6f206f7520266c7371756f3b7061726167656d26727371756f3b206469676573746976612c2071756520706f646520726573756c74617220656d2076266f636972633b6d69746f73206520756d6120636f6e73657175656e7465206d656c686f726120646f20646573636f6e666f72746f26726471756f3b2c20636f6d706c6574612e3c2f703e, 0x3c703e3c7370616e2069643d22726573756c745f626f7822206c616e673d226573223e3c7370616e207469746c653d225175656d206e266174696c64653b6f2074696e686120756d612070697363696e612073656d70726520266167726176653b20646973706f73692663636564696c3b266174696c64653b6f207175616e646f20637269616e2663636564696c3b612064657665207365206c656d6272617220646520636f6d6f206170726f766569746172206361646120696e7374616e74652064656e74726f20646120266161637574653b677561206572612066756e64616d656e74616c2e223e266971756573743b517569266561637574653b6e206e6f2074656e266961637574653b6120756e612070697363696e61207369656d70726520657374266161637574653b20646973706f6e69626c65206375616e646f20756e206e69266e74696c64653b6f2064656265207265636f726461722061206469736672757461722063616461206d6f6d656e746f20656e2071756520656c2061677561206573206573656e6369616c202e203c2f7370616e3e3c7370616e207469746c653d2254616e746f20717565206d7569746f73207465696d6176616d20706172612073616972206e6120686f726120646f20616c6d6f2663636564696c3b6f2c2074656d656e646f206f2074656d706f20717565206d7569746173206d266174696c64653b657320696d70756e68616d20616e746573207175652073652070756465737365206d657267756c686172206465206e6f766f2e223e416d626f7320696e736973746965726f6e20656e20717565206d7563686f732061206361626f2061206c6120686f72612064656c20616c6d7565727a6f202c2074656d69656e646f20656c206d6f6d656e746f20656e20717565206d7563686173206d616472657320696d7075657374617320616e7465732064652071756520706f6472266961637574653b612073756d6972206465206e7565766f2e203c2f7370616e3e3c7370616e207469746c653d22556d6120686f72612c20756d6120686f72612065206d6569612c2064697a2d73652071756520616c67756d617320636865676176616d2061206261727261206f207265746f726e6f20266167726176653b20266161637574653b67756120706f72206475617320686f7261732e223e556e6120686f7261202c20756e6120686f72612079206d65646961202c20736520646963652071756520616c67756e6f73206c6c656761726f6e20612070726f686962697220656c207265677265736f20616c206167756120647572616e746520646f7320686f7261732e203c2f7370616e3e3c7370616e207469746c653d2248266161637574653b207175656d20616368652071756520657373612068697374266f61637574653b726961206e266174696c64653b6f20706173736120646520756d61206c656e646120652068266161637574653b207175656d206163726564697465206669656c6d656e74652071756520656e74726172206e6120266161637574653b67756120636f6d206f20657374266f636972633b6d61676f20636865696f20706f6465207472617a657220636f6d706c6963612663636564696c3b266f74696c64653b65732e223e416c67756e6f73207069656e73616e20717565206573746120686973746f7269612065732073266f61637574653b6c6f20756e61206c6579656e6461207920616c67756e6f7320637265656e206669656c6d656e74652071756520656e7472617220656e20656c206167756120636f6e20656c20657374266f61637574653b6d61676f206c6c656e6f2070756564652063617573617220636f6d706c69636163696f6e6573202e3c6272202f3e3c6272202f3e3c2f7370616e3e3c7370616e207469746c653d222a20456e74656e6461206f2066756e63696f6e616d656e746f20646f7320696e74657374696e6f73223e2a20436f6d7072656e64657220656c2066756e63696f6e616d69656e746f206465206c6f7320696e74657374696e6f733c6272202f3e3c2f7370616e3e3c7370616e207469746c653d222a204f2071756520266561637574653b206d266161637574653b20646967657374266174696c64653b6f3f223e2a20266971756573743b5175266561637574653b206573206c6120696e64696765737469266f61637574653b6e203f3c6272202f3e3c6272202f3e3c2f7370616e3e3c7370616e207469746c653d22457374266174696c64653b6f20636572746f73206f73207175652061637265646974616d206e61206c65676974696d6964616465206461206f7264656d206d617465726e612e223e536f6e20616c67756e6f732071756520637265656e20656e206c61206c65676974696d69646164206465206c61206f7264656e206465206c61206d616472652e203c2f7370616e3e3c7370616e207469746c653d224d6173206f20666973696f6c6f676973746120547572266961637574653b62696f204c656974652c20636f6f7264656e61646f7220646f2043454d414645202843656e74726f206465204d65646963696e61206461204174697669646164652046266961637574653b73696361206520646f204573706f7274652920646120556e69766572736964616465204665646572616c2064652053266174696c64653b6f205061756c6f2c206578706c69636120717565206f2070726f626c656d61206e266174696c64653b6f20266561637574653b20736f6d656e7465206e616461722c20652073696d207175616c71756572207469706f206465206174697669646164652066266961637574653b73696361206170266f61637574653b732061732072656665692663636564696c3b266f74696c64653b65732e223e5065726f20656c2066697369266f61637574653b6c6f676f20546f726962696f204c656974652c2043454d41464520496e67656e6965726f20282043656e74726f204d266561637574653b6469636f206465206c61204163746976696461642046266961637574653b73696361207920656c204465706f72746520292c206c6120556e697665727369646164204665646572616c2064652053266174696c64653b6f205061756c6f2c206578706c6963612071756520656c2070726f626c656d61206e6f2065732073266f61637574653b6c6f206e61646172202c207065726f206375616c7175696572207469706f206465206163746976696461642066266961637574653b73696361206465737075266561637574653b73206465206c617320636f6d69646173202e203c2f7370616e3e3c7370616e207469746c653d22266c6471756f3b5175616e646f2068266161637574653b20616c696d656e746f20706172612073657220646967657269646f2c206f20657374266f636972633b6d61676f2070726563697361207265636562657220666c75786f2073616e6775266961637574653b6e656f2c206d617320616f2066617a6572206578657263266961637574653b63696f732c206f206f7267616e69736d6f2070617373612061207072696f72697a61722061206469737472696275692663636564696c3b266174696c64653b6f20646f2073616e6775652070617261206f73206d267561637574653b7363756c6f732c2064656978616e646f206f20657374266f636972633b6d61676f206465206c61646f26726471756f3b2e223e22204375616e646f2068617920616c696d656e746f20706172612073657220646967657269646f202c20656c20657374266f61637574653b6d61676f206e65636573697461207265636962697220656c20666c756a6f2064652073616e677265202c207065726f2068616369656e646f20656a6572636963696f73202c20656c2063756572706f20636f6d69656e7a61206120646172207072696f72696461642061206c612064697374726962756369266f61637574653b6e2064652073616e6772652061206c6f73206d267561637574653b7363756c6f73202c2064656a616e646f206120756e206c61646f20656c20657374266f61637574653b6d61676f202e20223c6272202f3e3c6272202f3e3c2f7370616e3e3c7370616e207469746c653d2241206e7574726963696f6e69737461204d6164616c656e612056616c6c696e6f74692c2064697265746f726120646f2053696e657370202853696e64696361746f206465204e7574726963696f6e6973746173292c206573636c61726563652071756520616f207265616c697a6172206578657263266961637574653b63696f732066266961637574653b7369636f732c206f2073697374656d61206e6572766f736f2073696d70266161637574653b7469636f2028706172746520646f2073697374656d6120617574266f636972633b6e6f6d6f20666f726d61646f2070656c6f2074726f6e636f20646f2063266561637574653b726562726f20652070656c61206d6564756c6120657370696e68616c292070726f64757a20657374266961637574653b6d756c6f73206e6572766f736f73207175652066617a656d20617274266561637574653b72696173206520766569617320736520636f6e747261266961637574653b72656d223e4c61206e7574726963696f6e69737461204d616764616c656e612056616c6c696e6f7469202c206469726563746f722064652053696e6573702028556e69266f61637574653b6e206465204e7574726963696f6e69737461732029202c2061636c61726120717565206375616e646f207365207265616c697a6120656a6572636963696f2066266961637574653b7369636f202c20656c2073697374656d61206e657276696f736f2073696d70266161637574653b7469636f202870617274652064656c2073697374656d61206175746f6e266f61637574653b6d69636f20666f726d61646f20706f7220656c2074726f6e636f2064656c20656e63266561637574653b66616c6f2079206c61206d266561637574653b64756c6120657370696e616c20292070726f6475636520657374266961637574653b6d756c6f73206e657276696f736f732071756520686163656e20717565206c61732061727465726961732079206c61732076656e617320736520636f6e7472616967616e203c2f7370616e3e3c7370616e207469746c653d222c206d6f76696d656e746f20636f6e68656369646f20636f6d6f207661736f636f6e737472692663636564696c3b266174696c64653b6f2e223e6d6f76696d69656e746f20636f6e6f6369646f20636f6d6f206c61207661736f636f6e73747269636369266f61637574653b6e202e3c6272202f3e3c6272202f3e3c2f7370616e3e3c7370616e207469746c653d22266c6471756f3b45737361207661736f636f6e737472692663636564696c3b266174696c64653b6f2061756d656e74612061207265736973742665636972633b6e63696120646f73207661736f732073616e6775266961637574653b6e656f73206520726564757a206f20666c75786f2064652073616e6775652e223e22204573746f2061756d656e7461206c6120726573697374656e6369612061206c61207661736f636f6e73747269636369266f61637574653b6e206465206c6f73207661736f732073616e6775266961637574653b6e656f7320792072656475636520656c20666c756a6f2073616e6775266961637574653b6e656f202e203c2f7370616e3e3c7370616e207469746c653d224f73206d267561637574653b7363756c6f732071756520657374266174696c64653b6f2073656e646f2074726162616c6861646f732074616d62266561637574653b6d2070617373617269616d206120736572206d656e6f7320697272696761646f732c206d6173206f732073756270726f6475746f73206d65746162266f61637574653b6c69636f7320286164656e6f73696e612c20266961637574653b6f6e7320646520686964726f672665636972633b6e696f2065206469266f61637574653b7869646f20646520636172626f6e6f292070726f64757a69646f73206170266f61637574653b73206120717565696d6120646520656e65726769612063616e63656c616d206573736520636f6d616e646f20652063617573616d207661736f64696c6174612663636564696c3b266174696c64653b6f2c206f2071756520666163696c697461206120706173736167656d2064652073616e67756526726471756f3b2c223e4c6f73206d267561637574653b7363756c6f732071756520736520657374266161637574653b6e2074726162616a616e646f2074616d6269266561637574653b6e20736572266961637574653b616e206d656e6f73206465207265676164266961637574653b6f202c207065726f20656c2073756270726f647563746f73206d65746162266f61637574653b6c69636f732028206164656e6f73696e61202c20696f6e65732064652068696472266f61637574653b67656e6f2079206469266f61637574653b7869646f20646520636172626f6e6f292070726f64756369646f73206465737075266561637574653b73206465206c61207175656d6120646520656e657267266961637574653b612063616e63656c61722065737461206f7264656e20792070726f766f636172207661736f64696c6174616369266f61637574653b6e2c206c6f2071756520666163696c69746120656c207061736f206465206c612073616e6772652022203c2f7370616e3e3c7370616e207469746c653d226578706c6963612056616c6c696e6f74692e223e56616c6c696e6f7469206578706c6963612e3c6272202f3e3c6272202f3e3c2f7370616e3e3c7370616e207469746c653d22417373696d2c2073652061206d61696f7220706172746520646f20636f72706f20657374266161637574653b207265636562656e646f20756d61206d656e736167656d207061726120636f72746172206f20666c75786f2064652073616e6775652065206f73206d267561637574653b7363756c6f7320657374266174696c64653b6f206f6274656e646f206f20636f6d616e646f20706172612061756d656e74617220612064656d616e64612073616e6775266961637574653b6e65612c2074656d2d736520756d20646573657175696c266961637574653b6272696f2e223e506f72206c6f2074616e746f202c207369206c61206d61796f722070617274652064656c2063756572706f2064656c206d656e73616a6520726563696269646f206573207061726120646574656e657220656c20666c756a6f206465206c612073616e677265207920656c206d267561637574653b7363756c6f20736f6e206c61206f6274656e6369266f61637574653b6e20646520636f6d616e646f7320706172612061756d656e746172206c612064656d616e64612064652073616e677265202c2068617920756e20646573657175696c696272696f202e203c2f7370616e3e3c7370616e207469746c653d22266c6471756f3b4f20636f72706f20657374266161637574653b20746972616e646f20646520756d6120706172746520652064616e646f2061206f757472612e223e2220456c2063756572706f20657320756e6120706172746520646520746f6d61722079206461722061206f74726f202e203c2f7370616e3e3c7370616e207469746c653d224361736f206f20657374266f636972633b6d61676f206e266174696c64653b6f20657374656a6120656d20756d206d6f6d656e746f20646520646967657374266174696c64653b6f2c206e266174696c64653b6f2068266161637574653b2070726f626c656d6120616c67756d20656d2072656365626572206d656e6f732073616e67756520706f7220636572746f20706572266961637574653b6f646f26726471756f3b2c20636f6d706c657461204c656974652e223e536920656c20657374266f61637574653b6d61676f206e6f20736520656e6375656e74726120656e20756e206d6f6d656e746f206465206c612064696765737469266f61637574653b6e202c206e6f20686179206e696e67267561637574653b6e2070726f626c656d6120656e2072656369626972206d656e6f732073616e67726520647572616e746520756e2063696572746f20706572266961637574653b6f646f2022202c2061266e74696c64653b616465206c61206c65636865202e3c6272202f3e3c6272202f3e3c2f7370616e3e3c7370616e207469746c653d2241676f72612c20736520766f632665636972633b20616361626f7520646520736520616c696d656e746172206520666f692066617a6572206578657263266961637574653b63696f2066266961637574653b7369636f2c206f2073697374656d6120646967657374266f61637574653b72696f20656f2074726162616c686f206d757363756c6172206573746172266174696c64653b6f20636f6d706574696e646f2070656c6f206d61696f7220666f726e6563696d656e746f2064652073616e6775652e223e41686f7261202c20736920757374656420616361626120646520636f6d65722079206573746162612068616369656e646f20656a6572636963696f2066266961637574653b7369636f202c20656c2073697374656d612064696765737469766f207920656c2074726162616a6f206d757363756c6172206573746172266161637574653b6e20636f6d70697469656e646f20706172612061756d656e74617220656c2073756d696e697374726f2064652073616e677265202e203c2f7370616e3e3c7370616e207469746c653d22436f6d6f20726573756c7461646f2c20616c67756d617320706573736f617320706f64656d2074657220646573636f6e666f72746f2067266161637574653b73747269636f2c207265666c75786f2065206174266561637574653b20766f6d697461722e223e436f6d6f20726573756c7461646f202c20616c67756e617320706572736f6e61732070756564656e2073656e74697220696e636f6d6f646964616420706f7220656c207265666c756a6f2067266161637574653b73747269636f206520696e636c75736f20766f6d697461722e203c2f7370616e3e3c7370616e207469746c653d22266c6471756f3b416c266561637574653b6d20646973736f2c20706f64656d206f636f7272657220632661636972633b696d627261732e223e22506f72206f747261207061727465202c2073652070756564656e2070726f64756369722063616c616d627265732e203c2f7370616e3e3c7370616e207469746c653d22446570656e64656e646f20646120696e74656e7369646164652065207365206f20696e646976266961637574653b64756f2065737469766572206e6120266161637574653b6775612c2068266161637574653b20726973636f2064652061666f67616d656e746f26726471756f3b2c20616669726d612056616c6c696e6f74692e223e446570656e6469656e646f206465206c6120696e74656e7369646164207920656c20696e6469766964756f20657374266161637574653b20656e20656c2061677561202c2065786973746520656c2072696573676f2064652061686f67617273652022202c20646963652056616c6c696e6f7469202e3c6272202f3e3c6272202f3e3c2f7370616e3e3c7370616e207469746c653d22416c696d656e74612663636564696c3b266174696c64653b6f20696465616c223e3c7374726f6e673e416c696d656e746f7320496465616c3c2f7374726f6e673e3c6272202f3e3c6272202f3e3c2f7370616e3e3c7370616e207469746c653d224e266174696c64653b6f20266561637574653b20706f722063617573612064657373617320636f6e736571752665636972633b6e6369617320717565206120616c696d656e74612663636564696c3b266174696c64653b6f20616e746573206461206174697669646164652066266961637574653b736963612064657665207365722070726f69626964612e223e45732064656269646f206120657374617320636f6e73656375656e6369617320717565206c6120636f6d69646120616e746573206465206c61206163746976696461642066266961637574653b736963612064656265207365722070726f6869626964612e203c2f7370616e3e3c7370616e207469746c653d22264561637574653b206661746f20717565206578697374656d206d7569746f73206d69746f73206520636f6e74726f76266561637574653b7273696173206120726573706569746f20646f2074656d612c206d6173206465207175616c71756572206d616e6569726120266561637574653b20696d706f7274616e74652072657373616c7461722071756520756d612072656665692663636564696c3b266174696c64653b6f20666569746120656d20756d6120636875727261736361726961206f7520756d61206665696a6f6164612073266174696c64653b6f20746f74616c6d656e7465206469666572656e74657320646520756d6120616c696d656e74612663636564696c3b266174696c64653b6f20266167726176653b2062617365206465206772656c6861646f2c2073616c6164612065206172726f7a2e223e457320756e20686563686f20717565206578697374656e206d7563686f73206d69746f73207920636f6e74726f7665727369617320736f62726520656c2074656d612c207065726f20646520746f646f73206d6f646f73202c20657320696d706f7274616e74652068616365722068696e63617069266561637574653b20656e2071756520756e6120636f6d69646120746f6d61646120656e20756e20617361646f72206f2066656f20657320746f74616c6d656e7465206469666572656e7465206120756e612064696574612062617361646120656e206c612070617272696c6c61202c20656e73616c6164612079206172726f7a2e3c6272202f3e3c6272202f3e3c2f7370616e3e3c7370616e207469746c653d225265636f6d656e64612d736520636f6d657220706f75636f206520636f6d2066726571752665636972633b6e63696120612066696d20646520666f726e6563657220656e65726769612073656d20736f62726563617272656761722061732066756e2663636564696c3b266f74696c64653b6573206f72672661636972633b6e696361732e223e5365207265636f6d69656e646120636f6d657220706f636f207961206d656e75646f20706172612070726f706f7263696f6e617220656e657267266961637574653b612073696e20736f627265636172676172206c61732066756e63696f6e6573206f7267266161637574653b6e69636173202e203c2f7370616e3e3c7370616e207469746c653d22266c6471756f3b4f20696465616c20266561637574653b20636f6d657220756d20616c696d656e746f206c65766520636f6d20706f75636120676f726475726120652070726f7465266961637574653b6e612c206465207072656665722665636972633b6e636961206c266961637574653b717569646f20287375636f206465206672757461206f75207368616b6573292e223e224c6f20696465616c20657320636f6d657220756e6120636f6d696461206c696765726120636f6e20706f636120677261736120792070726f7465266961637574653b6e61202c20707265666572656e74656d656e7465206c266961637574653b717569646f2028206a75676f20646520667275746173206f2062617469646f732029202e203c2f7370616e3e3c7370616e207469746c653d22446573736120666f726d6120766f632665636972633b20746572266161637574653b20656e65726769612c206d6173206e6164612071756520706f73736120636f6d70726f6d65746572207375617320617469766964616465732e223e446520657361206d616e657261207573746564207469656e65206c6120656e657267266961637574653b612c207065726f206e6f20686179206e6164612071756520707565646120636f6d70726f6d65746572207375732061637469766964616465732e203c2f7370616e3e3c7370616e207469746c653d22536520612072656665692663636564696c3b266174696c64653b6f20666f72206c6576652c20266561637574653b207265636f6d656e6461646f20636f6d6572203430206d696e75746f7320616e746573206465207072266161637574653b7469636173206573706f72746976617326726471756f3b2c20616669726d61204c656974652e223e5369206c6120636f6d696461206573206c6967657261202c207365207265636f6d69656e646120636f6d6572203430206d696e75746f7320616e746573206465206c61207072266161637574653b6374696361206465706f72746976612022202c2064696365204d696c6b2e3c6272202f3e3c6272202f3e3c2f7370616e3e3c7370616e207469746c653d2243686f7175652074266561637574653b726d69636f223e3c7374726f6e673e456c2063686f7175652074266561637574653b726d69636f3c2f7374726f6e673e3c6272202f3e3c6272202f3e3c2f7370616e3e3c7370616e207469746c653d22456e74266174696c64653b6f2c20656e7472617220656d20756d612070697363696e61206d6173206e266174696c64653b6f207265616c697a6172206772616e646573206573666f722663636564696c3b6f73206e266174696c64653b6f207472617a2070726f626c656d61733f223e4173266961637574653b2071756520656e20756e612070697363696e612c207065726f206e6f20686163657220756e206772616e206573667565727a6f206e6f206361757361722070726f626c656d6173203f203c2f7370616e3e3c7370616e207469746c653d224e266174696c64653b6f206e6563657373617269616d656e74652e223e4e6f206e65636573617269616d656e7465202e203c2f7370616e3e3c7370616e207469746c653d224f75747261207175657374266174696c64653b6f206d7569746f2064697363757469646120266561637574653b2061207375736365746962696c696461646520646f20636f72706f20656d20736f667265722063686f7175652074266561637574653b726d69636f206170266f61637574653b7320612072656665692663636564696c3b266174696c64653b6f2e223e4f74726120637565737469266f61637574653b6e206d757920646973637574696461206573206c6120737573636570746962696c696461642064656c2063756572706f2061207375667269722063616d62696f732062727573636f732064652074656d7065726174757261206465737075266561637574653b73206465206c6120636f6d696461202e3c6272202f3e3c6272202f3e3c2f7370616e3e3c7370616e207469746c653d224465706f697320646520636f6d65722c20266561637574653b206e61747572616c20717565206f636f727261206d61696f7220666c75786f2073616e6775266961637574653b6e656f2070617261206f2063656e74726f20646f20636f72706f2c206f6e646520657374266161637574653b206f2073697374656d6120646967657374266f61637574653b72696f2e223e4465737075266561637574653b7320646520636f6d6572202c206573206e61747572616c207175652061756d656e746120656c20666c756a6f2073616e6775266961637574653b6e656f20686163696120656c2063656e74726f2064656c2063756572706f202c20646f6e64652073652070726f6475636520656c2073697374656d612064696765737469766f2e203c2f7370616e3e3c7370616e207469746c653d22266c6471756f3b5365206f20696e646976266961637574653b64756f206d657267756c68617220656d20266161637574653b67756120667269612c20706f6465206f636f727265722063686f7175652074266561637574653b726d69636f2c206f20717565206f636173696f6e61206d61696f7220726571756973692663636564696c3b266174696c64653b6f20646520666c75786f2064652073616e677565207061726120612070656c652c20612066696d20646520636f727269676972206f2063686f7175652e223e22205369202c2073652070756564652070726f647563697220756e20676f6c70652064652063616c6f7220656c207061736f20696e6469766964756f20656e2061677561206672266961637574653b61202c206c6f207175652070726f766f6361206d61796f7220726571756973696369266f61637574653b6e20656c20666c756a6f2064652073616e6772652061206c61207069656c20636f6e20656c2066696e20646520636f72726567697220656c2063686f717565202e203c2f7370616e3e3c7370616e207469746c653d22417373696d2c20646569786120646520657869737469722073616e67756520737566696369656e746520706172612061732064756173206e65636573736964616465732c206120646520646967657374266174696c64653b6f2065612064652061756d656e74617220612074656d70657261747572612064612070656c6526726471756f3b2c206578706c6963612061206e7574726963696f6e697374612e223e506f72206c6f2074616e746f202c207961206e6f2068617920737566696369656e74652070617261206c6f7320646f73206e65636573696461646573202c206c612064696765737469266f61637574653b6e20792061756d656e7461206c612074656d7065726174757261206465206c612073616e677265206465206c61207069656c2022202c206578706c696361206c61206e7574726963696f6e69737461202e3c6272202f3e3c6272202f3e3c2f7370616e3e3c7370616e207469746c653d224f20636f72612663636564696c3b266174696c64653b6f206e266174696c64653b6f20636f6e736567756520626f6d62656172206f2073616e67756520656d2076656c6f63696461646520737566696369656e74652070617261206174656e64657220266167726176653b732064656d616e6461732c206520636f6d6f20636f6e736571752665636972633b6e636961206f20696e646976266961637574653b64756f20706f6465206174266561637574653b206d6f727265722064652063686f717565206869706f766f6c2665636972633b6d69636f202873697475612663636564696c3b266174696c64653b6f20656d20717565206f20266f61637574653b7267266174696c64653b6f73207669746169732064656978616d20646520726563656265722061207175616e7469646164652064652073616e677565206d266961637574653b6e696d612070617261207365752066756e63696f6e616d656e746f292e223e456c20636f72617a266f61637574653b6e206e6f20707565646520626f6d6265617220737566696369656e74652073616e67726520706172612073617469736661636572206c61732064656d616e646173206465206c612076656c6f6369646164202c207920636f6d6f20726573756c7461646f2c20656c20696e6469766964756f207075656465206d6f7269722064652073686f636b206869706f766f6c266561637574653b6d69636f202820656e20656c20717565206c6f7320266f61637574653b7267616e6f7320766974616c6573206e6f207265636962656e206c612063616e7469646164206d266961637574653b6e696d612064652073616e67726520706172612073752066756e63696f6e616d69656e746f2029202e203c2f7370616e3e3c7370616e207469746c653d22266c6471756f3b4573746120266561637574653b20756d6120636f6e736571752665636972633b6e6369612067726176652e223e224573746120657320756e6120677261766520636f6e73656375656e636961202e203c2f7370616e3e3c7370616e207469746c653d22456d20616c67756e73206361736f7320706f6465206861766572206170656e617320756d206c69676569726f206d616c2d65737461722c20636f6d6f20756d6120696e646967657374266174696c64653b6f206f7520266c7371756f3b7061726167656d266c7371756f3b206469676573746976612c2071756520706f646520726573756c74617220656d2076266f636972633b6d69746f73206520756d6120636f6e73657175656e7465206d656c686f726120646f20646573636f6e666f72746f26726471756f3b2c20636f6d706c6574612e223e456e20616c67756e6f73206361736f7320707565646520686162657220756e61206c6967657261206d6f6c657374696120636f6d6f20696e64696765737469266f61637574653b6e206f2064696765737469766f20266c7371756f3b73746f70266c7371756f3b202c2071756520707565646520646172206c7567617220612076266f61637574653b6d69746f732079206c6120636f6e7369677569656e7465206d656a6f7261206465206c6173206d6f6c65737469617320222c2061266e74696c64653b616465202e3c2f7370616e3e3c2f7370616e3e3c2f703e, '1', '2995E89FB4A77E4FB5F56D4991C75850');
INSERT INTO `descricao` (`CODDESCRICAO`, `DTA`, `INGLES`, `PORTUGUES`, `ESPANHOL`, `STATUS`, `OWNER`) VALUES
('8EEFFAC1AB7F2F96119B542276F4DDCA', '2013-11-06 13:46:16', 0x3c703e4170656e61732054657374653c2f703e, 0x3c703e4170656e61732054657374653c2f703e, 0x3c703e4170656e61732054657374653c2f703e, '1', '2995E89FB4A77E4FB5F56D4991C75850'),
('AA73ED97096EFC83027F893E8AE6D9F7', '2013-11-06 14:51:09', 0x3c703e3c7370616e2069643d22726573756c745f626f7822206c616e673d22656e223e3c7370616e207469746c653d22546f646f73206e266f61637574653b73206a266161637574653b20636f6e686563656d6f73206f732065666569746f732061677265737369766f7320646f20736f6c206e61206e6f7373612070656c652c206173206368616d6164617320616772657373266f74696c64653b657320756c74726176696f6c65746120285556292e223e576520616c6c20616c7265616479206b6e6f77207468652068617273682065666665637473206f66207468652073756e206f6e206f757220736b696e202c2063616c6c65642055562061676772657373696f6e7320282055562029202e203c2f7370616e3e3c7370616e207469746c653d224f20736f6c2074656d20612663636564696c3b266f74696c64653b657320696d706f7274616e746573206e6f206f7267616e69736d6f2c20706f72266561637574653b6d2073266f61637574653b207175616e646f207574696c697a61646f20656d20686f72266161637574653b72696f7320616465717561646f73206520636f6d2061206e6563657373266161637574653b7269612070726f74652663636564696c3b266174696c64653b6f2e223e5468652073756e2068617320696d706f7274616e7420616374696f6e7320696e2074686520626f6479202c20627574206f6e6c79207768656e207573656420617420617070726f7072696174652074696d657320616e64207769746820746865206e65636573736172792070726f74656374696f6e202e3c6272202f3e3c6272202f3e3c2f7370616e3e3c7370616e207469746c653d22446573736120666f726d612074656d6f732071756520736162657220646120696d706f72742661636972633b6e63696120646f7320666f746f70726f7465746f726573206520636f6d6f207573266161637574653b2d6c6f7320636f72726574616d656e74652c2070726f746567656e646f2d6e6f73207072696e636970616c6d656e746520646f20632661636972633b6e6365722064652070656c652e223e54687573207765206861766520746f206b6e6f772074686520696d706f7274616e6365206f662073756e73637265656e20616e6420686f7720746f20757365207468656d20636f72726563746c79202c20657370656369616c6c792070726f74656374696e672075732066726f6d20736b696e2063616e636572202e203c2f7370616e3e3c7370616e207469746c653d2245737365732070726f7465746f72657320742665636972633b6d20612066696e616c696461646520646520696d706564697220612072616469612663636564696c3b266174696c64653b6f20756c74726176696f6c65746120646f207469706f20422c206d61696f7220726573706f6e73266161637574653b76656c2070656c617320717565696d6164757261732064612070656c652e223e54686573652070726f746563746f7273206172652064657369676e656420746f2070726576656e7420756c74726176696f6c657420747970652042202c206d6f737420726573706f6e7369626c6520666f7220736b696e206275726e73202e203c2f7370616e3e3c7370616e207469746c653d224f206368616d61646f206661746f722064652070726f74652663636564696c3b266174696c64653b6f20736f6c617220696e64696361206f2074656d706f206465206578706f73692663636564696c3b266174696c64653b6f2061206d6169732071756520612070656c65207375706f72746120646f207175652073656d2070726f74652663636564696c3b266174696c64653b6f2e223e54686520736f2d63616c6c65642073756e2070726f74656374696f6e20666163746f7220696e64696361746573207468652074696d65206f66206578706f7375726520746f2074686520736b696e206d6f726520737570706f7274207468616e20776974686f75742070726f74656374696f6e2e203c2f7370616e3e3c7370616e207469746c653d224e266f61637574653b73206a266161637574653b207375676572696d6f7320717565206f7320686f72266161637574653b72696f207061726120746f6d617220736f6c2073266174696c64653b6f20696d706f7274616e7465733a20616e7465732064617320313020686f726173206461206d616e68266174696c64653b2065206170266f61637574653b7320313620686f7261732e223e57652068617665207375676765737465642074686174207468652074696d6520666f722073756e2061726520696d706f7274616e74203a206265666f726520313020616d20616e6420616674657220313620686f7572732e3c6272202f3e3c6272202f3e3c2f7370616e3e3c7370616e207469746c653d22264561637574653b206e6563657373266161637574653b72696f2073266f61637574653b20757361722066696c74726f7320736f6c6172657320636f6d2070726f74652663636564696c3b266174696c64653b6f20465053203135206e6f20636f72706f20636f6d20616e74656365642665636972633b6e636961206465206d65696120686f72612c206520726561706c6963266161637574653b2d6c6f7320612063616461203220686f726173206f75207175616e646f20746f6d61722062616e686f206465206d6172206f752070697363696e612e223e596f75206d757374206f6e6c79207573652073756e73637265656e732077697468205350462031352070726f74656374696f6e20696e2074686520626f64792068616c6620616e20686f757220696e20616476616e6365202c20616e642072656170706c79206974206576657279203220686f757273206f72207768656e20796f7520626174686520696e2074686520736561206f7220706f6f6c2e203c2f7370616e3e3c7370616e207469746c653d2241206f6273657276612663636564696c3b266174696c64653b6f20646f207469706f2064652066696c74726f20736f6c61722c206f20736575206661746f722064652070726f74652663636564696c3b266174696c64653b6f2c20612073756120636170616369646164652064652070726f74652663636564696c3b266174696c64653b6f206e612070726573656e2663636564696c3b6120646f20736f6c2c2073266174696c64653b6f206661746f726573207061726120736572656d20636f6e74726f6c61646f732e223e546865206f62736572766174696f6e206f66207468652074797065206f662073756e73637265656e202c20796f75722070726f7465637469766520666163746f72202c20697473206162696c69747920746f2070726f7465637420696e207468652070726573656e6365206f66207468652073756e202c2061726520666163746f727320746f20626520636f6e74726f6c6c6564202e3c6272202f3e3c6272202f3e3c2f7370616e3e3c7370616e207469746c653d22546f64617320657373617320737567657374266f74696c64653b657320766973616d2070726576656e697220617320726570657263757373266f74696c64653b6573206e6f6369766173206461206578706f73692663636564696c3b266174696c64653b6f20616f20736f6c2c207175652076266174696c64653b6f206465736465206d616e63686173206e612070656c65206174266561637574653b2064616e6f73206e6f73207661736f7320717565206c6576616d20616f20632661636972633b6e6365722064652070656c652e223e416c6c2074686573652073756767657374696f6e732061726520696e74656e64656420746f2070726576656e7420746865206861726d66756c2065666665637473206f662073756e206578706f73757265202c2072616e67696e672066726f6d20736b696e207061746368657320746f2064616d616765207468652076657373656c732074686174206c65616420746f20736b696e2063616e636572202e3c6272202f3e3c6272202f3e3c2f7370616e3e3c7370616e207469746c653d224170726f7665697465206f20766572266174696c64653b6f2c206d6173206e266174696c64653b6f206172726973717565206e61206578706f73692663636564696c3b266174696c64653b6f20696e616465717561646120266167726176653b2072616469612663636564696c3b266174696c64653b6f20736f6c61722e223e456e6a6f79207468652073756d6d6572202c2062757420646f206e6f74207269736b2074686520696e6164657175617465206578706f7375726520746f20736f6c617220726164696174696f6e202e3c2f7370616e3e3c2f7370616e3e3c2f703e, 0x3c703e266e6273703b266e6273703b266e6273703b20546f646f73206e266f61637574653b73206a266161637574653b20636f6e686563656d6f73206f732065666569746f732061677265737369766f7320646f20736f6c206e61206e6f7373612070656c652c206173206368616d6164617320616772657373266f74696c64653b657320756c74726176696f6c65746120285556292e204f20736f6c2074656d20612663636564696c3b266f74696c64653b657320696d706f7274616e746573206e6f206f7267616e69736d6f2c20706f72266561637574653b6d2073266f61637574653b207175616e646f207574696c697a61646f20656d20686f72266161637574653b72696f7320616465717561646f73206520636f6d2061206e6563657373266161637574653b7269612070726f74652663636564696c3b266174696c64653b6f2e3c6272202f3e3c6272202f3e446573736120666f726d612074656d6f732071756520736162657220646120696d706f72742661636972633b6e63696120646f7320666f746f70726f7465746f726573206520636f6d6f207573266161637574653b2d6c6f7320636f72726574616d656e74652c2070726f746567656e646f2d6e6f73207072696e636970616c6d656e746520646f20632661636972633b6e6365722064652070656c652e2045737365732070726f7465746f72657320742665636972633b6d20612066696e616c696461646520646520696d706564697220612072616469612663636564696c3b266174696c64653b6f20756c74726176696f6c65746120646f207469706f20422c206d61696f7220726573706f6e73266161637574653b76656c2070656c617320717565696d6164757261732064612070656c652e204f206368616d61646f206661746f722064652070726f74652663636564696c3b266174696c64653b6f20736f6c617220696e64696361206f2074656d706f206465206578706f73692663636564696c3b266174696c64653b6f2061206d6169732071756520612070656c65207375706f72746120646f207175652073656d2070726f74652663636564696c3b266174696c64653b6f2e204e266f61637574653b73206a266161637574653b207375676572696d6f7320717565206f7320686f72266161637574653b72696f207061726120746f6d617220736f6c2073266174696c64653b6f20696d706f7274616e7465733a20616e7465732064617320313020686f726173206461206d616e68266174696c64653b2065206170266f61637574653b7320313620686f7261732e3c6272202f3e3c6272202f3e264561637574653b206e6563657373266161637574653b72696f2073266f61637574653b20757361722066696c74726f7320736f6c6172657320636f6d2070726f74652663636564696c3b266174696c64653b6f20465053203135206e6f20636f72706f20636f6d20616e74656365642665636972633b6e636961206465206d65696120686f72612c206520726561706c6963266161637574653b2d6c6f7320612063616461203220686f726173206f75207175616e646f20746f6d61722062616e686f206465206d6172206f752070697363696e612e2041206f6273657276612663636564696c3b266174696c64653b6f20646f207469706f2064652066696c74726f20736f6c61722c206f20736575206661746f722064652070726f74652663636564696c3b266174696c64653b6f2c20612073756120636170616369646164652064652070726f74652663636564696c3b266174696c64653b6f206e612070726573656e2663636564696c3b6120646f20736f6c2c2073266174696c64653b6f206661746f726573207061726120736572656d20636f6e74726f6c61646f732e3c6272202f3e3c6272202f3e546f64617320657373617320737567657374266f74696c64653b657320766973616d2070726576656e697220617320726570657263757373266f74696c64653b6573206e6f6369766173206461206578706f73692663636564696c3b266174696c64653b6f20616f20736f6c2c207175652076266174696c64653b6f206465736465206d616e63686173206e612070656c65206174266561637574653b2064616e6f73206e6f73207661736f7320717565206c6576616d20616f20632661636972633b6e6365722064652070656c652e3c6272202f3e3c6272202f3e4170726f7665697465206f20766572266174696c64653b6f2c206d6173206e266174696c64653b6f206172726973717565206e61206578706f73692663636564696c3b266174696c64653b6f20696e616465717561646120266167726176653b2072616469612663636564696c3b266174696c64653b6f20736f6c61722e3c2f703e, 0x3c703e3c7370616e2069643d22726573756c745f626f7822206c616e673d226573223e3c7370616e207469746c653d22546f646f73206e266f61637574653b73206a266161637574653b20636f6e686563656d6f73206f732065666569746f732061677265737369766f7320646f20736f6c206e61206e6f7373612070656c652c206173206368616d6164617320616772657373266f74696c64653b657320756c74726176696f6c65746120285556292e223e546f646f7320796120736162656d6f73206c6f73206475726f732065666563746f732064656c20736f6c20656e206e756573747261207069656c202c206c6c616d616461206167726573696f6e6573205556202855562029202e203c2f7370616e3e3c7370616e207469746c653d224f20736f6c2074656d20612663636564696c3b266f74696c64653b657320696d706f7274616e746573206e6f206f7267616e69736d6f2c20706f72266561637574653b6d2073266f61637574653b207175616e646f207574696c697a61646f20656d20686f72266161637574653b72696f7320616465717561646f73206520636f6d2061206e6563657373266161637574653b7269612070726f74652663636564696c3b266174696c64653b6f2e223e456c20736f6c207469656e6520616363696f6e657320696d706f7274616e74657320656e20656c2063756572706f202c207065726f2073266f61637574653b6c6f206375616e646f2073652075736120656e20656c206d6f6d656e746f20616465637561646f207920636f6e206c612070726f7465636369266f61637574653b6e206e65636573617269612e3c6272202f3e3c6272202f3e3c2f7370616e3e3c7370616e207469746c653d22446573736120666f726d612074656d6f732071756520736162657220646120696d706f72742661636972633b6e63696120646f7320666f746f70726f7465746f726573206520636f6d6f207573266161637574653b2d6c6f7320636f72726574616d656e74652c2070726f746567656e646f2d6e6f73207072696e636970616c6d656e746520646f20632661636972633b6e6365722064652070656c652e223e506f72206c6f2074616e746f202c2074656e656d6f7320717565207361626572206c6120696d706f7274616e636961206465206c612070726f7465636369266f61637574653b6e20736f6c617220792063266f61637574653b6d6f207574696c697a61726c617320636f7272656374616d656e7465202c20736f62726520746f646f20717565206e6f732070726f746567652064652063266161637574653b6e636572206465207069656c2e203c2f7370616e3e3c7370616e207469746c653d2245737365732070726f7465746f72657320742665636972633b6d20612066696e616c696461646520646520696d706564697220612072616469612663636564696c3b266174696c64653b6f20756c74726176696f6c65746120646f207469706f20422c206d61696f7220726573706f6e73266161637574653b76656c2070656c617320717565696d6164757261732064612070656c652e223e4573746f732070726f746563746f72657320657374266161637574653b6e2064697365266e74696c64653b61646f7320706172612070726576656e697220656c207469706f20756c74726176696f6c65746120422c207072696e636970616c657320726573706f6e7361626c6573206465206c6173207175656d616475726173206465206c61207069656c2e203c2f7370616e3e3c7370616e207469746c653d224f206368616d61646f206661746f722064652070726f74652663636564696c3b266174696c64653b6f20736f6c617220696e64696361206f2074656d706f206465206578706f73692663636564696c3b266174696c64653b6f2061206d6169732071756520612070656c65207375706f72746120646f207175652073656d2070726f74652663636564696c3b266174696c64653b6f2e223e456c206c6c616d61646f20666163746f722064652070726f7465636369266f61637574653b6e20736f6c617220696e6469636120656c207469656d706f206465206578706f73696369266f61637574653b6e2061206c61207069656c206d266161637574653b732061706f796f207175652073696e2070726f7465636369266f61637574653b6e2e203c2f7370616e3e3c7370616e207469746c653d224e266f61637574653b73206a266161637574653b207375676572696d6f7320717565206f7320686f72266161637574653b72696f207061726120746f6d617220736f6c2073266174696c64653b6f20696d706f7274616e7465733a20616e7465732064617320313020686f726173206461206d616e68266174696c64653b2065206170266f61637574653b7320313620686f7261732e223e48656d6f7320737567657269646f2071756520656c207469656d706f207061726120656c20736f6c20736f6e20696d706f7274616e746573203a20616e746573206465206c6173203130206465206c61206d61266e74696c64653b616e612079206465737075266561637574653b7320646520313620686f7261732e3c6272202f3e3c6272202f3e3c2f7370616e3e3c7370616e207469746c653d22264561637574653b206e6563657373266161637574653b72696f2073266f61637574653b20757361722066696c74726f7320736f6c6172657320636f6d2070726f74652663636564696c3b266174696c64653b6f20465053203135206e6f20636f72706f20636f6d20616e74656365642665636972633b6e636961206465206d65696120686f72612c206520726561706c6963266161637574653b2d6c6f7320612063616461203220686f726173206f75207175616e646f20746f6d61722062616e686f206465206d6172206f752070697363696e612e223e53266f61637574653b6c6f2073652064656265207574696c697a61722070726f746563746f72657320736f6c6172657320636f6e205350462031352064652070726f7465636369266f61637574653b6e20656e20656c2063756572706f206d6564696120686f726120646520616e74656c616369266f61637574653b6e2c2079207675656c766120612061706c696361726c6f2063616461203220686f726173206f206375616e646f207465206261266e74696c64653b617320656e20656c206d6172206f206c612070697363696e612e203c2f7370616e3e3c7370616e207469746c653d2241206f6273657276612663636564696c3b266174696c64653b6f20646f207469706f2064652066696c74726f20736f6c61722c206f20736575206661746f722064652070726f74652663636564696c3b266174696c64653b6f2c20612073756120636170616369646164652064652070726f74652663636564696c3b266174696c64653b6f206e612070726573656e2663636564696c3b6120646f20736f6c2c2073266174696c64653b6f206661746f726573207061726120736572656d20636f6e74726f6c61646f732e223e4c61206f6273657276616369266f61637574653b6e2064656c207469706f2064652070726f746563746f7220736f6c6172202c20737520666163746f722064652070726f7465636369266f61637574653b6e202c2073752063617061636964616420706172612070726f746567657220656e2070726573656e6369612064656c20736f6c202c20736f6e20666163746f7265732071756520646562656e2073657220636f6e74726f6c61646f73202e3c6272202f3e3c6272202f3e3c2f7370616e3e3c7370616e207469746c653d22546f64617320657373617320737567657374266f74696c64653b657320766973616d2070726576656e697220617320726570657263757373266f74696c64653b6573206e6f6369766173206461206578706f73692663636564696c3b266174696c64653b6f20616f20736f6c2c207175652076266174696c64653b6f206465736465206d616e63686173206e612070656c65206174266561637574653b2064616e6f73206e6f73207661736f7320717565206c6576616d20616f20632661636972633b6e6365722064652070656c652e223e546f646173206573746173207375676572656e636961732073697276656e20706172612070726576656e6972206c6f732065666563746f73206e6f6369766f73206465206c61206578706f73696369266f61637574653b6e20616c20736f6c202c207175652076616e206465736465206c6f732070617263686573206465207069656c206465206461266e74696c64653b6172206c6f73207661736f732073616e6775266961637574653b6e656f732071756520636f6e647563656e20616c2063266161637574653b6e636572206465207069656c2e3c6272202f3e3c6272202f3e3c2f7370616e3e3c7370616e207469746c653d224170726f7665697465206f20766572266174696c64653b6f2c206d6173206e266174696c64653b6f206172726973717565206e61206578706f73692663636564696c3b266174696c64653b6f20696e616465717561646120266167726176653b2072616469612663636564696c3b266174696c64653b6f20736f6c61722e223e44697366727574652064656c20766572616e6f202c207065726f206e6f207365206172726965736775652061206c61206578706f73696369266f61637574653b6e20696e61646563756164612061206c612072616469616369266f61637574653b6e20736f6c61722e3c2f7370616e3e3c2f7370616e3e3c2f703e, '1', '2995E89FB4A77E4FB5F56D4991C75850'),
('668936C98E99632E59D0B7E670128FBC', '2013-11-11 12:35:46', '', '', '', '1', '2995E89FB4A77E4FB5F56D4991C75850'),
('B66B411F1780AE7309712B48C3E6D21C', '2013-11-11 12:36:36', '', '', '', '1', '2995E89FB4A77E4FB5F56D4991C75850'),
('BEEE8126865D0CD0BE814B86A844E308', '2013-11-11 13:26:23', 0x3c703e3c7370616e2069643d22726573756c745f626f7822206c616e673d22656e223e3c7370616e20636c6173733d22687073223e57652077696c6c20626520706572666f726d696e673c2f7370616e3e203c7370616e20636c6173733d22687073223e61206269672070617274793c2f7370616e3e3c7370616e3e2c3c2f7370616e3e203c7370616e20636c6173733d22687073223e7769746820636f6e63657274733c2f7370616e3e3c7370616e3e2c206a6f793c2f7370616e3e3c7370616e3e2c3c2f7370616e3e203c7370616e20636c6173733d22687073223e7479706963616c206275666665743c2f7370616e3e203c7370616e20636c6173733d22687073223e696e3c2f7370616e3e203c7370616e20636c6173733d22687073223e656d656469612663636564696c3b266f74696c64653b65733c2f7370616e3e203c7370616e20636c6173733d22687073223e686f74656c3c2f7370616e3e203c7370616e20636c6173733d22687073223e6e6561723c2f7370616e3e203c7370616e20636c6173733d22687073223e7468652062656163683c2f7370616e3e3c7370616e3e2e3c2f7370616e3e3c2f7370616e3e3c2f703e, 0x3c703e4573746172656d6f73207265616c697a616e646f20756d61206772616e64652066657374612c20636f6d2073686f77732c20616c65677269612c206275666665742074266961637574653b7069636f206e617320656d656469612663636564696c3b266f74696c64653b657320646f20686f74656c207072266f61637574653b78696d6f20612070726169612e3c2f703e, 0x3c703e3c7370616e2069643d22726573756c745f626f7822206c616e673d226573223e3c7370616e20636c6173733d22687073223e56616d6f732061207265616c697a61723c2f7370616e3e203c7370616e20636c6173733d22687073223e756e61206772616e206669657374613c2f7370616e3e3c7370616e3e2c20636f6e20636f6e63696572746f733c2f7370616e3e3c7370616e3e2c20616c656772266961637574653b612c3c2f7370616e3e203c7370616e20636c6173733d22687073223e74266961637574653b7069636f3c2f7370616e3e203c7370616e20636c6173733d22687073223e62756666657420656e3c2f7370616e3e203c7370616e20636c6173733d22687073223e656d656469612663636564696c3b266f74696c64653b65733c2f7370616e3e203c7370616e20636c6173733d22687073223e686f74656c206365726361206465206c613c2f7370616e3e203c7370616e20636c6173733d22687073223e706c6179612e3c2f7370616e3e3c2f7370616e3e3c2f703e, '1', '2995E89FB4A77E4FB5F56D4991C75850'),
('A6694370EF615495BBD3B2E86DA0610B', '2013-11-11 13:28:04', 0x3c703e3c7370616e2069643d22726573756c745f626f7822206c616e673d22656e223e3c7370616e207469746c653d224361726f7320616d69676f732c206f20636f6d70726f6d6574696d656e746f20656e7472652061732065717569706573206f66657265636520756d6120696e746572657373616e7465206f706f7274756e696461646520706172612076657269666963612663636564696c3b266174696c64653b6f20646f20696e76657374696d656e746f20656d2072656369636c6167656d2074266561637574653b636e6963612e223e4465617220667269656e6473202c2074686520636f6d70726f6d697365206265747765656e20746865207465616d73206f666665727320616e20696e746572657374696e67206f70706f7274756e69747920746f20636865636b2074686520696e766573746d656e7420696e2072656379636c696e6720746563686e6f6c6f67792e203c2f7370616e3e3c7370616e207469746c653d22506f72206f7574726f206c61646f2c206120686567656d6f6e696120646f20616d6269656e746520706f6c266961637574653b7469636f20706f6465206e6f73206c65766172206120636f6e7369646572617220612072656573747275747572612663636564696c3b266174696c64653b6f20646f732072656c6163696f6e616d656e746f732076657274696361697320656e7472652061732068696572617271756961732e223e4f6e20746865206f746865722068616e64202c2074686520686567656d6f6e79206f662074686520706f6c69746963616c20656e7669726f6e6d656e742063616e206c65616420757320746f20636f6e7369646572207468652072657374727563747572696e67206f662074686520766572746963616c2072656c6174696f6e7368697073206265747765656e20746865206869657261726368696573202e203c2f7370616e3e3c7370616e207469746c653d2241696e646120617373696d2c206578697374656d2064267561637574653b7669646173206120726573706569746f20646520636f6d6f2061206372657363656e746520696e666c752665636972633b6e636961206461206d266961637574653b646961206167726567612076616c6f7220616f206573746162656c6563696d656e746f20646f2073697374656d61206465207061727469636970612663636564696c3b266174696c64653b6f20676572616c2e223e5374696c6c202c20746865726520617265207175657374696f6e732061626f757420686f77207468652067726f77696e6720696e666c75656e6365206f6620746865206d6564696120616464732076616c756520746f207468652065737461626c6973686d656e74206f66207468652073797374656d206f662067656e6572616c2070617274696369706174696f6e202e203c2f7370616e3e3c7370616e207469746c653d2241207072266161637574653b7469636120636f74696469616e612070726f76612071756520612065737472757475726120617475616c206461206f7267616e697a612663636564696c3b266174696c64653b6f20617578696c6961206120707265706172612663636564696c3b266174696c64653b6f20656120636f6d706f73692663636564696c3b266174696c64653b6f20646f207265746f726e6f20657370657261646f2061206c6f6e676f207072617a6f2e223e546865206461696c792070726163746963652070726f7665732074686174207468652063757272656e7420737472756374757265206f6620746865206f7267616e697a6174696f6e206173736973747320746865207072657061726174696f6e20616e6420636f6d706f736974696f6e206f6620746865206c6f6e67202d7465726d2065787065637465642072657475726e202e203c2f7370616e3e3c7370616e207469746c653d22446f206d65736d6f206d6f646f2c20612065786563752663636564696c3b266174696c64653b6f20646f7320706f6e746f7320646f2070726f6772616d61206d6178696d697a6120617320706f73736962696c69646164657320706f7220636f6e746120646f20696d706163746f206e61206167696c6964616465206465636973266f61637574653b7269612e223e53696d696c61726c79202c2074686520657865637574696f6e206f662070726f6772616d20706f696e7473206d6178696d697a65732074686520706f73736962696c69746965732062656361757365206f662074686520696d70616374206f6e206465636973696f6e2d6d616b696e67206167696c697479202e3c6272202f3e3c6272202f3e266e6273703b266e6273703b266e6273703b266e6273703b266e6273703b266e6273703b266e6273703b266e6273703b266e6273703b266e6273703b3c2f7370616e3e3c7370616e207469746c653d224e657374652073656e7469646f2c20612061646f2663636564696c3b266174696c64653b6f20646520706f6c266961637574653b74696361732064657363656e7472616c697a61646f7261732066617a20706172746520646520756d2070726f636573736f20646520676572656e6369616d656e746f20646f2072656d616e656a616d656e746f20646f732071756164726f732066756e63696f6e6169732e223e496e20746869732073656e7365202c207468652061646f7074696f6e206f6620646563656e7472616c697a6174696f6e20706f6c69636965732069732070617274206f6620612070726f63657373206d616e6167656d656e742072656c6f636174696f6e206f6620737461666673202e203c2f7370616e3e3c7370616e207469746c653d224e756e636120266561637574653b2064656d616973206c656d62726172206f207065736f20656f207369676e6966696361646f206465737465732070726f626c656d61732c20756d612076657a20717565206f20636f6e73656e736f20736f6272652061206e65636573736964616465206465207175616c69666963612663636564696c3b266174696c64653b6f20726570726573656e746120756d6120616265727475726120706172612061206d656c686f72696120646f2073697374656d6120646520666f726d612663636564696c3b266174696c64653b6f2064652071756164726f732071756520636f72726573706f6e646520266167726176653b73206e65636573736964616465732e223e497420697320776f7274682072656d656d626572696e67207468652077656967687420616e64207369676e69666963616e6365206f662074686573652070726f626c656d73202c2073696e63652074686520636f6e73656e737573206f6e20746865206e65656420666f72207175616c696669636174696f6e20697320616e206f70656e696e6720666f722074686520696d70726f76656d656e74206f66207468652073797374656d206f6620737461666620747261696e696e672074686174206d6565747320746865206e65656473202e203c2f7370616e3e3c7370616e207469746c653d224e6f20656e74616e746f2c206e266174696c64653b6f20706f64656d6f732065737175656365722071756520612064657465726d696e612663636564696c3b266174696c64653b6f20636c617261206465206f626a657469766f73206f6273746163756c697a61206120617072656369612663636564696c3b266174696c64653b6f20646120696d706f72742661636972633b6e63696120646f20666c75786f20646520696e666f726d612663636564696c3b266f74696c64653b65732e223e486f7765766572202c207765206d757374206e6f7420666f7267657420746861742074686520636c65617220646566696e6974696f6e206f66206f626a656374697665732068696e646572732074686520617070726563696174696f6e206f662074686520696d706f7274616e6365206f6620696e666f726d6174696f6e20666c6f77202e3c6272202f3e3c6272202f3e266e6273703b266e6273703b266e6273703b266e6273703b266e6273703b266e6273703b266e6273703b266e6273703b266e6273703b266e6273703b3c2f7370616e3e3c7370616e207469746c653d22476f73746172696120646520656e666174697a617220717565206f20656e74656e64696d656e746f20646173206d657461732070726f706f7374617320616361727265746120756d2070726f636573736f206465207265666f726d756c612663636564696c3b266174696c64653b6f2065206d6f6465726e697a612663636564696c3b266174696c64653b6f2064617320706f73747572617320646f7320266f61637574653b7267266174696c64653b6f73206469726967656e74657320636f6d2072656c612663636564696c3b266174696c64653b6f20266167726176653b73207375617320617472696275692663636564696c3b266f74696c64653b65732e223e4920776f756c64206c696b6520746f20656d70686173697a6520746861742074686520756e6465727374616e64696e67206f66207468652070726f706f73656420676f616c7320656e7461696c7320612070726f63657373206f66207265666f726d20616e64206d6f6465726e697a6174696f6e206f662074686520706f737475726573206f662074686520676f7665726e696e6720626f6469657320696e2072656c6174696f6e20746f20746865697220647574696573202e203c2f7370616e3e3c7370616e207469746c653d224e266174696c64653b6f206f627374616e74652c206f20696e266961637574653b63696f2064612061746976696461646520676572616c20646520666f726d612663636564696c3b266174696c64653b6f20646520617469747564657320676172616e7465206120636f6e7472696275692663636564696c3b266174696c64653b6f20646520756d20677275706f20696d706f7274616e7465206e612064657465726d696e612663636564696c3b266174696c64653b6f20646520746f646f73206f73207265637572736f732066756e63696f6e61697320656e766f6c7669646f732e223e4e657665727468656c657373202c2074686520626567696e6e696e67206f66207468652067656e6572616c206163746976697479206f6620617474697475646520666f726d6174696f6e20656e73757265732074686520636f6e747269627574696f6e206f6620616e20696d706f7274616e742067726f757020696e207468652064657465726d696e6174696f6e206f6620616c6c207468652066756e6374696f6e616c20666561747572657320696e766f6c766564202e203c2f7370616e3e3c7370616e207469746c653d2241206e266961637574653b76656c206f7267616e697a6163696f6e616c2c206f2064657361666961646f722063656e266161637574653b72696f20676c6f62616c697a61646f2061696e6461206e266174696c64653b6f2064656d6f6e7374726f7520636f6e76696e63656e74656d656e746520717565207661692070617274696369706172206e61206d7564616e2663636564696c3b612064617320646972652663636564696c3b266f74696c64653b657320707265666572656e6369616973206e6f2073656e7469646f20646f2070726f67726573736f2e223e417420746865206f7267616e697a6174696f6e616c206c6576656c202c20746865206368616c6c656e67696e6720676c6f62616c207363656e6172696f20686173206e6f74207965742064656d6f6e7374726174656420636f6e76696e63696e676c7920746861742077696c6c20706172746963697061746520696e20746865206368616e6765206f662070726566657272656420646972656374696f6e7320746f77617264732070726f6772657373202e203c2f7370616e3e3c7370616e207469746c653d224f206375696461646f20656d206964656e7469666963617220706f6e746f73206372266961637574653b7469636f73206e6120636f6e736f6c6964612663636564696c3b266174696c64653b6f2064617320657374727574757261732074616c76657a2076656e686120612072657373616c74617220612072656c6174697669646164652064617320646972657472697a657320646520646573656e766f6c76696d656e746f2070617261206f2066757475726f2e223e4361726520746f206964656e7469667920637269746963616c20706f696e747320696e2074686520636f6e736f6c69646174696f6e206f662074686520737472756374757265732077696c6c207065726861707320656d70686173697a65207468652072656c61746976697479206f6620646576656c6f706d656e742067756964656c696e657320666f722074686520667574757265202e3c2f7370616e3e3c2f7370616e3e3c2f703e, 0x3c703e266e6273703b4361726f7320616d69676f732c206f20636f6d70726f6d6574696d656e746f20656e7472652061732065717569706573206f66657265636520756d6120696e746572657373616e7465206f706f7274756e696461646520706172612076657269666963612663636564696c3b266174696c64653b6f20646f20696e76657374696d656e746f20656d2072656369636c6167656d2074266561637574653b636e6963612e20506f72206f7574726f206c61646f2c206120686567656d6f6e696120646f20616d6269656e746520706f6c266961637574653b7469636f20706f6465206e6f73206c65766172206120636f6e7369646572617220612072656573747275747572612663636564696c3b266174696c64653b6f20646f732072656c6163696f6e616d656e746f732076657274696361697320656e7472652061732068696572617271756961732e2041696e646120617373696d2c206578697374656d2064267561637574653b7669646173206120726573706569746f20646520636f6d6f2061206372657363656e746520696e666c752665636972633b6e636961206461206d266961637574653b646961206167726567612076616c6f7220616f206573746162656c6563696d656e746f20646f2073697374656d61206465207061727469636970612663636564696c3b266174696c64653b6f20676572616c2e2041207072266161637574653b7469636120636f74696469616e612070726f76612071756520612065737472757475726120617475616c206461206f7267616e697a612663636564696c3b266174696c64653b6f20617578696c6961206120707265706172612663636564696c3b266174696c64653b6f2065206120636f6d706f73692663636564696c3b266174696c64653b6f20646f207265746f726e6f20657370657261646f2061206c6f6e676f207072617a6f2e20446f206d65736d6f206d6f646f2c20612065786563752663636564696c3b266174696c64653b6f20646f7320706f6e746f7320646f2070726f6772616d61206d6178696d697a6120617320706f73736962696c69646164657320706f7220636f6e746120646f20696d706163746f206e61206167696c6964616465206465636973266f61637574653b7269612e3c6272202f3e3c6272202f3e266e6273703b266e6273703b266e6273703b266e6273703b266e6273703b266e6273703b266e6273703b266e6273703b266e6273703b204e657374652073656e7469646f2c20612061646f2663636564696c3b266174696c64653b6f20646520706f6c266961637574653b74696361732064657363656e7472616c697a61646f7261732066617a20706172746520646520756d2070726f636573736f20646520676572656e6369616d656e746f20646f2072656d616e656a616d656e746f20646f732071756164726f732066756e63696f6e6169732e204e756e636120266561637574653b2064656d616973206c656d62726172206f207065736f2065206f207369676e6966696361646f206465737465732070726f626c656d61732c20756d612076657a20717565206f20636f6e73656e736f20736f6272652061206e65636573736964616465206465207175616c69666963612663636564696c3b266174696c64653b6f20726570726573656e746120756d6120616265727475726120706172612061206d656c686f72696120646f2073697374656d6120646520666f726d612663636564696c3b266174696c64653b6f2064652071756164726f732071756520636f72726573706f6e646520266167726176653b73206e65636573736964616465732e204e6f20656e74616e746f2c206e266174696c64653b6f20706f64656d6f732065737175656365722071756520612064657465726d696e612663636564696c3b266174696c64653b6f20636c617261206465206f626a657469766f73206f6273746163756c697a61206120617072656369612663636564696c3b266174696c64653b6f20646120696d706f72742661636972633b6e63696120646f20666c75786f20646520696e666f726d612663636564696c3b266f74696c64653b65732e3c6272202f3e3c6272202f3e266e6273703b266e6273703b266e6273703b266e6273703b266e6273703b266e6273703b266e6273703b266e6273703b266e6273703b20476f73746172696120646520656e666174697a617220717565206f20656e74656e64696d656e746f20646173206d657461732070726f706f7374617320616361727265746120756d2070726f636573736f206465207265666f726d756c612663636564696c3b266174696c64653b6f2065206d6f6465726e697a612663636564696c3b266174696c64653b6f2064617320706f73747572617320646f7320266f61637574653b7267266174696c64653b6f73206469726967656e74657320636f6d2072656c612663636564696c3b266174696c64653b6f20266167726176653b73207375617320617472696275692663636564696c3b266f74696c64653b65732e204e266174696c64653b6f206f627374616e74652c206f20696e266961637574653b63696f2064612061746976696461646520676572616c20646520666f726d612663636564696c3b266174696c64653b6f20646520617469747564657320676172616e7465206120636f6e7472696275692663636564696c3b266174696c64653b6f20646520756d20677275706f20696d706f7274616e7465206e612064657465726d696e612663636564696c3b266174696c64653b6f20646520746f646f73206f73207265637572736f732066756e63696f6e61697320656e766f6c7669646f732e2041206e266961637574653b76656c206f7267616e697a6163696f6e616c2c206f2064657361666961646f722063656e266161637574653b72696f20676c6f62616c697a61646f2061696e6461206e266174696c64653b6f2064656d6f6e7374726f7520636f6e76696e63656e74656d656e746520717565207661692070617274696369706172206e61206d7564616e2663636564696c3b612064617320646972652663636564696c3b266f74696c64653b657320707265666572656e6369616973206e6f2073656e7469646f20646f2070726f67726573736f2e204f206375696461646f20656d206964656e7469666963617220706f6e746f73206372266961637574653b7469636f73206e6120636f6e736f6c6964612663636564696c3b266174696c64653b6f2064617320657374727574757261732074616c76657a2076656e686120612072657373616c74617220612072656c6174697669646164652064617320646972657472697a657320646520646573656e766f6c76696d656e746f2070617261206f2066757475726f2e3c2f703e, 0x3c703e3c7370616e2069643d22726573756c745f626f7822206c616e673d226573223e3c7370616e207469746c653d224361726f7320616d69676f732c206f20636f6d70726f6d6574696d656e746f20656e7472652061732065717569706573206f66657265636520756d6120696e746572657373616e7465206f706f7274756e696461646520706172612076657269666963612663636564696c3b266174696c64653b6f20646f20696e76657374696d656e746f20656d2072656369636c6167656d2074266561637574653b636e6963612e223e5175657269646f7320616d69676f732c20656c20636f6d70726f6d69736f20656e747265206c6f732065717569706f73206f667265636520756e6120696e7465726573616e7465206f706f7274756e6964616420646520636f6d70726f62617220717565206c6120696e7665727369266f61637574653b6e20656e207465636e6f6c6f67266961637574653b612064652072656369636c616a65202e203c2f7370616e3e3c7370616e207469746c653d22506f72206f7574726f206c61646f2c206120686567656d6f6e696120646f20616d6269656e746520706f6c266961637574653b7469636f20706f6465206e6f73206c65766172206120636f6e7369646572617220612072656573747275747572612663636564696c3b266174696c64653b6f20646f732072656c6163696f6e616d656e746f732076657274696361697320656e7472652061732068696572617271756961732e223e506f72206f74726f206c61646f202c206c6120686567656d6f6e266961637574653b612064656c20616d6269656e746520706f6c266961637574653b7469636f207075656465206c6c65766172206120636f6e73696465726172206c61207265657374727563747572616369266f61637574653b6e206465206c61732072656c6163696f6e657320766572746963616c657320656e747265206c6173206a657261727175266961637574653b6173202e203c2f7370616e3e3c7370616e207469746c653d2241696e646120617373696d2c206578697374656d2064267561637574653b7669646173206120726573706569746f20646520636f6d6f2061206372657363656e746520696e666c752665636972633b6e636961206461206d266961637574653b646961206167726567612076616c6f7220616f206573746162656c6563696d656e746f20646f2073697374656d61206465207061727469636970612663636564696c3b266174696c64653b6f20676572616c2e223e53696e20656d626172676f2c206861792070726567756e74617320736f6272652063266f61637574653b6d6f206c61206372656369656e746520696e666c75656e636961206465206c6f73206d6564696f7320646520636f6d756e6963616369266f61637574653b6e206167726567612076616c6f722061206c6120637265616369266f61637574653b6e2064656c2073697374656d61206465207061727469636970616369266f61637574653b6e2067656e6572616c2e203c2f7370616e3e3c7370616e207469746c653d2241207072266161637574653b7469636120636f74696469616e612070726f76612071756520612065737472757475726120617475616c206461206f7267616e697a612663636564696c3b266174696c64653b6f20617578696c6961206120707265706172612663636564696c3b266174696c64653b6f20656120636f6d706f73692663636564696c3b266174696c64653b6f20646f207265746f726e6f20657370657261646f2061206c6f6e676f207072617a6f2e223e4c61207072266161637574653b6374696361206469617269612064656d75657374726120717565206c6120657374727563747572612061637475616c206465206c61206f7267616e697a616369266f61637574653b6e2064652061797564612061206c6120707265706172616369266f61637574653b6e2079206c6120636f6d706f73696369266f61637574653b6e2064656c2072656e64696d69656e746f2061206c6172676f20706c617a6f20657370657261646f2e203c2f7370616e3e3c7370616e207469746c653d22446f206d65736d6f206d6f646f2c20612065786563752663636564696c3b266174696c64653b6f20646f7320706f6e746f7320646f2070726f6772616d61206d6178696d697a6120617320706f73736962696c69646164657320706f7220636f6e746120646f20696d706163746f206e61206167696c6964616465206465636973266f61637574653b7269612e223e44656c206d69736d6f206d6f646f2c206c6120656a6563756369266f61637574653b6e206465206c6f732070756e746f732064656c2070726f6772616d61206d6178696d697a61206c617320706f736962696c6964616465732064656269646f20616c20696d706163746f20656e206c61206167696c6964616420646520746f6d61206465206465636973696f6e65732e3c6272202f3e3c6272202f3e266e6273703b266e6273703b266e6273703b266e6273703b266e6273703b266e6273703b266e6273703b266e6273703b266e6273703b266e6273703b3c2f7370616e3e3c7370616e207469746c653d224e657374652073656e7469646f2c20612061646f2663636564696c3b266174696c64653b6f20646520706f6c266961637574653b74696361732064657363656e7472616c697a61646f7261732066617a20706172746520646520756d2070726f636573736f20646520676572656e6369616d656e746f20646f2072656d616e656a616d656e746f20646f732071756164726f732066756e63696f6e6169732e223e456e20657374652073656e7469646f2c206c612061646f706369266f61637574653b6e20646520706f6c266961637574653b74696361732064652064657363656e7472616c697a616369266f61637574653b6e20657320706172746520646520756e2070726f6365736f20646520726575626963616369266f61637574653b6e206465206765737469266f61637574653b6e20646520706572736f6e616c202e203c2f7370616e3e3c7370616e207469746c653d224e756e636120266561637574653b2064656d616973206c656d62726172206f207065736f20656f207369676e6966696361646f206465737465732070726f626c656d61732c20756d612076657a20717565206f20636f6e73656e736f20736f6272652061206e65636573736964616465206465207175616c69666963612663636564696c3b266174696c64653b6f20726570726573656e746120756d6120616265727475726120706172612061206d656c686f72696120646f2073697374656d6120646520666f726d612663636564696c3b266174696c64653b6f2064652071756164726f732071756520636f72726573706f6e646520266167726176653b73206e65636573736964616465732e223e56616c65206c612070656e61207265636f726461722071756520656c207065736f2079206c6120696d706f7274616e636961206465206573746f732070726f626c656d6173202c2079612071756520656c20636f6e73656e736f20736f627265206c61206e65636573696461642064652063617061636974616369266f61637574653b6e20657320756e61206f706f7274756e696461642070617261206c61206d656a6f72612064656c2073697374656d6120646520666f726d616369266f61637574653b6e2064656c20706572736f6e616c2071756520726573706f6e64612061206c6173206e656365736964616465732e203c2f7370616e3e3c7370616e207469746c653d224e6f20656e74616e746f2c206e266174696c64653b6f20706f64656d6f732065737175656365722071756520612064657465726d696e612663636564696c3b266174696c64653b6f20636c617261206465206f626a657469766f73206f6273746163756c697a61206120617072656369612663636564696c3b266174696c64653b6f20646120696d706f72742661636972633b6e63696120646f20666c75786f20646520696e666f726d612663636564696c3b266f74696c64653b65732e223e53696e20656d626172676f202c206e6f20646562656d6f73206f6c766964617220717565206c6120646566696e696369266f61637574653b6e20636c617261206465206c6f73206f626a657469766f73206469666963756c7461206c6120617072656369616369266f61637574653b6e206465206c6120696d706f7274616e6369612064656c20666c756a6f20646520696e666f726d616369266f61637574653b6e202e3c6272202f3e3c6272202f3e266e6273703b266e6273703b266e6273703b266e6273703b266e6273703b266e6273703b266e6273703b266e6273703b266e6273703b266e6273703b3c2f7370616e3e3c7370616e207469746c653d22476f73746172696120646520656e666174697a617220717565206f20656e74656e64696d656e746f20646173206d657461732070726f706f7374617320616361727265746120756d2070726f636573736f206465207265666f726d756c612663636564696c3b266174696c64653b6f2065206d6f6465726e697a612663636564696c3b266174696c64653b6f2064617320706f73747572617320646f7320266f61637574653b7267266174696c64653b6f73206469726967656e74657320636f6d2072656c612663636564696c3b266174696c64653b6f20266167726176653b73207375617320617472696275692663636564696c3b266f74696c64653b65732e223e4d6520677573746172266961637574653b612068616365722068696e63617069266561637574653b20656e20717565206c6120636f6d7072656e7369266f61637574653b6e206465206c6f73206f626a657469766f732070726f70756573746f7320696d706c69636120756e2070726f6365736f206465207265666f726d612079206d6f6465726e697a616369266f61637574653b6e206465206c617320706f737475726173206465206c6f7320266f61637574653b7267616e6f7320726563746f72657320656e2072656c616369266f61637574653b6e20636f6e207375732066756e63696f6e65732e203c2f7370616e3e3c7370616e207469746c653d224e266174696c64653b6f206f627374616e74652c206f20696e266961637574653b63696f2064612061746976696461646520676572616c20646520666f726d612663636564696c3b266174696c64653b6f20646520617469747564657320676172616e7465206120636f6e7472696275692663636564696c3b266174696c64653b6f20646520756d20677275706f20696d706f7274616e7465206e612064657465726d696e612663636564696c3b266174696c64653b6f20646520746f646f73206f73207265637572736f732066756e63696f6e61697320656e766f6c7669646f732e223e53696e20656d626172676f202c20656c20636f6d69656e7a6f206465206c61206163746976696461642067656e6572616c206465206c6120666f726d616369266f61637574653b6e206465206c6120616374697475642061736567757261206c6120636f6e74726962756369266f61637574653b6e20646520756e20677275706f20696d706f7274616e746520656e206c612064657465726d696e616369266f61637574653b6e20646520746f646173206c6173206361726163746572266961637574653b7374696361732066756e63696f6e616c65732071756520696e7465727669656e656e202e203c2f7370616e3e3c7370616e207469746c653d2241206e266961637574653b76656c206f7267616e697a6163696f6e616c2c206f2064657361666961646f722063656e266161637574653b72696f20676c6f62616c697a61646f2061696e6461206e266174696c64653b6f2064656d6f6e7374726f7520636f6e76696e63656e74656d656e746520717565207661692070617274696369706172206e61206d7564616e2663636564696c3b612064617320646972652663636564696c3b266f74696c64653b657320707265666572656e6369616973206e6f2073656e7469646f20646f2070726f67726573736f2e223e41206e6976656c206f7267616e697a617469766f202c20656c20657363656e6172696f20676c6f62616c20646573616669616e74652061267561637574653b6e206e6f2068612064656d6f73747261646f206465206d616e65726120636f6e76696e63656e7465207175652070617274696369706172266161637574653b20656e20656c2063616d62696f20646520646972656363696f6e6573207072656665726964617320686163696120656c2070726f677265736f202e203c2f7370616e3e3c7370616e207469746c653d224f206375696461646f20656d206964656e7469666963617220706f6e746f73206372266961637574653b7469636f73206e6120636f6e736f6c6964612663636564696c3b266174696c64653b6f2064617320657374727574757261732074616c76657a2076656e686120612072657373616c74617220612072656c6174697669646164652064617320646972657472697a657320646520646573656e766f6c76696d656e746f2070617261206f2066757475726f2e223e4174656e6369266f61637574653b6e2061206964656e74696669636172206c6f732070756e746f73206372266961637574653b7469636f7320656e206c6120636f6e736f6c6964616369266f61637574653b6e206465206c617320657374727563747572617320736572266161637574653b6e207175697a266161637574653b207375627261796172206c612072656c6174697669646164206465206c617320706175746173206465206465736172726f6c6c6f207061726120656c2066757475726f2e3c2f7370616e3e3c2f7370616e3e3c2f703e, '1', '2995E89FB4A77E4FB5F56D4991C75850'),
('A44B7D9E2DF4684884FF8037D13F15BE', '2013-12-02 14:12:09', '', '', '', '1', '2995E89FB4A77E4FB5F56D4991C75850'),
('FBBCD592CC6561EB76E6F269100A04E2', '2013-12-02 14:25:59', 0x3c703e3c7370616e2069643d22726573756c745f626f7822206c616e673d22656e223e3c7374726f6e673e44656c7578653c2f7374726f6e673e3c6272202f3e3c6272202f3e3c7370616e20636c6173733d22687073223e47726f756e643c2f7370616e3e203c7370616e20636c6173733d22687073223e666c6f6f723c2f7370616e3e203c7370616e20636c6173733d22687073223e616e642031737420666c6f6f723c2f7370616e3e3c7370616e3e2e3c2f7370616e3e203c7370616e20636c6173733d22687073223e54686579206f7665726c6f6f6b3c2f7370616e3e203c7370616e20636c6173733d22687073223e74686520636f7572747961726420616e643c2f7370616e3e203c7370616e20636c6173733d22687073223e616e20696e646f6f7220706f6f6c3c2f7370616e3e3c7370616e3e2c3c2f7370616e3e203c7370616e20636c6173733d22687073223e646f75626c65206f722073696e676c653c2f7370616e3e203c7370616e20636c6173733d22687073223e626564733c2f7370616e3e3c7370616e3e2c3c2f7370616e3e203c7370616e20636c6173733d22687073223e706c61736d612054563c2f7370616e3e3c7370616e3e2c3c2f7370616e3e203c7370616e20636c6173733d22687073223e6d696e696261723c2f7370616e3e3c7370616e3e2c3c2f7370616e3e203c7370616e20636c6173733d22687073223e61697220636f6e646974696f6e696e673c2f7370616e3e203c7370616e20636c6173733d22687073223e616e64206365696c696e672066616e3c2f7370616e3e3c7370616e3e2e3c2f7370616e3e3c2f7370616e3e3c2f703e, 0x3c703e3c7374726f6e673e44656c7578653c2f7374726f6e673e3c6272202f3e3c6272202f3e506176696d656e746f2074266561637574653b7272656f20652031266f72646d3b20616e6461722e20506f737375656d2076697374612070617261206f2070266161637574653b74696f20652070697363696e6120696e7465726e612c2063616d617320646520636173616c206f7520736f6c746569726f2c20545620646520706c61736d612c206d696e696261722c2061722d636f6e646963696f6e61646f20652076656e74696c61646f72206465207465746f2e3c6272202f3e3c6272202f3e3c2f703e, 0x3c703e3c7374726f6e673e44656c7578653c2f7374726f6e673e3c6272202f3e203c6272202f3e20506c616e74612062616a6120792031266f72646d3b207069736f2e20506f7365656e207669737461207061726120656c20706174696f20792070697363696e6120696e7465726e612c2063616d617320646f626c65206f20696e646976696475616c65732c20545620646520706c61736d612c206d696e696261722c20616972652061636f6e646963696f6e61646f20792076656e74696c61646f72206465207465746f2e3c2f703e, '1', '2995E89FB4A77E4FB5F56D4991C75850'),
('A00FA2388E21D0C46C753CF5162BC0BA', '2013-12-02 14:27:51', 0x3c70207374796c653d22746578742d616c69676e3a206a7573746966793b223e3c7370616e206c616e673d226573223e3c7370616e20636c6173733d22687073223e3c7374726f6e673e44656c757865205669737461204d61723c2f7374726f6e673e3c2f7370616e3e3c6272202f3e3c2f7370616e3e3c2f703e0d0a3c70207374796c653d22746578742d616c69676e3a206a7573746966793b223e3c7370616e206c616e673d226573223e496465616c266e6273703b666f7220636f75706c6573206f722066616d696c6965732e204f666665727320612070616e6f72616d69632076696577206f6620746865204765726962266161637574653b2062656163682c2062657369646573206265696e672073706163696f757320616e6420636f6d666f727461626c652e204861766520646f75626c65206f72207477696e20626564732c20706c61736d612054562c206d696e696261722c2061697220636f6e646974696f6e696e6720616e64206365696c696e672066616e732e3c2f7370616e3e3c2f703e, 0x3c70207374796c653d22746578742d616c69676e3a206a7573746966793b223e3c7374726f6e673e44656c757865205669737461204d61723c2f7374726f6e673e3c6272202f3e3c6272202f3e496465616c207061726120636173616973206f752066616d266961637574653b6c6961732e204f66657265636520756d61206465736c756d6272616e74652076697374612070616e6f722661636972633b6d696361206461207072616961206465204765726962266161637574653b2c20616c266561637574653b6d2064652073657220657370612663636564696c3b6f7361206520636f6e666f72746176656c6d656e7465206d6f62696c696164612e20506f737375692063616d617320646520636173616c206f7520736f6c746569726f2c20545620646520706c61736d612c206d696e696261722c2061722d636f6e646963696f6e61646f20652076656e74696c61646f72206465207465746f2e3c2f703e, 0x3c703e3c7374726f6e673e44656c757865205669737461204d61723c2f7374726f6e673e3c6272202f3e203c6272202f3e20506572666563746f207061726120706172656a6173206f2066616d696c6961732e204f667265636520756e61206c696e64612076697374612070616e6f72266161637574653b6d696361206465206c6120706c617961206465204765726962266161637574653b2c206164656d266161637574653b7320646520736572206573706163696f7361207920636f6e666f727461626c656d656e746520616d7565626c6164612e20506f7365652063616d617320646f626c6573206f20696e646976696475616c65732c20545620646520706c61736d612c206d696e696261722c20616972652061636f6e646963696f6e61646f20792076656e74696c61646f72206465207465746f2e3c2f703e, '1', '2995E89FB4A77E4FB5F56D4991C75850');
INSERT INTO `descricao` (`CODDESCRICAO`, `DTA`, `INGLES`, `PORTUGUES`, `ESPANHOL`, `STATUS`, `OWNER`) VALUES
('789AEE9BB9558CF86520C04D331895D7', '2013-12-02 14:28:39', 0x3c70207374796c653d22746578742d616c69676e3a206a7573746966793b223e3c7370616e2069643d22726573756c745f626f7822206c616e673d22656e223e3c7370616e20636c6173733d22687073223e3c7374726f6e673e5374616e646172643c2f7374726f6e673e3c2f7370616e3e3c6272202f3e3c6272202f3e3c7370616e20636c6173733d22687073223e47726f756e6420666c6f6f723c2f7370616e3e3c7370616e3e2e3c2f7370616e3e203c7370616e20636c6173733d22687073223e57656c636f6d696e673c2f7370616e3e203c7370616e20636c6173733d22687073223e616e642077656c6c3c2f7370616e3e203c7370616e20636c6173733d22687073223e6465636f72617465643c2f7370616e3e3c7370616e3e2c3c2f7370616e3e203c7370616e20636c6173733d22687073223e68617665206120646f75626c65206265643c2f7370616e3e203c7370616e20636c6173733d22687073223e6f72207477696e20626564733c2f7370616e3e3c7370616e3e2c3c2f7370616e3e203c7370616e20636c6173733d22687073223e707269766174653c2f7370616e3e203c7370616e20636c6173733d22687073223e656e636c6f73656420746572726163653c2f7370616e3e3c7370616e3e2c3c2f7370616e3e203c7370616e20636c6173733d22687073223e706c61736d612054563c2f7370616e3e3c7370616e3e2c3c2f7370616e3e203c7370616e20636c6173733d22687073223e6d696e696261723c2f7370616e3e3c7370616e3e2c3c2f7370616e3e203c7370616e20636c6173733d22687073223e61697220636f6e646974696f6e696e673c2f7370616e3e203c7370616e20636c6173733d22687073223e616e64206365696c696e672066616e3c2f7370616e3e3c7370616e3e2e3c2f7370616e3e3c2f7370616e3e3c2f703e, 0x3c70207374796c653d22746578742d616c69676e3a206a7573746966793b223e3c7374726f6e673e5374616e646172643c2f7374726f6e673e3c6272202f3e3c6272202f3e506176696d656e746f2074266561637574653b7272656f2e2041636f6e63686567616e74657320652062656d206465636f72616461732c20706f737375656d2063616d6120646520636173616c206f7520736f6c746569726f2c20766172616e646120696e7465726e61207072697661746976612c20545620646520706c61736d612c206d696e696261722c2061722d636f6e646963696f6e61646f20652076656e74696c61646f72206465207465746f2e3c6272202f3e3c6272202f3e3c2f703e, 0x3c703e3c7374726f6e673e5374616e646172643c2f7374726f6e673e3c6272202f3e203c6272202f3e20506c616e74612062616a612e2041636f6765646f7261732079206269656e206465636f72616461732c20706f7365656e2063616d617320646f626c65206f20696e646976696475616c65732c2062616c63266f61637574653b6e20696e7465726e6f2070726976617469766f2c20545620646520706c61736d612c206d696e696261722c20616972652061636f6e646963696f6e61646f20792076656e74696c61646f72206465207465746f2e3c2f703e, '1', '2995E89FB4A77E4FB5F56D4991C75850'),
('CC2E724E01DCF2DFBD421353FAAC1C64', '2013-12-12 13:13:41', '', '', '', '1', '2995E89FB4A77E4FB5F56D4991C75850'),
('24824D6CFEDA8773AA4CEA8FB0E18C87', '2013-12-12 14:39:46', 0x3c703e3c7370616e2069643d22726573756c745f626f7822206c616e673d22656e223e3c7370616e20636c6173733d22687073223e41732070617274206f663c2f7370616e3e203c7370616e20636c6173733d22687073223e616e20756e666f726765747461626c6520737461793c2f7370616e3e203c7370616e20636c6173733d22687073223e61742074686520696e6e3c2f7370616e3e3c7370616e3e2c3c2f7370616e3e203c7370616e20636c6173733d22687073223e6775657374733c2f7370616e3e203c7370616e20636c6173733d22687073223e77696c6c2072656d656d6265723c2f7370616e3e203c7370616e20636c6173733d22687073223e616e20657863657074696f6e616c3c2f7370616e3e203c7370616e20636c6173733d22687073223e427265616b666173743c2f7370616e3e3c7370616e3e2e3c2f7370616e3e3c2f7370616e3e3c2f703e, 0x3c703e436f6d6f20706172746520646520756d61206573746164696120696e657371756563266961637574653b76656c266e6273703b206e6120706f75736164612c20736575732068266f61637574653b737065646573207365206c656d62726172266174696c64653b6f20646520756d20657863657063696f6e616c20436166266561637574653b206461204d616e68266174696c64653b2e3c2f703e, 0x3c703e3c7370616e2069643d22726573756c745f626f7822206c616e673d226573223e3c7370616e20636c6173733d22687073223e436f6d6f2070617274652064653c2f7370616e3e203c7370616e20636c6173733d22687073223e756e6120657374616e63696120696e6f6c76696461626c653c2f7370616e3e203c7370616e20636c6173733d22687073223e656e206c6120706f736164613c2f7370616e3e3c7370616e3e2c206c6f73206875266561637574653b73706564657320706f6472266161637574653b6e3c2f7370616e3e203c7370616e20636c6173733d22687073223e7265636f7264617220756e3c2f7370616e3e203c7370616e20636c6173733d22687073223e6465736179756e6f3c2f7370616e3e203c7370616e20636c6173733d22687073223e657863657063696f6e616c2e3c2f7370616e3e3c2f7370616e3e3c2f703e, '1', '2995E89FB4A77E4FB5F56D4991C75850'),
('BC0A213206248035B57A7ECF0164BE2B', '2013-12-12 17:24:50', 0x3c703e54686573652061726520736f6d65206f6620746865206e756d65726f75732062656163686573206f662042267561637574653b7a696f732e204765726962266161637574653b2062656163683a206f70656e2073656120616e64207065726665637420776176657320666f7220737572662c2077696e647375726620616e64206f74686572732e3c2f703e, 0x3c703e3c7370616e20636c6173733d227374223e4573746173203c656d3e73266174696c64653b6f3c2f656d3e20616c67756d61732064617320696e267561637574653b6d65726173203c656d3e7072616961732064652042267561637574653b7a696f733c2f656d3e2e205072616961206465204765726962266161637574653b3a206465206d61722061626572746f206520696d706574756f736173206f6e6461732070726f70696369617320706172612061207072266161637574653b7469636120646f20737572662c2077696e6420737572662065206f7574726f732e3c2f7370616e3e3c2f703e, 0x3c703e3c7370616e2069643d22726573756c745f626f7822206c616e673d226573223e3c7370616e20636c6173733d22687073223e457374617320736f6e20616c67756e61732064653c2f7370616e3e203c7370616e20636c6173733d22687073223e6c6173206e756d65726f73617320706c617961732064653c2f7370616e3e203c7370616e20636c6173733d22687073223e42757a696f732e3c2f7370616e3e203c7370616e20636c6173733d22687073223e4765726962266161637574653b3c2f7370616e3e3c7370616e3e3a3c2f7370616e3e203c7370616e20636c6173733d22687073223e6d6172206162696572746f3c2f7370616e3e203c7370616e20636c6173733d22687073223e79206c6173206f6c61733c2f7370616e3e203c7370616e20636c6173733d22687073223e646520667565676f3c2f7370616e3e203c7370616e20636c6173733d22687073223e70726f70696369617320706172613c2f7370616e3e203c7370616e20636c6173733d22687073223e656c20737572663c2f7370616e3e3c7370616e3e2c2077696e64737572663c2f7370616e3e203c7370616e20636c6173733d22687073223e79206f74726f732e3c2f7370616e3e3c2f7370616e3e3c2f703e, '1', '2995E89FB4A77E4FB5F56D4991C75850'),
('E0765E2FD124E8ABB9F114498C6875D6', '2013-12-02 14:29:31', 0x3c70207374796c653d22746578742d616c69676e3a206a7573746966793b223e3c7370616e2069643d22726573756c745f626f7822206c616e673d22656e223e3c7374726f6e673e5375266961637574653b7465204d61737465723c2f7374726f6e673e3c6272202f3e3c6272202f3e31737420666c6f6f722e20496465616c20666f7220636f75706c6573206f722066616d696c6965732e204f6666657273203220707269766174652062616c636f6e696573206f7665726c6f6f6b696e672074686520636f757274796172642c20696e646f6f7220706f6f6c20616e642073696465207365612076696577732e2043616e20626520636f6e6669677572656420746f20796f7572206c696b696e672c207769746820757020746f2032206164646974696f6e616c2062656473206f7220776974682061207365706172617465206c6976696e6720617265612e204861766520706c61736d612054562c206d696e696261722c206169722d636f6e646974696f6e696e672c206365696c696e672066616e2c2073686f776572207374796c65207261696e2073686f77657220616e642074756220666f7220322070656f706c652e3c6272202f3e3c2f7370616e3e3c2f703e, 0x3c70207374796c653d22746578742d616c69676e3a206a7573746966793b223e3c7374726f6e673e5375266961637574653b7465204d61737465723c2f7374726f6e673e3c2f703e0d0a3c70207374796c653d22746578742d616c69676e3a206a7573746966793b223e31266f72646d3b20616e6461722e20496465616c207061726120636173616973206f752066616d266961637574653b6c6961732e204f666572656365203220766172616e646173207072697661746976617320636f6d207669737461732070617261206f2070266161637574653b74696f2c2070697363696e6120696e7465726e612065206c61746572616c20646f206d61722e20506f64652073657220636f6e666967757261646120612073657520676f73746f2c20636f6d206174266561637574653b20322063616d61732061646963696f6e616973206f7520636f6d20756d6120266161637574653b7265612064652065737461722073657061726164612e20506f7373756920545620646520706c61736d612c206d696e696261722c2061722d636f6e646963696f6e61646f2c2076656e74696c61646f72206465207465746f2c20636875766569726f20657374696c6f207261696e2073686f776572206520686964726f6d6173736167656d2070617261203220706573736f61732e3c2f703e, 0x3c703e3c7374726f6e673e5375697465204d61737465723c2f7374726f6e673e3c2f703e0d0a3c70207374796c653d22746578742d616c69676e3a206a7573746966793b223e3c7370616e2069643d22726573756c745f626f7822206c616e673d226573223e31266f72646d3b207069736f2e20506572666563746f207061726120706172656a6173206f2066616d696c6961732e204f667265636520322062616c636f6e65732070726976617469766f7320636f6e20766973746173207061726120656c20706174696f2c2070697363696e6120696e7465726e612079206c61746572616c2064656c206d61722e2050756564652073657220636f6e66696775726164612061207375206d6f646f2c20636f6e20686173746120322063616d61732061646963696f6e616c6573206f20636f6e20756e20266161637574653b72656120646520657374617220736570617261646f2e20506f73656520545620646520706c61736d612c206d696e696261722c20616972652061636f6e646963696f6e61646f2c2076656e74696c61646f72206465207465746f2c20647563686120657374696c6f207261696e2073686f776572206520686964726f6d6173616a652070617261203220706572736f6e61732e3c2f7370616e3e3c2f703e, '1', '2995E89FB4A77E4FB5F56D4991C75850'),
('239A017A563168752E7A4BA9BA8374D8', '2014-01-08 21:24:56', '', '', '', '1', '2995E89FB4A77E4FB5F56D4991C75850'),
('3995C34A35F8FB416AF65058B5D9C024', '2014-01-08 21:31:45', 0x3c21444f43545950452068746d6c205055424c494320222d2f2f5733432f2f445444205848544d4c20312e30205374726963742f2f454e222022687474703a2f2f7777772e77332e6f72672f54522f7868746d6c312f4454442f7868746d6c312d7374726963742e647464223e0d0a3c68746d6c20786d6c6e733d22687474703a2f2f7777772e77332e6f72672f313939392f7868746d6c223e0d0a3c686561643e0d0a093c6d65746120687474702d65717569763d22436f6e74656e742d547970652220636f6e74656e743d22746578742f68746d6c3b20636861727365743d7574662d3822202f3e0d0a093c6d657461206e616d653d2276696577706f72742220636f6e74656e743d2277696474683d6465766963652d7769647468222f3e0d0a3c2f686561643e0d0a3c626f64793e0d0a3c7461626c652077696474683d22313030252220626f726465723d2230223e0d0a3c74626f64793e0d0a3c74723e0d0a3c74643e0d0a3c7461626c6520636c6173733d22636f6e7461696e657222207374796c653d226261636b67726f756e643a20236666666666663b2077696474683a2036333070783b20626f726465722d636f6c6c617073653a20636f6c6c617073653b2220626f726465723d2230222063656c6c73706163696e673d2230222063656c6c70616464696e673d2230223e0d0a3c74626f64793e0d0a3c74723e0d0a3c74643e0d0a3c7461626c6520636c6173733d2268656164657222207374796c653d2270616464696e673a20333070782030203235707820303b20636f6c6f723a20233137373661303b206c696e652d6865696768743a20353070783b222077696474683d22313030252220626f726465723d2230223e0d0a3c74626f64793e0d0a3c74723e0d0a3c7464207374796c653d2277696474683a2031393070783b20646973706c61793a20696e6c696e652d626c6f636b3b20626f726465722d72696768743a20736f6c69642031707820234534453445343b2220616c69676e3d226c656674223e3c696d6720636c6173733d2268645f6c6f676f22207469746c653d22506f7573616461204d617261766973746122207372633d2268747470733a2f2f73736c3735342e7765627369746573656775726f2e636f6d2f6d6172617669737461312f696d6167652f6c6f676f2e706e672220616c743d22506f7573616461204d6172617669737461222077696474683d22313430707822206865696768743d22313536707822202f3e3c2f74643e0d0a3c746420636c6173733d2268645f7469746c6522207374796c653d2270616464696e672d6c6566743a20343470783b20666f6e742d73697a653a20332e3372656d3b20666f6e742d7765696768743a203430303b2220616c69676e3d226c656674223e5072652d626f6f6b696e67266e6273703b3c6272202f3e203c7370616e3e436f64653a282525252525293c2f7370616e3e3c2f74643e0d0a3c2f74723e0d0a3c2f74626f64793e0d0a3c2f7461626c653e0d0a3c2f74643e0d0a3c2f74723e0d0a3c747220636c6173733d227465787431223e0d0a3c7464207374796c653d22636f6c6f723a20233333333b2070616464696e672d626f74746f6d3a20323570783b20666f6e742d7765696768743a203230303b206c696e652d6865696768743a20323270783b20746578742d616c69676e3a206a7573746966793b223e5468616e6b20796f75266e6273703b3c7374726f6e673e282525252525293c2f7374726f6e673e20666f72206d616b696e6720796f7572207072652d626f6f6b696e672e20546865206461696c79207261746520696e636c7564657320616c6c20666565732c20627265616b666173742c2070726976617465207061726b696e672c20696e7465726e65742057492d46492c2061636365737320616e6420626561636820736572766963652e3c2f74643e0d0a3c2f74723e0d0a3c747220636c6173733d227461626c65223e0d0a3c74643e0d0a3c7461626c652077696474683d22313030252220626f726465723d2230222063656c6c73706163696e673d22347078222063656c6c70616464696e673d2230223e0d0a3c74626f64793e0d0a3c74723e0d0a3c7464207374796c653d226261636b67726f756e642d636f6c6f723a20233137373661303b2070616464696e673a203135707820323270783b20666f6e742d73697a653a20312e31323572656d3b20636f6c6f723a20236666666666663b206d617267696e3a203270783b223e282525252525293c2f74643e0d0a3c7464207374796c653d226261636b67726f756e642d636f6c6f723a20233137373661303b2070616464696e673a203135707820323270783b20666f6e742d73697a653a20312e31323572656d3b20636f6c6f723a20236666666666663b206d617267696e3a203270783b223e282525252525293c2f74643e0d0a3c2f74723e0d0a3c74723e0d0a3c7464207374796c653d22636f6c6f723a20233464346434643b2070616464696e673a203135707820323270783b20666f6e742d73697a653a20312e31323572656d3b206261636b67726f756e642d636f6c6f723a20236632663266323b206d617267696e3a203270783b223e436865636b2d696e3a20282525252525293c2f74643e0d0a3c7464207374796c653d22636f6c6f723a20233464346434643b2070616464696e673a203135707820323270783b20666f6e742d73697a653a20312e31323572656d3b206261636b67726f756e642d636f6c6f723a20236632663266323b206d617267696e3a203270783b223e436865636b2d6f75743a20282525252525293c2f74643e0d0a3c2f74723e0d0a3c74723e0d0a3c7464207374796c653d22636f6c6f723a20233464346434643b2070616464696e673a203135707820323270783b20666f6e742d73697a653a20312e31323572656d3b206261636b67726f756e642d636f6c6f723a20236632663266323b206d617267696e3a203270783b223e4e756d626572206f662050656f706c653a20282525252525293c2f74643e0d0a3c7464207374796c653d22636f6c6f723a20233464346434643b2070616464696e673a203135707820323270783b20666f6e742d73697a653a20312e31323572656d3b206261636b67726f756e642d636f6c6f723a20236632663266323b206d617267696e3a203270783b223e4e756d626572206f66204164756c74733a20282525252525293c2f74643e0d0a3c2f74723e0d0a3c74723e0d0a3c7464207374796c653d22636f6c6f723a20233464346434643b2070616464696e673a203135707820323270783b20666f6e742d73697a653a20312e31323572656d3b206261636b67726f756e642d636f6c6f723a20236632663266323b206d617267696e3a203270783b223e4e756d626572206f66204368696c6472656e733a20282525252525293c2f74643e0d0a3c7464207374796c653d22636f6c6f723a20233464346434643b2070616464696e673a203135707820323270783b20666f6e742d73697a653a20312e31323572656d3b206261636b67726f756e642d636f6c6f723a20236632663266323b206d617267696e3a203270783b223e4e756d626572206f6620526f6f6d733a20282525252525293c2f74643e0d0a3c2f74723e0d0a3c74723e0d0a3c7464207374796c653d22636f6c6f723a20233464346434643b2070616464696e673a203135707820323270783b20666f6e742d73697a653a20312e31323572656d3b206261636b67726f756e642d636f6c6f723a20236632663266323b206d617267696e3a203270783b2220636f6c7370616e3d2232223e43617465676f72792f526f6f6d3a20282525252525293c2f74643e0d0a3c2f74723e0d0a3c74723e0d0a3c7464207374796c653d22636f6c6f723a20233464346434643b2070616464696e673a203135707820323270783b20666f6e742d73697a653a20312e31323572656d3b206261636b67726f756e642d636f6c6f723a20236632663266323b206d617267696e3a203270783b223e5061796d656e74204d6574686f643a20282525252525293c2f74643e0d0a3c7464207374796c653d22636f6c6f723a20233464346434643b2070616464696e673a203135707820323270783b20666f6e742d73697a653a20312e31323572656d3b206261636b67726f756e642d636f6c6f723a20236632663266323b206d617267696e3a203270783b223e5369676e616c205061796d656e743a20282525252525293c2f74643e0d0a3c2f74723e0d0a3c74723e0d0a3c7464207374796c653d22636f6c6f723a20236666666666663b2070616464696e673a203135707820323270783b20746578742d616c69676e3a2063656e7465723b20666f6e742d73697a653a20312e31323572656d3b206261636b67726f756e642d636f6c6f723a20233331613164323b206d617267696e3a203270783b2220636f6c7370616e3d2232223e546f74616c20416d6f756e743a20522420282525252525293c2f74643e0d0a3c2f74723e0d0a3c74723e0d0a3c7464207374796c653d22636f6c6f723a20233464346434643b2070616464696e673a203135707820323270783b20746578742d616c69676e3a2063656e7465723b20666f6e742d73697a653a20312e31323572656d3b206d617267696e3a203270783b2220636f6c7370616e3d2232223e0d0a3c646976207374796c653d2270616464696e672d746f703a20323570783b2070616464696e672d626f74746f6d3a203570783b20746578742d616c69676e3a206c6566743b20666f6e742d7765696768743a203230303b20666f6e742d73697a653a20302e38373572656d3b206c696e652d6865696768743a20323270783b20636f6c6f723a20233137373661303b223e2d20596f757220626f6f6b696e672077696c6c20626520636f6e6669726d6564207468726f75676820746865207472616e73666572206f6620522420282525252525292c206571756976616c656e7420746f20353025206f662074686520746f74616c20616d6f756e74206f6620796f757220626f6f6b696e672e20506c6561736520617320736f6f6e20617320746865207061796d656e7420697320636f6d706c657465642073656e64207573206120636865636b696e6720636f707920746f2074686520656d61696c266e6273703b3c7374726f6e67207374796c653d22666f6e742d73697a653a20302e38373572656d3b223e706f7573616461406d61726176697374612e636f6d2e62723c2f7374726f6e673e2c20736f2077652063616e2073656e6420796f75207468652066696e616c266e6273703b636f6e6669726d6174696f6e2e2042656c6f77206973207468652062616e6b206163636f756e74206461746120746f20746865207472616e736665723a3c2f6469763e0d0a3c2f74643e0d0a3c2f74723e0d0a3c74723e0d0a3c7464207374796c653d22636f6c6f723a20233464346434643b20746578742d616c69676e3a2063656e7465723b20666f6e742d73697a653a20312e31323572656d3b206d617267696e3a203270783b2220636f6c7370616e3d2232223e0d0a3c64697620636c6173733d227061672d6465706f7369746f22207374796c653d226d617267696e2d746f703a20313270783b206261636b67726f756e643a20233137373661303b20636f6c6f723a20236666663b2070616464696e673a20323570783b20666f6e742d7765696768743a203230303b223e0d0a3c703e3c7374726f6e67207374796c653d22746578742d7472616e73666f726d3a207570706572636173653b20666f6e742d73697a653a203172656d3b206d617267696e2d626f74746f6d3a20313270783b223e5452414e53464552204143434f554e543a3c2f7374726f6e673e3c2f703e0d0a3c6469763e42616e636f20646f2042726173696c3c2f6469763e0d0a3c6469763e4167656e63793a20313539323c2f6469763e0d0a3c6469763e4163636f756e74204e756d6265723a203231313732393c2f6469763e0d0a3c6469763e434e504a3a2031382e3730312e3838362f303030312d36363c2f6469763e0d0a3c6469763e412e4a2e204b697373656c656666204d653c2f6469763e0d0a3c6469763e414e5345204d41524e41492047455354264174696c64653b4f20484f54454c454952413c2f6469763e0d0a3c2f6469763e0d0a3c2f74643e0d0a3c2f74723e0d0a3c74723e0d0a3c7464207374796c653d2270616464696e672d746f703a20313270783b2070616464696e672d626f74746f6d3a20353070783b20746578742d616c69676e3a206c6566743b20666f6e742d7765696768743a203230303b20666f6e742d73697a653a20302e38373572656d3b206c696e652d6865696768743a20323270783b20636f6c6f723a20233137373661303b2220636f6c7370616e3d2232223e0d0a3c703e3c7370616e207374796c653d22636f6c6f723a20233137373661303b223e3c7370616e207374796c653d22666f6e742d73697a653a20302e38373572656d3b206c696e652d6865696768743a20323270783b223e2d20596f757220636865636b2d696e206d75737420626520646f6e65206166746572203220706d20616e6420796f757220636865636b2d6f757420756e74696c20313220706d2e20266e6273703b3c2f7370616e3e3c2f7370616e3e3c6272202f3e3c7370616e207374796c653d22636f6c6f723a20233137373661303b223e3c7370616e207374796c653d22666f6e742d73697a653a20302e38373572656d3b206c696e652d6865696768743a20323270783b223e202d266e6273703b3c2f7370616e3e3c7370616e207374796c653d22666f6e742d73697a653a20313470783b206c696e652d6865696768743a20323270783b223e496620796f75206e65656420736f6d65207370656369616c20736572766963652c20706c6561736520696e666f726d20757320627920656d61696c203c7374726f6e673e706f7573616461406d61726176697374612e636f6d2e62722e3c2f7374726f6e673e3c2f7370616e3e3c2f7370616e3e3c2f703e0d0a3c70207374796c653d22636f6c6f723a20233137373661303b20666f6e742d73697a653a20302e38373572656d3b20666f6e742d7765696768743a203230303b206c696e652d6865696768743a20323270783b223e2d205765206172652077616974696e6720666f7220796f7520696e2042267561637574653b7a696f73213c2f703e0d0a3c2f74643e0d0a3c2f74723e0d0a3c7472207374796c653d22746578742d616c69676e3a2063656e7465723b223e0d0a3c7464207374796c653d22636f6c6f723a20233137373661303b20666f6e742d7765696768743a203430303b20666f6e742d73697a653a20302e3933373572656d3b2220636f6c7370616e3d2232223e52756120646f7320477261766174266161637574653b732c20313035382c205072616961206465204765726962266161637574653b2042267561637574653b7a696f73202d2052696f206465204a616e6569726f3c6272202f3e54656c2e3a202b353520323220323632332d323133303c2f74643e0d0a3c2f74723e0d0a3c7472207374796c653d22746578742d616c69676e3a2063656e7465723b223e0d0a3c7464207374796c653d22636f6c6f723a20233137373661303b20666f6e742d7765696768743a203430303b20666f6e742d73697a653a20312e31323572656d3b2070616464696e672d626f74746f6d3a20323970783b2220636f6c7370616e3d2232223e706f7573616461406d61726176697374612e636f6d2e6272207c207777772e6d61726176697374612e636f6d2e62723c2f74643e0d0a3c2f74723e0d0a3c74723e0d0a3c7464207374796c653d22636f6c6f723a20233561356135613b20666f6e742d73697a653a20313270783b20666f6e742d7765696768743a203230303b2220636f6c7370616e3d22322220616c69676e3d227269676874223e446576656c6f706564206279203c7374726f6e673e3c61207374796c653d22636f6c6f723a20233561356135613b20746578742d6465636f726174696f6e3a206e6f6e653b2220687265663d22687474703a2f2f64657369676e6c61622e636f6d2e6272223e44657369676e4c61623c2f613e3c2f7374726f6e673e3c2f74643e0d0a3c2f74723e0d0a3c2f74626f64793e0d0a3c2f7461626c653e0d0a3c2f74643e0d0a3c2f74723e0d0a3c2f74626f64793e0d0a3c2f7461626c653e0d0a3c2f74643e0d0a3c2f74723e0d0a3c2f74626f64793e0d0a3c2f7461626c653e0d0a3c2f626f64793e0d0a3c2f68746d6c3e, 0x3c21444f43545950452068746d6c205055424c494320222d2f2f5733432f2f445444205848544d4c20312e30205374726963742f2f454e222022687474703a2f2f7777772e77332e6f72672f54522f7868746d6c312f4454442f7868746d6c312d7374726963742e647464223e0d0a3c68746d6c20786d6c6e733d22687474703a2f2f7777772e77332e6f72672f313939392f7868746d6c223e0d0a3c686561643e0d0a093c6d65746120687474702d65717569763d22436f6e74656e742d547970652220636f6e74656e743d22746578742f68746d6c3b20636861727365743d7574662d3822202f3e0d0a093c6d657461206e616d653d2276696577706f72742220636f6e74656e743d2277696474683d6465766963652d7769647468222f3e0d0a3c2f686561643e0d0a3c626f64793e0d0a3c7461626c652077696474683d22313030252220626f726465723d2230223e0d0a3c74626f64793e0d0a3c74723e0d0a3c74643e0d0a3c7461626c6520636c6173733d22636f6e7461696e657222207374796c653d226261636b67726f756e643a20236666666666663b2077696474683a2036333070783b20626f726465722d636f6c6c617073653a20636f6c6c617073653b2220626f726465723d2230222063656c6c73706163696e673d2230222063656c6c70616464696e673d2230223e0d0a3c74626f64793e0d0a3c74723e0d0a3c74643e0d0a3c7461626c6520636c6173733d2268656164657222207374796c653d2270616464696e673a20333070782030203235707820303b20636f6c6f723a20233137373661303b206c696e652d6865696768743a20353070783b222077696474683d22313030252220626f726465723d2230223e0d0a3c74626f64793e0d0a3c74723e0d0a3c7464207374796c653d2277696474683a2031393070783b20646973706c61793a20696e6c696e652d626c6f636b3b20626f726465722d72696768743a20736f6c69642031707820234534453445343b2220616c69676e3d226c656674223e3c696d6720636c6173733d2268645f6c6f676f22207469746c653d22506f7573616461204d617261766973746122207372633d2268747470733a2f2f73736c3735342e7765627369746573656775726f2e636f6d2f6d6172617669737461312f696d6167652f6c6f676f2e706e672220616c743d22506f7573616461204d6172617669737461222077696474683d22313430707822206865696768743d22313536707822202f3e3c2f74643e0d0a3c746420636c6173733d2268645f7469746c6522207374796c653d2270616464696e672d6c6566743a20343470783b20666f6e742d73697a653a20332e3372656d3b20666f6e742d7765696768743a203430303b2220616c69676e3d226c656674223e5072652d72657365727661266e6273703b3c6272202f3e436f642e3a282525252525293c2f74643e0d0a3c2f74723e0d0a3c2f74626f64793e0d0a3c2f7461626c653e0d0a3c2f74643e0d0a3c2f74723e0d0a3c747220636c6173733d227465787431223e0d0a3c7464207374796c653d22636f6c6f723a20233333333b2070616464696e672d626f74746f6d3a20323570783b20666f6e742d7765696768743a203230303b206c696e652d6865696768743a20323270783b20746578742d616c69676e3a206a7573746966793b223e3c7370616e207374796c653d22636f6c6f723a20233333333333333b223e3c7370616e207374796c653d226c696e652d6865696768743a20323270783b223e4f6272696761646f202825252525252920706f722066617a6572206120737561207072266561637574653b2d726573657276612e2041206469266161637574653b72696120696e636c756920746f6461732061732074617861732c20636166266561637574653b206461206d616e68266174696c64653b2c206573746163696f6e616d656e746f207072697661646f2c20696e7465726e65742057492d464920652061636573736f20652073657276692663636564696c3b6f2064652070726169612e3c2f7370616e3e3c2f7370616e3e3c2f74643e0d0a3c2f74723e0d0a3c747220636c6173733d227461626c65223e0d0a3c74643e0d0a3c7461626c652077696474683d22313030252220626f726465723d2230222063656c6c73706163696e673d22347078222063656c6c70616464696e673d2230223e0d0a3c74626f64793e0d0a3c74723e0d0a3c7464207374796c653d226261636b67726f756e642d636f6c6f723a20233137373661303b2070616464696e673a203135707820323270783b20666f6e742d73697a653a20312e31323572656d3b20636f6c6f723a20236666666666663b206d617267696e3a203270783b223e282525252525293c2f74643e0d0a3c7464207374796c653d226261636b67726f756e642d636f6c6f723a20233137373661303b2070616464696e673a203135707820323270783b20666f6e742d73697a653a20312e31323572656d3b20636f6c6f723a20236666666666663b206d617267696e3a203270783b223e282525252525293c2f74643e0d0a3c2f74723e0d0a3c74723e0d0a3c7464207374796c653d22636f6c6f723a20233464346434643b2070616464696e673a203135707820323270783b20666f6e742d73697a653a20312e31323572656d3b206261636b67726f756e642d636f6c6f723a20236632663266323b206d617267696e3a203270783b223e436865636b2d696e3a20282525252525293c2f74643e0d0a3c7464207374796c653d22636f6c6f723a20233464346434643b2070616464696e673a203135707820323270783b20666f6e742d73697a653a20312e31323572656d3b206261636b67726f756e642d636f6c6f723a20236632663266323b206d617267696e3a203270783b223e436865636b2d6f75743a20282525252525293c2f74643e0d0a3c2f74723e0d0a3c74723e0d0a3c7464207374796c653d22636f6c6f723a20233464346434643b2070616464696e673a203135707820323270783b20666f6e742d73697a653a20312e31323572656d3b206261636b67726f756e642d636f6c6f723a20236632663266323b206d617267696e3a203270783b223e4e267561637574653b6d65726f20646520506573736f61733a20282525252525293c2f74643e0d0a3c7464207374796c653d22636f6c6f723a20233464346434643b2070616464696e673a203135707820323270783b20666f6e742d73697a653a20312e31323572656d3b206261636b67726f756e642d636f6c6f723a20236632663266323b206d617267696e3a203270783b223e4e267561637574653b6d65726f206465204164756c746f733a20282525252525293c2f74643e0d0a3c2f74723e0d0a3c74723e0d0a3c7464207374796c653d22636f6c6f723a20233464346434643b2070616464696e673a203135707820323270783b20666f6e742d73697a653a20312e31323572656d3b206261636b67726f756e642d636f6c6f723a20236632663266323b206d617267696e3a203270783b223e4e267561637574653b6d65726f20646520437269616e2663636564696c3b61733a20282525252525293c2f74643e0d0a3c7464207374796c653d22636f6c6f723a20233464346434643b2070616464696e673a203135707820323270783b20666f6e742d73697a653a20312e31323572656d3b206261636b67726f756e642d636f6c6f723a20236632663266323b206d617267696e3a203270783b223e4e267561637574653b6d65726f2064652051756172746f733a20282525252525293c2f74643e0d0a3c2f74723e0d0a3c74723e0d0a3c7464207374796c653d22636f6c6f723a20233464346434643b2070616464696e673a203135707820323270783b20666f6e742d73697a653a20312e31323572656d3b206261636b67726f756e642d636f6c6f723a20236632663266323b206d617267696e3a203270783b2220636f6c7370616e3d2232223e43617465676f7269612f51756172746f733a20282525252525293c2f74643e0d0a3c2f74723e0d0a3c74723e0d0a3c7464207374796c653d22636f6c6f723a20233464346434643b2070616464696e673a203135707820323270783b20666f6e742d73697a653a20312e31323572656d3b206261636b67726f756e642d636f6c6f723a20236632663266323b206d617267696e3a203270783b223e466f726d6120646520506167616d656e746f3a20282525252525293c2f74643e0d0a3c7464207374796c653d22636f6c6f723a20233464346434643b2070616464696e673a203135707820323270783b20666f6e742d73697a653a20312e31323572656d3b206261636b67726f756e642d636f6c6f723a20236632663266323b206d617267696e3a203270783b223e53696e616c3a20282525252525293c2f74643e0d0a3c2f74723e0d0a3c74723e0d0a3c7464207374796c653d22636f6c6f723a20236666666666663b2070616464696e673a203135707820323270783b20746578742d616c69676e3a2063656e7465723b20666f6e742d73697a653a20312e31323572656d3b206261636b67726f756e642d636f6c6f723a20233331613164323b206d617267696e3a203270783b2220636f6c7370616e3d2232223e56616c6f7220546f74616c3a20522420282525252525293c2f74643e0d0a3c2f74723e0d0a3c74723e0d0a3c7464207374796c653d22636f6c6f723a20233464346434643b2070616464696e673a203135707820323270783b20746578742d616c69676e3a2063656e7465723b20666f6e742d73697a653a20312e31323572656d3b206d617267696e3a203270783b2220636f6c7370616e3d2232223e0d0a3c646976207374796c653d2270616464696e672d746f703a20323570783b2070616464696e672d626f74746f6d3a203570783b20746578742d616c69676e3a206c6566743b20666f6e742d7765696768743a203230303b20666f6e742d73697a653a20302e38373572656d3b206c696e652d6865696768743a20323270783b20636f6c6f723a20233137373661303b223e3c7370616e207374796c653d22636f6c6f723a20233137373661303b223e3c7370616e207374796c653d22666f6e742d73697a653a20302e38373572656d3b206c696e652d6865696768743a20323270783b223e2d266e6273703b3c2f7370616e3e3c2f7370616e3e3c7370616e207374796c653d22746578742d616c69676e3a2063656e7465723b20666f6e742d73697a653a20313470783b206c696e652d6865696768743a20323270783b223e3c7370616e207374796c653d22636f6c6f723a20233137373661303b223e537561207265736572766120736572266161637574653b20636f6e6669726d616461206d656469616e74652061207472616e736665722665636972633b6e63696120646520522420282525252525292c206f206571756976616c656e746520612035302520646f206d6f6e74616e746520746f74616c2064612073756120726573657276612e20506f72206661766f722c20617373696d20717565206f20706167616d656e746f20666f7220636f6e636c75266961637574653b646f20656e7669652d6e6f7320756d612063266f61637574653b7069612070617261206f20652d6d61696c203c7374726f6e673e706f7573616461406d61726176697374612e636f6d2e62723c2f7374726f6e673e2c20706172612071756520706f7373616d6f7320656e766961722d6c6865206120636f6e6669726d612663636564696c3b266174696c64653b6f2066696e616c2e2041626169786f20657374266174696c64653b6f206f73206461646f7320646120636f6e74612062616e63266161637574653b72696120706172612061207472616e736665722665636972633b6e6369613a3c2f7370616e3e3c2f7370616e3e3c2f6469763e0d0a3c2f74643e0d0a3c2f74723e0d0a3c74723e0d0a3c7464207374796c653d22636f6c6f723a20233464346434643b20746578742d616c69676e3a2063656e7465723b20666f6e742d73697a653a20312e31323572656d3b206d617267696e3a203270783b2220636f6c7370616e3d2232223e0d0a3c64697620636c6173733d227061672d6465706f7369746f22207374796c653d226d617267696e2d746f703a20313270783b206261636b67726f756e643a20233137373661303b20636f6c6f723a20236666663b2070616464696e673a20323570783b20666f6e742d7765696768743a203230303b223e0d0a3c703e3c7374726f6e67207374796c653d22746578742d7472616e73666f726d3a207570706572636173653b20666f6e742d73697a653a203172656d3b206d617267696e2d626f74746f6d3a20313270783b223e5452414e534645522645636972633b4e4349412042414e43264161637574653b5249413a3c2f7374726f6e673e3c2f703e0d0a3c6469763e42616e636f20646f2042726173696c3c2f6469763e0d0a3c6469763e4167656e6369613a20313539323c2f6469763e0d0a3c6469763e4e756d65726f20646120436f6e74613a203231313732393c2f6469763e0d0a3c6469763e434e504a3a2031382e3730312e3838362f303030312d36363c2f6469763e0d0a3c6469763e412e4a2e204b697373656c656666204d653c2f6469763e0d0a3c6469763e414e5345204d41524e41492047455354264174696c64653b4f20484f54454c454952413c2f6469763e0d0a3c2f6469763e0d0a3c2f74643e0d0a3c2f74723e0d0a3c74723e0d0a3c7464207374796c653d2270616464696e672d746f703a20313270783b2070616464696e672d626f74746f6d3a20353070783b20746578742d616c69676e3a206c6566743b20666f6e742d7765696768743a203230303b20666f6e742d73697a653a20302e38373572656d3b206c696e652d6865696768743a20323270783b20636f6c6f723a20233137373661303b2220636f6c7370616e3d2232223e0d0a3c703e3c7370616e3e2d204f20636865636b2d696e20646576652073657220666569746f206465706f6973206465206475617320686f72617320652073657520636865636b2d6f7574206174266561637574653b20266167726176653b7320313220686f7261732e20266e6273703b3c2f7370616e3e3c6272202f3e3c7370616e3e3c7370616e207374796c653d22666f6e742d73697a653a20302e38373572656d3b206c696e652d6865696768743a20323270783b223e2d266e6273703b3c2f7370616e3e3c7370616e3e536520766f632665636972633b20707265636973617220646520616c67756d2073657276692663636564696c3b6f20657370656369616c2c20706f72206661766f72206e6f7320696e666f726d6520706f7220652d6d61696c266e6273703b3c7374726f6e673e706f7573616461406d61726176697374612e636f6d2e62722e3c2f7374726f6e673e3c2f7370616e3e3c2f7370616e3e3c2f703e0d0a3c70207374796c653d22636f6c6f723a20233137373661303b20666f6e742d73697a653a20302e38373572656d3b20666f6e742d7765696768743a203230303b206c696e652d6865696768743a20323270783b223e2d20457374616d6f73206573706572616e646f20706f7220766f632665636972633b20656d2042267561637574653b7a696f733c2f703e0d0a3c2f74643e0d0a3c2f74723e0d0a3c7472207374796c653d22746578742d616c69676e3a2063656e7465723b223e0d0a3c7464207374796c653d22636f6c6f723a20233137373661303b20666f6e742d7765696768743a203430303b20666f6e742d73697a653a20302e3933373572656d3b2220636f6c7370616e3d2232223e52756120646f7320477261766174266161637574653b732c20313035382c205072616961206465204765726962266161637574653b2042267561637574653b7a696f73202d2052696f206465204a616e6569726f3c6272202f3e54656c2e3a202b353520323220323632332d323133303c2f74643e0d0a3c2f74723e0d0a3c7472207374796c653d22746578742d616c69676e3a2063656e7465723b223e0d0a3c7464207374796c653d22636f6c6f723a20233137373661303b20666f6e742d7765696768743a203430303b20666f6e742d73697a653a20312e31323572656d3b2070616464696e672d626f74746f6d3a20323970783b2220636f6c7370616e3d2232223e706f7573616461406d61726176697374612e636f6d2e6272207c207777772e6d61726176697374612e636f6d2e62723c2f74643e0d0a3c2f74723e0d0a3c74723e0d0a3c7464207374796c653d22636f6c6f723a20233561356135613b20666f6e742d73697a653a20313270783b20666f6e742d7765696768743a203230303b2220636f6c7370616e3d22322220616c69676e3d227269676874223e446576656c6f706564206279266e6273703b3c7374726f6e673e3c61207374796c653d22636f6c6f723a20233561356135613b20746578742d6465636f726174696f6e3a206e6f6e653b2220687265663d22687474703a2f2f64657369676e6c61622e636f6d2e6272223e44657369676e4c61623c2f613e3c2f7374726f6e673e3c2f74643e0d0a3c2f74723e0d0a3c2f74626f64793e0d0a3c2f7461626c653e0d0a3c2f74643e0d0a3c2f74723e0d0a3c2f74626f64793e0d0a3c2f7461626c653e0d0a3c2f74643e0d0a3c2f74723e0d0a3c2f74626f64793e0d0a3c2f7461626c653e0d0a3c2f626f64793e0d0a3c2f68746d6c3e, 0x3c21444f43545950452068746d6c205055424c494320222d2f2f5733432f2f445444205848544d4c20312e30205374726963742f2f454e222022687474703a2f2f7777772e77332e6f72672f54522f7868746d6c312f4454442f7868746d6c312d7374726963742e647464223e0d0a3c68746d6c20786d6c6e733d22687474703a2f2f7777772e77332e6f72672f313939392f7868746d6c223e0d0a3c686561643e0d0a093c6d65746120687474702d65717569763d22436f6e74656e742d547970652220636f6e74656e743d22746578742f68746d6c3b20636861727365743d7574662d3822202f3e0d0a093c6d657461206e616d653d2276696577706f72742220636f6e74656e743d2277696474683d6465766963652d7769647468222f3e0d0a3c2f686561643e0d0a3c626f64793e0d0a3c7461626c652077696474683d22313030252220626f726465723d2230223e0d0a3c74626f64793e0d0a3c74723e0d0a3c74643e0d0a3c7461626c6520636c6173733d22636f6e7461696e657222207374796c653d226261636b67726f756e643a20236666666666663b2077696474683a2036333070783b20626f726465722d636f6c6c617073653a20636f6c6c617073653b2220626f726465723d2230222063656c6c73706163696e673d2230222063656c6c70616464696e673d2230223e0d0a3c74626f64793e0d0a3c74723e0d0a3c74643e0d0a3c7461626c6520636c6173733d2268656164657222207374796c653d2270616464696e673a20333070782030203235707820303b20636f6c6f723a20233137373661303b206c696e652d6865696768743a20353070783b222077696474683d22313030252220626f726465723d2230223e0d0a3c74626f64793e0d0a3c74723e0d0a3c7464207374796c653d2277696474683a2031393070783b20646973706c61793a20696e6c696e652d626c6f636b3b20626f726465722d72696768743a20736f6c69642031707820234534453445343b2220616c69676e3d226c656674223e3c696d6720636c6173733d2268645f6c6f676f22207469746c653d22506f7573616461204d617261766973746122207372633d2268747470733a2f2f73736c3735342e7765627369746573656775726f2e636f6d2f6d6172617669737461312f696d6167652f6c6f676f2e706e672220616c743d22506f7573616461204d6172617669737461222077696474683d22313430707822206865696768743d22313536707822202f3e3c2f74643e0d0a3c746420636c6173733d2268645f7469746c6522207374796c653d2270616464696e672d6c6566743a20343470783b20666f6e742d73697a653a20332e3372656d3b20666f6e742d7765696768743a203430303b2220616c69676e3d226c656674223e5072652d72657365727661266e6273703b3c6272202f3e436f642e3a282525252525293c2f74643e0d0a3c2f74723e0d0a3c2f74626f64793e0d0a3c2f7461626c653e0d0a3c2f74643e0d0a3c2f74723e0d0a3c747220636c6173733d227465787431223e0d0a3c7464207374796c653d22636f6c6f723a20233333333b2070616464696e672d626f74746f6d3a20323570783b20666f6e742d7765696768743a203230303b206c696e652d6865696768743a20323270783b20746578742d616c69676e3a206a7573746966793b223e3c7370616e207374796c653d22636f6c6f723a20233333333333333b223e3c7370616e207374796c653d226c696e652d6865696768743a20323270783b223e4772616369617320282525252525292070617261206861636572207375207072652d726573657276612e204c61207461726966612064696172696120696e636c75796520746f646173206c61732074617361732c206465736179756e6f2c206170617263616d69656e746f207072697661646f2c20696e7465726e65742057492d4649207920656c2061636365736f207920656c20736572766963696f20646520706c6179612e3c2f7370616e3e3c2f7370616e3e3c2f74643e0d0a3c2f74723e0d0a3c747220636c6173733d227461626c65223e0d0a3c74643e0d0a3c7461626c652077696474683d22313030252220626f726465723d2230222063656c6c73706163696e673d22347078222063656c6c70616464696e673d2230223e0d0a3c74626f64793e0d0a3c74723e0d0a3c7464207374796c653d226261636b67726f756e642d636f6c6f723a20233137373661303b2070616464696e673a203135707820323270783b20666f6e742d73697a653a20312e31323572656d3b20636f6c6f723a20236666666666663b206d617267696e3a203270783b223e282525252525293c2f74643e0d0a3c7464207374796c653d226261636b67726f756e642d636f6c6f723a20233137373661303b2070616464696e673a203135707820323270783b20666f6e742d73697a653a20312e31323572656d3b20636f6c6f723a20236666666666663b206d617267696e3a203270783b223e282525252525293c2f74643e0d0a3c2f74723e0d0a3c74723e0d0a3c7464207374796c653d22636f6c6f723a20233464346434643b2070616464696e673a203135707820323270783b20666f6e742d73697a653a20312e31323572656d3b206261636b67726f756e642d636f6c6f723a20236632663266323b206d617267696e3a203270783b223e436865636b2d696e3a20282525252525293c2f74643e0d0a3c7464207374796c653d22636f6c6f723a20233464346434643b2070616464696e673a203135707820323270783b20666f6e742d73697a653a20312e31323572656d3b206261636b67726f756e642d636f6c6f723a20236632663266323b206d617267696e3a203270783b223e436865636b2d6f75743a20282525252525293c2f74643e0d0a3c2f74723e0d0a3c74723e0d0a3c7464207374796c653d22636f6c6f723a20233464346434643b2070616464696e673a203135707820323270783b20666f6e742d73697a653a20312e31323572656d3b206261636b67726f756e642d636f6c6f723a20236632663266323b206d617267696e3a203270783b223e4e267561637574653b6d65726f20646520706572736f6e61733a20282525252525293c2f74643e0d0a3c7464207374796c653d22636f6c6f723a20233464346434643b2070616464696e673a203135707820323270783b20666f6e742d73697a653a20312e31323572656d3b206261636b67726f756e642d636f6c6f723a20236632663266323b206d617267696e3a203270783b223e4e267561637574653b6d65726f206465204164756c746f733a20282525252525293c2f74643e0d0a3c2f74723e0d0a3c74723e0d0a3c7464207374796c653d22636f6c6f723a20233464346434643b2070616464696e673a203135707820323270783b20666f6e742d73697a653a20312e31323572656d3b206261636b67726f756e642d636f6c6f723a20236632663266323b206d617267696e3a203270783b223e4e267561637574653b6d65726f206465204e69266e74696c64653b6f733a20282525252525293c2f74643e0d0a3c7464207374796c653d22636f6c6f723a20233464346434643b2070616464696e673a203135707820323270783b20666f6e742d73697a653a20312e31323572656d3b206261636b67726f756e642d636f6c6f723a20236632663266323b206d617267696e3a203270783b223e4e267561637574653b6d65726f2064652068616269746163696f6e65733a20282525252525293c2f74643e0d0a3c2f74723e0d0a3c74723e0d0a3c7464207374796c653d22636f6c6f723a20233464346434643b2070616464696e673a203135707820323270783b20666f6e742d73697a653a20312e31323572656d3b206261636b67726f756e642d636f6c6f723a20236632663266323b206d617267696e3a203270783b2220636f6c7370616e3d2232223e43617465676f72266961637574653b61202f204861626974616369266f61637574653b6e3a20282525252525293c2f74643e0d0a3c2f74723e0d0a3c74723e0d0a3c7464207374796c653d22636f6c6f723a20233464346434643b2070616464696e673a203135707820323270783b20666f6e742d73697a653a20312e31323572656d3b206261636b67726f756e642d636f6c6f723a20236632663266323b206d617267696e3a203270783b223e4d266561637574653b746f646f206465207061676f3a20282525252525293c2f74643e0d0a3c7464207374796c653d22636f6c6f723a20233464346434643b2070616464696e673a203135707820323270783b20666f6e742d73697a653a20312e31323572656d3b206261636b67726f756e642d636f6c6f723a20236632663266323b206d617267696e3a203270783b223e5365266e74696c64653b616c2064652076656e74613a20282525252525293c2f74643e0d0a3c2f74723e0d0a3c74723e0d0a3c7464207374796c653d22636f6c6f723a20236666666666663b2070616464696e673a203135707820323270783b20746578742d616c69676e3a2063656e7465723b20666f6e742d73697a653a20312e31323572656d3b206261636b67726f756e642d636f6c6f723a20233331613164323b206d617267696e3a203270783b2220636f6c7370616e3d2232223e546f74616c3a20522420282525252525293c2f74643e0d0a3c2f74723e0d0a3c74723e0d0a3c7464207374796c653d22636f6c6f723a20233464346434643b2070616464696e673a203135707820323270783b20746578742d616c69676e3a2063656e7465723b20666f6e742d73697a653a20312e31323572656d3b206d617267696e3a203270783b2220636f6c7370616e3d2232223e0d0a3c646976207374796c653d2270616464696e672d746f703a20323570783b2070616464696e672d626f74746f6d3a203570783b20746578742d616c69676e3a206c6566743b20666f6e742d7765696768743a203230303b20666f6e742d73697a653a20302e38373572656d3b206c696e652d6865696768743a20323270783b20636f6c6f723a20233137373661303b223e3c7370616e207374796c653d22636f6c6f723a20233137373661303b223e3c7370616e207374796c653d22666f6e742d73697a653a20302e38373572656d3b206c696e652d6865696768743a20323270783b223e2d266e6273703b3c2f7370616e3e3c7370616e207374796c653d22666f6e742d73697a653a20313470783b206c696e652d6865696768743a20323270783b223e5375207265736572766120736572266161637574653b20636f6e6669726d61646120612074726176266561637574653b73206465206c61207472616e73666572656e6369612064652024205220282525252525292c206c6f20717565206571756976616c6520616c203530252064656c20696d706f72746520746f74616c206465206c6120726573657276612e20506f72206661766f722c2074616e2070726f6e746f20636f6d6f20736520636f6d706c65746520656c207061676f2c20656e76266961637574653b656e6f7320756e6120636f70696120646520636865717565732061206c6120706f7573616461406d61726176697374612e636f6d2e627220636f7272656f20656c65637472266f61637574653b6e69636f2c20706172612071756520706f64616d6f7320656e766961726c65206c6120636f6e6669726d616369266f61637574653b6e2066696e616c2e204120636f6e74696e75616369266f61637574653b6e207365206d756573747261206c6f73206461746f73206465206c61206375656e74612062616e63617269612070617261206c61207472616e73666572656e6369613c2f7370616e3e3c7370616e207374796c653d22666f6e742d73697a653a20302e38373572656d3b206c696e652d6865696768743a20323270783b223e3a3c2f7370616e3e3c2f7370616e3e3c2f6469763e0d0a3c2f74643e0d0a3c2f74723e0d0a3c74723e0d0a3c7464207374796c653d22636f6c6f723a20233464346434643b20746578742d616c69676e3a2063656e7465723b20666f6e742d73697a653a20312e31323572656d3b206d617267696e3a203270783b2220636f6c7370616e3d2232223e0d0a3c64697620636c6173733d227061672d6465706f7369746f22207374796c653d226d617267696e2d746f703a20313270783b206261636b67726f756e643a20233137373661303b20636f6c6f723a20236666663b2070616464696e673a20323570783b20666f6e742d7765696768743a203230303b223e0d0a3c703e3c7374726f6e67207374796c653d22746578742d7472616e73666f726d3a207570706572636173653b20666f6e742d73697a653a203172656d3b206d617267696e2d626f74746f6d3a20313270783b223e4355454e5441204445205452414e53464552454e4349413a3c2f7374726f6e673e3c2f703e0d0a3c6469763e42616e636f20646f2042726173696c3c2f6469763e0d0a3c6469763e4167656e6369613a20313539323c2f6469763e0d0a3c6469763e4e267561637574653b6d65726f206465204375656e74613a203231313732393c2f6469763e0d0a3c6469763e434e504a3a2031382e3730312e3838362f303030312d36363c2f6469763e0d0a3c6469763e412e4a2e204b697373656c656666204d653c2f6469763e0d0a3c6469763e414e5345204d41524e41492047455354264174696c64653b4f20484f54454c454952413c2f6469763e0d0a3c2f6469763e0d0a3c2f74643e0d0a3c2f74723e0d0a3c74723e0d0a3c7464207374796c653d2270616464696e672d746f703a20313270783b2070616464696e672d626f74746f6d3a20353070783b20746578742d616c69676e3a206c6566743b20666f6e742d7765696768743a203230303b20666f6e742d73697a653a20302e38373572656d3b206c696e652d6865696768743a20323270783b20636f6c6f723a20233137373661303b2220636f6c7370616e3d2232223e0d0a3c703e3c7370616e207374796c653d22636f6c6f723a20233137373661303b223e2d20537520726567697374726f20646520656e74726164612064656265207265616c697a61727365206465737075266561637574653b732064652031343a3030207920656c20636865636b2d6f7574206861737461206c617320313220706d2e20266e6273703b3c2f7370616e3e3c6272202f3e3c7370616e3e3c7370616e207374796c653d22666f6e742d73697a653a20302e38373572656d3b206c696e652d6865696768743a20323270783b223e2d266e6273703b3c2f7370616e3e3c7370616e3e3c7370616e207374796c653d22636f6c6f723a20233137373661303b223e3c7370616e207374796c653d22666f6e742d73697a653a20313470783b206c696e652d6865696768743a20323270783b223e5369206e6563657369746120616c67267561637574653b6e20736572766963696f20657370656369616c2c20706f72206661766f7220696e66266f61637574653b726d656e6f7320706f7220636f7272656f20656c65637472266f61637574653b6e69636f203c7374726f6e673e706f7573616461406d61726176697374612e636f6d2e62723c2f7374726f6e673e3c2f7370616e3e3c2f7370616e3e3c7374726f6e67207374796c653d22636f6c6f723a20233137373661303b20666f6e742d73697a653a20302e38373572656d3b206c696e652d6865696768743a20323270783b223e2e3c2f7374726f6e673e3c2f7370616e3e3c2f7370616e3e3c2f703e0d0a3c70207374796c653d22636f6c6f723a20233137373661303b20666f6e742d73697a653a20302e38373572656d3b20666f6e742d7765696768743a203230303b206c696e652d6865696768743a20323270783b223e2d20457374616d6f73206573706572616e646f20706f7220757374656420656e2042267561637574653b7a696f73213c2f703e0d0a3c2f74643e0d0a3c2f74723e0d0a3c7472207374796c653d22746578742d616c69676e3a2063656e7465723b223e0d0a3c7464207374796c653d22636f6c6f723a20233137373661303b20666f6e742d7765696768743a203430303b20666f6e742d73697a653a20302e3933373572656d3b2220636f6c7370616e3d2232223e52756120646f7320477261766174266161637574653b732c20313035382c205072616961206465204765726962266161637574653b2042267561637574653b7a696f73202d2052696f206465204a616e6569726f3c6272202f3e54656c2e3a202b353520323220323632332d323133303c2f74643e0d0a3c2f74723e0d0a3c7472207374796c653d22746578742d616c69676e3a2063656e7465723b223e0d0a3c7464207374796c653d22636f6c6f723a20233137373661303b20666f6e742d7765696768743a203430303b20666f6e742d73697a653a20312e31323572656d3b2070616464696e672d626f74746f6d3a20323970783b2220636f6c7370616e3d2232223e706f7573616461406d61726176697374612e636f6d2e6272207c207777772e6d61726176697374612e636f6d2e62723c2f74643e0d0a3c2f74723e0d0a3c74723e0d0a3c7464207374796c653d22636f6c6f723a20233561356135613b20666f6e742d73697a653a20313270783b20666f6e742d7765696768743a203230303b2220636f6c7370616e3d22322220616c69676e3d227269676874223e446576656c6f706564206279266e6273703b3c7374726f6e673e3c61207374796c653d22636f6c6f723a20233561356135613b20746578742d6465636f726174696f6e3a206e6f6e653b2220687265663d22687474703a2f2f64657369676e6c61622e636f6d2e6272223e44657369676e4c61623c2f613e3c2f7374726f6e673e3c2f74643e0d0a3c2f74723e0d0a3c2f74626f64793e0d0a3c2f7461626c653e0d0a3c2f74643e0d0a3c2f74723e0d0a3c2f74626f64793e0d0a3c2f7461626c653e0d0a3c2f74643e0d0a3c2f74723e0d0a3c2f74626f64793e0d0a3c2f7461626c653e0d0a3c2f626f64793e0d0a3c2f68746d6c3e, '1', '2995E89FB4A77E4FB5F56D4991C75850'),
('DAE86911603860AFE327120B3378A1CC', '2013-12-02 14:30:28', 0x3c70207374796c653d22746578742d616c69676e3a206a7573746966793b223e3c7370616e2069643d22726573756c745f626f7822206c616e673d22656e223e3c7374726f6e673e5375706572696f723c2f7374726f6e673e3c6272202f3e3c6272202f3e4c6f6361746564206f6e2074686520666972737420666c6f6f722e20496465616c20666f722066616d696c6965732c20736c6565707320757020746f203420636f6d666f727461626c792e204861766520706c61736d612054562c206d696e696261722c2061697220636f6e646974696f6e696e6720616e64206365696c696e672066616e2e3c6272202f3e3c2f7370616e3e3c2f703e, 0x3c70207374796c653d22746578742d616c69676e3a206a7573746966793b223e3c7370616e2069643d22726573756c745f626f7822206c616e673d22656e223e3c7374726f6e673e5375706572696f723c2f7374726f6e673e3c2f7370616e3e3c6272202f3e3c6272207374796c653d22746578742d616c69676e3a206a7573746966793b22202f3e4c6f63616c697a61646173206e6f207072696d6569726f20616e6461722e20496465616c20706172612066616d266961637574653b6c6961732c2061636f6d6f646120636f6e666f72746176656c6d656e7465206174266561637574653b203420706573736f61732e20506f737375656d20545620646520706c61736d612c206d696e696261722c2061722d636f6e646963696f6e61646f20652076656e74696c61646f72206465207465746f2e3c6272202f3e3c6272202f3e3c2f703e, 0x3c703e3c7374726f6e673e5375706572696f723c2f7374726f6e673e3c6272202f3e203c6272202f3e204c6f63616c697a6164617320656e20656c207072696d65726f207069736f2e20506572666563746f20706172612066616d696c6961732c2061636f6d6f646120636f6e666f727461626c656d656e7465206861737461203420706572736f6e61732e20506f7365656e20545620646520706c61736d612c206d696e696261722c20616972652061636f6e646963696f6e61646f20792076656e74696c61646f72206465207465746f2e3c2f703e, '1', '2995E89FB4A77E4FB5F56D4991C75850'),
('76CDB79D4A1EA8145180A14E1E70017A', '2013-12-10 17:09:57', '', '', '', '1', '2995E89FB4A77E4FB5F56D4991C75850');
INSERT INTO `descricao` (`CODDESCRICAO`, `DTA`, `INGLES`, `PORTUGUES`, `ESPANHOL`, `STATUS`, `OWNER`) VALUES
('AD5723D07144CE35FC250502C3FA8848', '2014-01-15 16:49:34', 0x3c21444f43545950452068746d6c205055424c494320222d2f2f5733432f2f445444205848544d4c20312e30205374726963742f2f454e222022687474703a2f2f7777772e77332e6f72672f54522f7868746d6c312f4454442f7868746d6c312d7374726963742e647464223e0d0a3c68746d6c20786d6c6e733d22687474703a2f2f7777772e77332e6f72672f313939392f7868746d6c223e0d0a3c686561643e0d0a093c6d65746120687474702d65717569763d22436f6e74656e742d547970652220636f6e74656e743d22746578742f68746d6c3b20636861727365743d7574662d3822202f3e0d0a093c6d657461206e616d653d2276696577706f72742220636f6e74656e743d2277696474683d6465766963652d7769647468222f3e0d0a3c2f686561643e0d0a3c626f64793e0d0a3c7461626c652077696474683d22313030252220626f726465723d2230223e0d0a3c74626f64793e0d0a3c74723e0d0a3c74643e0d0a3c7461626c6520636c6173733d22636f6e7461696e657222207374796c653d226261636b67726f756e643a20236666666666663b2077696474683a2036333070783b20626f726465722d636f6c6c617073653a20636f6c6c617073653b2220626f726465723d2230222063656c6c73706163696e673d2230222063656c6c70616464696e673d2230223e0d0a3c74626f64793e0d0a3c74723e0d0a3c74643e0d0a3c7461626c6520636c6173733d2268656164657222207374796c653d2270616464696e673a20333070782030203235707820303b20636f6c6f723a20233137373661303b206c696e652d6865696768743a20353070783b222077696474683d22313030252220626f726465723d2230223e0d0a3c74626f64793e0d0a3c74723e0d0a3c7464207374796c653d2277696474683a2031393070783b20646973706c61793a20696e6c696e652d626c6f636b3b20626f726465722d72696768743a20736f6c69642031707820234534453445343b2220616c69676e3d226c656674223e3c696d6720636c6173733d2268645f6c6f676f22207469746c653d22506f7573616461204d617261766973746122207372633d2268747470733a2f2f73736c3735342e7765627369746573656775726f2e636f6d2f6d6172617669737461312f696d6167652f6c6f676f2e706e672220616c743d22506f7573616461204d6172617669737461222077696474683d22313430707822206865696768743d22313536707822202f3e3c2f74643e0d0a3c746420636c6173733d2268645f7469746c6522207374796c653d2270616464696e672d6c6566743a20343470783b20666f6e742d73697a653a20332e3372656d3b20666f6e742d7765696768743a203430303b2220616c69676e3d226c656674223e426f6f6b696e6720436f6e6669726d65642120266e6273703b3c6272202f3e203c7370616e3e436f64653a282525252525293c2f7370616e3e3c2f74643e0d0a3c2f74723e0d0a3c2f74626f64793e0d0a3c2f7461626c653e0d0a3c2f74643e0d0a3c2f74723e0d0a3c747220636c6173733d227465787431223e0d0a3c7464207374796c653d22636f6c6f723a20233333333b2070616464696e672d626f74746f6d3a20323570783b20666f6e742d7765696768743a203230303b206c696e652d6865696768743a20323270783b20746578742d616c69676e3a206a7573746966793b223e5468616e6b20796f75266e6273703b3c7374726f6e673e282525252525293c2f7374726f6e673e20666f722063686f6f73696e672074686520506f7573616461204d617261766973746121205765206172652076657279206578636974656420746f2077656c636f6d696e6720796f75212042656c6f7720617265207468652064657461696c73206f6620796f757220626f6f6b696e672e3c2f74643e0d0a3c2f74723e0d0a3c747220636c6173733d227461626c65223e0d0a3c74643e0d0a3c7461626c652077696474683d22313030252220626f726465723d2230222063656c6c73706163696e673d22347078222063656c6c70616464696e673d2230223e0d0a3c74626f64793e0d0a3c74723e0d0a3c7464207374796c653d226261636b67726f756e642d636f6c6f723a20233137373661303b2070616464696e673a203135707820323270783b20666f6e742d73697a653a20312e31323572656d3b20636f6c6f723a20236666666666663b206d617267696e3a203270783b223e282525252525293c2f74643e0d0a3c7464207374796c653d226261636b67726f756e642d636f6c6f723a20233137373661303b2070616464696e673a203135707820323270783b20666f6e742d73697a653a20312e31323572656d3b20636f6c6f723a20236666666666663b206d617267696e3a203270783b223e282525252525293c2f74643e0d0a3c2f74723e0d0a3c74723e0d0a3c7464207374796c653d22636f6c6f723a20233464346434643b2070616464696e673a203135707820323270783b20666f6e742d73697a653a20312e31323572656d3b206261636b67726f756e642d636f6c6f723a20236632663266323b206d617267696e3a203270783b223e436865636b2d696e3a20282525252525293c2f74643e0d0a3c7464207374796c653d22636f6c6f723a20233464346434643b2070616464696e673a203135707820323270783b20666f6e742d73697a653a20312e31323572656d3b206261636b67726f756e642d636f6c6f723a20236632663266323b206d617267696e3a203270783b223e436865636b2d6f75743a20282525252525293c2f74643e0d0a3c2f74723e0d0a3c74723e0d0a3c7464207374796c653d22636f6c6f723a20233464346434643b2070616464696e673a203135707820323270783b20666f6e742d73697a653a20312e31323572656d3b206261636b67726f756e642d636f6c6f723a20236632663266323b206d617267696e3a203270783b223e4e756d626572206f662050656f706c653a20282525252525293c2f74643e0d0a3c7464207374796c653d22636f6c6f723a20233464346434643b2070616464696e673a203135707820323270783b20666f6e742d73697a653a20312e31323572656d3b206261636b67726f756e642d636f6c6f723a20236632663266323b206d617267696e3a203270783b223e4e756d626572206f66204164756c74733a20282525252525293c2f74643e0d0a3c2f74723e0d0a3c74723e0d0a3c7464207374796c653d22636f6c6f723a20233464346434643b2070616464696e673a203135707820323270783b20666f6e742d73697a653a20312e31323572656d3b206261636b67726f756e642d636f6c6f723a20236632663266323b206d617267696e3a203270783b223e4e756d626572206f66204368696c6472656e3a20282525252525293c2f74643e0d0a3c7464207374796c653d22636f6c6f723a20233464346434643b2070616464696e673a203135707820323270783b20666f6e742d73697a653a20312e31323572656d3b206261636b67726f756e642d636f6c6f723a20236632663266323b206d617267696e3a203270783b223e4e756d626572206f6620526f6f6d733a20282525252525293c2f74643e0d0a3c2f74723e0d0a3c74723e0d0a3c7464207374796c653d22636f6c6f723a20233464346434643b2070616464696e673a203135707820323270783b20666f6e742d73697a653a20312e31323572656d3b206261636b67726f756e642d636f6c6f723a20236632663266323b206d617267696e3a203270783b2220636f6c7370616e3d22322220616c69676e3d2263656e746572223e43617465676f72792f526f6f6d3a20282525252525293c2f74643e0d0a3c2f74723e0d0a3c74723e0d0a3c7464207374796c653d22636f6c6f723a20233464346434643b2070616464696e673a203135707820323270783b20666f6e742d73697a653a20312e31323572656d3b206261636b67726f756e642d636f6c6f723a20236632663266323b206d617267696e3a203270783b223e5061796d656e74204d6574686f643a20282525252525293c2f74643e0d0a3c7464207374796c653d22636f6c6f723a20233464346434643b2070616464696e673a203135707820323270783b20666f6e742d73697a653a20312e31323572656d3b206261636b67726f756e642d636f6c6f723a20236632663266323b206d617267696e3a203270783b223e5072657061796d656e7420646f6e653a20282525252525293c2f74643e0d0a3c2f74723e0d0a3c74723e0d0a3c7464207374796c653d22636f6c6f723a20236666666666663b2070616464696e673a203135707820323270783b20746578742d616c69676e3a2063656e7465723b20666f6e742d73697a653a20312e31323572656d3b206261636b67726f756e642d636f6c6f723a20233331613164323b206d617267696e3a203270783b2220636f6c7370616e3d2232223e546f74616c20416d6f756e743a20522420282525252525293c2f74643e0d0a3c2f74723e0d0a3c2f74626f64793e0d0a3c2f7461626c653e0d0a3c2f74643e0d0a3c2f74723e0d0a3c74723e0d0a3c7464207374796c653d2270616464696e672d746f703a20323570783b2070616464696e672d626f74746f6d3a20353070783b20746578742d616c69676e3a206c6566743b20666f6e742d7765696768743a203230303b20666f6e742d73697a653a20302e38373572656d3b206c696e652d6865696768743a20323270783b20636f6c6f723a20233137373661303b223e436865636b2d696e3a204173206f66203220702e6d2e202f2f20436865636b2d6f75743a20556e74696c20313220706d2e203c6272202f3e576f756c6420796f75207265717569726520616e79206164646974696f6e616c20696e666f726d6174696f6e2c20706c6561736520646f206e6f7420686573697461746520746f20636f6e7461637420757320627920656d61696c206174266e6273703b3c7374726f6e673e706f7573616461406d61726176697374612e636f6d2e62723c2f7374726f6e673e2e3c2f74643e0d0a3c2f74723e0d0a3c7472207374796c653d22746578742d616c69676e3a2063656e7465723b223e0d0a3c7464207374796c653d22636f6c6f723a20233137373661303b20666f6e742d7765696768743a203430303b20666f6e742d73697a653a20302e3933373572656d3b223e0d0a3c703e52756120646f7320477261766174266161637574653b732c20313035382c205072616961206465204765726962266161637574653b2042267561637574653b7a696f73202d2052696f206465204a616e6569726f3c6272202f3e2054656c2e3a202b353520323220323632332d323133303c2f703e0d0a3c2f74643e0d0a3c2f74723e0d0a3c7472207374796c653d22746578742d616c69676e3a2063656e7465723b223e0d0a3c7464207374796c653d22636f6c6f723a20233137373661303b20666f6e742d7765696768743a203430303b20666f6e742d73697a653a20312e31323572656d3b2070616464696e672d626f74746f6d3a20323970783b223e706f7573616461406d61726176697374612e636f6d2e6272207c207777772e6d61726176697374612e636f6d2e62723c2f74643e0d0a3c2f74723e0d0a3c74723e0d0a3c7464207374796c653d22636f6c6f723a20233561356135613b20666f6e742d73697a653a20313270783b20666f6e742d7765696768743a203230303b2220616c69676e3d227269676874223e446576656c6f706564206279203c7374726f6e673e3c61207374796c653d22636f6c6f723a20233561356135613b20746578742d6465636f726174696f6e3a206e6f6e653b2220687265663d22687474703a2f2f64657369676e6c61622e636f6d2e6272223e44657369676e4c61623c2f613e3c2f7374726f6e673e3c2f74643e0d0a3c2f74723e0d0a3c2f74626f64793e0d0a3c2f7461626c653e0d0a3c2f74643e0d0a3c2f74723e0d0a3c2f74626f64793e0d0a3c2f7461626c653e0d0a3c2f626f64793e0d0a3c2f68746d6c3e, 0x3c21444f43545950452068746d6c205055424c494320222d2f2f5733432f2f445444205848544d4c20312e30205374726963742f2f454e222022687474703a2f2f7777772e77332e6f72672f54522f7868746d6c312f4454442f7868746d6c312d7374726963742e647464223e0d0a3c68746d6c20786d6c6e733d22687474703a2f2f7777772e77332e6f72672f313939392f7868746d6c223e0d0a3c686561643e0d0a093c6d65746120687474702d65717569763d22436f6e74656e742d547970652220636f6e74656e743d22746578742f68746d6c3b20636861727365743d7574662d3822202f3e0d0a093c6d657461206e616d653d2276696577706f72742220636f6e74656e743d2277696474683d6465766963652d7769647468222f3e0d0a3c2f686561643e0d0a3c626f64793e0d0a3c7461626c652077696474683d22313030252220626f726465723d2230223e0d0a3c74626f64793e0d0a3c74723e0d0a3c74643e0d0a3c7461626c6520636c6173733d22636f6e7461696e657222207374796c653d226261636b67726f756e643a20236666666666663b2077696474683a2036333070783b20626f726465722d636f6c6c617073653a20636f6c6c617073653b2220626f726465723d2230222063656c6c73706163696e673d2230222063656c6c70616464696e673d2230223e0d0a3c74626f64793e0d0a3c74723e0d0a3c74643e0d0a3c7461626c6520636c6173733d2268656164657222207374796c653d2270616464696e673a20333070782030203235707820303b20636f6c6f723a20233137373661303b206c696e652d6865696768743a20353070783b222077696474683d22313030252220626f726465723d2230223e0d0a3c74626f64793e0d0a3c74723e0d0a3c7464207374796c653d2277696474683a2031393070783b20646973706c61793a20696e6c696e652d626c6f636b3b20626f726465722d72696768743a20736f6c69642031707820234534453445343b2220616c69676e3d226c656674223e3c696d6720636c6173733d2268645f6c6f676f22207469746c653d22506f7573616461204d617261766973746122207372633d2268747470733a2f2f73736c3735342e7765627369746573656775726f2e636f6d2f6d6172617669737461312f696d6167652f6c6f676f2e706e672220616c743d22506f7573616461204d6172617669737461222077696474683d22313430707822206865696768743d22313536707822202f3e3c2f74643e0d0a3c746420636c6173733d2268645f7469746c6522207374796c653d2270616464696e672d6c6566743a20343470783b20666f6e742d73697a653a20332e3372656d3b20666f6e742d7765696768743a203430303b2220616c69676e3d226c656674223e5265736572766120436f6e6669726d61646121266e6273703b3c6272202f3e203c7370616e3e43266f61637574653b642e3a282525252525293c2f7370616e3e3c2f74643e0d0a3c2f74723e0d0a3c2f74626f64793e0d0a3c2f7461626c653e0d0a3c2f74643e0d0a3c2f74723e0d0a3c747220636c6173733d227465787431223e0d0a3c7464207374796c653d22636f6c6f723a20233333333b2070616464696e672d626f74746f6d3a20323570783b20666f6e742d7765696768743a203230303b206c696e652d6865696768743a20323270783b20746578742d616c69676e3a206a7573746966793b223e0d0a3c703e4f6272696761646f286129266e6273703b3c7374726f6e673e282525252525293c2f7374726f6e673e20706f72206573636f6c686572206120506f7573616461204d61726176697374612120457374616d6f7320616e73696f736f732070617261207465207265636562657221266e6273703b3c7370616e207374796c653d22636f6c6f723a20233030303030303b223e41626169786f2073656775656d20617320696e666f726d612663636564696c3b266f74696c64653b65732064612073756120726573657276612e3c2f7370616e3e3c2f703e0d0a3c2f74643e0d0a3c2f74723e0d0a3c747220636c6173733d227461626c65223e0d0a3c74643e0d0a3c7461626c652077696474683d22313030252220626f726465723d2230222063656c6c73706163696e673d22347078222063656c6c70616464696e673d2230223e0d0a3c74626f64793e0d0a3c74723e0d0a3c7464207374796c653d226261636b67726f756e642d636f6c6f723a20233137373661303b2070616464696e673a203135707820323270783b20666f6e742d73697a653a20312e31323572656d3b20636f6c6f723a20236666666666663b206d617267696e3a203270783b223e282525252525293c2f74643e0d0a3c7464207374796c653d226261636b67726f756e642d636f6c6f723a20233137373661303b2070616464696e673a203135707820323270783b20666f6e742d73697a653a20312e31323572656d3b20636f6c6f723a20236666666666663b206d617267696e3a203270783b223e282525252525293c2f74643e0d0a3c2f74723e0d0a3c74723e0d0a3c7464207374796c653d22636f6c6f723a20233464346434643b2070616464696e673a203135707820323270783b20666f6e742d73697a653a20312e31323572656d3b206261636b67726f756e642d636f6c6f723a20236632663266323b206d617267696e3a203270783b223e436865636b2d696e3a20282525252525293c2f74643e0d0a3c7464207374796c653d22636f6c6f723a20233464346434643b2070616464696e673a203135707820323270783b20666f6e742d73697a653a20312e31323572656d3b206261636b67726f756e642d636f6c6f723a20236632663266323b206d617267696e3a203270783b223e436865636b2d6f75743a20282525252525293c2f74643e0d0a3c2f74723e0d0a3c74723e0d0a3c7464207374796c653d22636f6c6f723a20233464346434643b2070616464696e673a203135707820323270783b20666f6e742d73697a653a20312e31323572656d3b206261636b67726f756e642d636f6c6f723a20236632663266323b206d617267696e3a203270783b223e4e267561637574653b6d65726f20646520506573736f61733a20282525252525293c2f74643e0d0a3c7464207374796c653d22636f6c6f723a20233464346434643b2070616464696e673a203135707820323270783b20666f6e742d73697a653a20312e31323572656d3b206261636b67726f756e642d636f6c6f723a20236632663266323b206d617267696e3a203270783b223e4e267561637574653b6d65726f206465204164756c746f733a20282525252525293c2f74643e0d0a3c2f74723e0d0a3c74723e0d0a3c7464207374796c653d22636f6c6f723a20233464346434643b2070616464696e673a203135707820323270783b20666f6e742d73697a653a20312e31323572656d3b206261636b67726f756e642d636f6c6f723a20236632663266323b206d617267696e3a203270783b223e4e267561637574653b6d65726f20646520437269616e2663636564696c3b61733a20282525252525293c2f74643e0d0a3c7464207374796c653d22636f6c6f723a20233464346434643b2070616464696e673a203135707820323270783b20666f6e742d73697a653a20312e31323572656d3b206261636b67726f756e642d636f6c6f723a20236632663266323b206d617267696e3a203270783b223e4e267561637574653b6d65726f2064652051756172746f733a20282525252525293c2f74643e0d0a3c2f74723e0d0a3c74723e0d0a3c7464207374796c653d22636f6c6f723a20233464346434643b2070616464696e673a203135707820323270783b20666f6e742d73697a653a20312e31323572656d3b206261636b67726f756e642d636f6c6f723a20236632663266323b206d617267696e3a203270783b2220636f6c7370616e3d22322220616c69676e3d2263656e746572223e43617465676f7269612f51756172746f3a20282525252525293c2f74643e0d0a3c2f74723e0d0a3c74723e0d0a3c7464207374796c653d22636f6c6f723a20233464346434643b2070616464696e673a203135707820323270783b20666f6e742d73697a653a20312e31323572656d3b206261636b67726f756e642d636f6c6f723a20236632663266323b206d617267696e3a203270783b223e466f726d6120646520506167616d656e746f3a20282525252525293c2f74643e0d0a3c7464207374796c653d22636f6c6f723a20233464346434643b2070616464696e673a203135707820323270783b20666f6e742d73697a653a20312e31323572656d3b206261636b67726f756e642d636f6c6f723a20236632663266323b206d617267696e3a203270783b223e53696e616c3a20282525252525293c2f74643e0d0a3c2f74723e0d0a3c74723e0d0a3c7464207374796c653d22636f6c6f723a20236666666666663b2070616464696e673a203135707820323270783b20746578742d616c69676e3a2063656e7465723b20666f6e742d73697a653a20312e31323572656d3b206261636b67726f756e642d636f6c6f723a20233331613164323b206d617267696e3a203270783b2220636f6c7370616e3d2232223e56616c6f7220546f74616c20646120526573657276613a20522420282525252525293c2f74643e0d0a3c2f74723e0d0a3c2f74626f64793e0d0a3c2f7461626c653e0d0a3c2f74643e0d0a3c2f74723e0d0a3c74723e0d0a3c7464207374796c653d2270616464696e672d746f703a20323570783b2070616464696e672d626f74746f6d3a20353070783b20746578742d616c69676e3a206c6566743b20666f6e742d7765696768743a203230303b20666f6e742d73697a653a20302e38373572656d3b206c696e652d6865696768743a20323270783b20636f6c6f723a20233137373661303b223e2d2053657520636865636b2d696e206465766572266161637574653b2073657220666569746f206170266f61637574653b7320617320313468206461206461746120646520656e74726164612065206f20636865636b2d6f7574206174266561637574653b20266167726176653b73203132682e203c6272202f3e202d204361736f206e656365737369746520646520616c67756d2073657276692663636564696c3b6f20657370656369616c2c206661766f72206e6f7320696e666f726d61722070656c6f20656d61696c203c7374726f6e673e72657365727661406d61726176697374612e636f6d2e62723c2f7374726f6e673e2e3c2f74643e0d0a3c2f74723e0d0a3c7472207374796c653d22746578742d616c69676e3a2063656e7465723b223e0d0a3c7464207374796c653d22636f6c6f723a20233137373661303b20666f6e742d7765696768743a203430303b20666f6e742d73697a653a20302e3933373572656d3b223e52756120646f7320477261766174266161637574653b732c20313035382c205072616961206465204765726962266161637574653b2042267561637574653b7a696f73202d2052696f206465204a616e6569726f3c6272202f3e54656c2e3a202b353520323220323632332d323133303c2f74643e0d0a3c2f74723e0d0a3c7472207374796c653d22746578742d616c69676e3a2063656e7465723b223e0d0a3c7464207374796c653d22636f6c6f723a20233137373661303b20666f6e742d7765696768743a203430303b20666f6e742d73697a653a20312e31323572656d3b2070616464696e672d626f74746f6d3a20323970783b223e706f7573616461406d61726176697374612e636f6d2e6272207c207777772e6d61726176697374612e636f6d2e62723c2f74643e0d0a3c2f74723e0d0a3c74723e0d0a3c7464207374796c653d22636f6c6f723a20233561356135613b20666f6e742d73697a653a20313270783b20666f6e742d7765696768743a203230303b2220616c69676e3d227269676874223e446573656e766f6c7669646f20706f72203c7374726f6e673e3c61207374796c653d22636f6c6f723a20233561356135613b20746578742d6465636f726174696f6e3a206e6f6e653b2220687265663d22687474703a2f2f64657369676e6c61622e636f6d2e6272223e44657369676e4c61623c2f613e3c2f7374726f6e673e3c2f74643e0d0a3c2f74723e0d0a3c2f74626f64793e0d0a3c2f7461626c653e0d0a3c2f74643e0d0a3c2f74723e0d0a3c2f74626f64793e0d0a3c2f7461626c653e0d0a3c2f626f64793e0d0a3c2f68746d6c3e, 0x3c21444f43545950452068746d6c205055424c494320222d2f2f5733432f2f445444205848544d4c20312e30205374726963742f2f454e222022687474703a2f2f7777772e77332e6f72672f54522f7868746d6c312f4454442f7868746d6c312d7374726963742e647464223e0d0a3c68746d6c20786d6c6e733d22687474703a2f2f7777772e77332e6f72672f313939392f7868746d6c223e0d0a3c686561643e0d0a093c6d65746120687474702d65717569763d22436f6e74656e742d547970652220636f6e74656e743d22746578742f68746d6c3b20636861727365743d7574662d3822202f3e0d0a093c6d657461206e616d653d2276696577706f72742220636f6e74656e743d2277696474683d6465766963652d7769647468222f3e0d0a3c2f686561643e0d0a3c626f64793e0d0a3c7461626c652077696474683d22313030252220626f726465723d2230223e0d0a3c74626f64793e0d0a3c74723e0d0a3c74643e0d0a3c7461626c6520636c6173733d22636f6e7461696e657222207374796c653d226261636b67726f756e643a20236666666666663b2077696474683a2036333070783b20626f726465722d636f6c6c617073653a20636f6c6c617073653b2220626f726465723d2230222063656c6c73706163696e673d2230222063656c6c70616464696e673d2230223e0d0a3c74626f64793e0d0a3c74723e0d0a3c74643e0d0a3c7461626c6520636c6173733d2268656164657222207374796c653d2270616464696e673a20333070782030203235707820303b20636f6c6f723a20233137373661303b206c696e652d6865696768743a20353070783b222077696474683d22313030252220626f726465723d2230223e0d0a3c74626f64793e0d0a3c74723e0d0a3c7464207374796c653d2277696474683a2031393070783b20646973706c61793a20696e6c696e652d626c6f636b3b20626f726465722d72696768743a20736f6c69642031707820234534453445343b2220616c69676e3d226c656674223e3c696d6720636c6173733d2268645f6c6f676f22207469746c653d22506f7573616461204d617261766973746122207372633d2268747470733a2f2f73736c3735342e7765627369746573656775726f2e636f6d2f6d6172617669737461312f696d6167652f6c6f676f2e706e672220616c743d22506f7573616461204d6172617669737461222077696474683d22313430707822206865696768743d22313536707822202f3e3c2f74643e0d0a3c746420636c6173733d2268645f7469746c6522207374796c653d2270616464696e672d6c6566743a20343470783b20666f6e742d73697a653a20332e3372656d3b20666f6e742d7765696768743a203430303b2220616c69676e3d226c656674223e5265736572766120436f6e6669726d61646121266e6273703b3c6272202f3e203c7370616e3e43266f61637574653b642e3a282525252525293c2f7370616e3e3c2f74643e0d0a3c2f74723e0d0a3c2f74626f64793e0d0a3c2f7461626c653e0d0a3c2f74643e0d0a3c2f74723e0d0a3c747220636c6173733d227465787431223e0d0a3c7464207374796c653d22636f6c6f723a20233333333b2070616464696e672d626f74746f6d3a20323570783b20666f6e742d7765696768743a203230303b206c696e652d6865696768743a20323270783b20746578742d616c69676e3a206a7573746966793b223e47726163696173266e6273703b3c7374726f6e673e282525252525293c2f7374726f6e673e20706f7220656c65676972206c6120506f73616461204d61726176697374612120457374616d6f7320616e73696f736f732070617261206461727465206c61206269656e76656e69646121204120636f6e74696e75616369266f61637574653b6e2073696775656e206c617320696e666f726d6163696f6e657320646520737520726573657276612e3c2f74643e0d0a3c2f74723e0d0a3c747220636c6173733d227461626c65223e0d0a3c74643e0d0a3c7461626c652077696474683d22313030252220626f726465723d2230222063656c6c73706163696e673d22347078222063656c6c70616464696e673d2230223e0d0a3c74626f64793e0d0a3c74723e0d0a3c7464207374796c653d226261636b67726f756e642d636f6c6f723a20233137373661303b2070616464696e673a203135707820323270783b20666f6e742d73697a653a20312e31323572656d3b20636f6c6f723a20236666666666663b206d617267696e3a203270783b223e282525252525293c2f74643e0d0a3c7464207374796c653d226261636b67726f756e642d636f6c6f723a20233137373661303b2070616464696e673a203135707820323270783b20666f6e742d73697a653a20312e31323572656d3b20636f6c6f723a20236666666666663b206d617267696e3a203270783b223e282525252525293c2f74643e0d0a3c2f74723e0d0a3c74723e0d0a3c7464207374796c653d22636f6c6f723a20233464346434643b2070616464696e673a203135707820323270783b20666f6e742d73697a653a20312e31323572656d3b206261636b67726f756e642d636f6c6f723a20236632663266323b206d617267696e3a203270783b223e436865636b2d696e3a20282525252525293c2f74643e0d0a3c7464207374796c653d22636f6c6f723a20233464346434643b2070616464696e673a203135707820323270783b20666f6e742d73697a653a20312e31323572656d3b206261636b67726f756e642d636f6c6f723a20236632663266323b206d617267696e3a203270783b223e436865636b2d6f75743a20282525252525293c2f74643e0d0a3c2f74723e0d0a3c74723e0d0a3c7464207374796c653d22636f6c6f723a20233464346434643b2070616464696e673a203135707820323270783b20666f6e742d73697a653a20312e31323572656d3b206261636b67726f756e642d636f6c6f723a20236632663266323b206d617267696e3a203270783b223e4e267561637574653b6d65726f20646520506572736f6e61733a20282525252525293c2f74643e0d0a3c7464207374796c653d22636f6c6f723a20233464346434643b2070616464696e673a203135707820323270783b20666f6e742d73697a653a20312e31323572656d3b206261636b67726f756e642d636f6c6f723a20236632663266323b206d617267696e3a203270783b223e4e267561637574653b6d65726f206465204164756c746f733a20282525252525293c2f74643e0d0a3c2f74723e0d0a3c74723e0d0a3c7464207374796c653d22636f6c6f723a20233464346434643b2070616464696e673a203135707820323270783b20666f6e742d73697a653a20312e31323572656d3b206261636b67726f756e642d636f6c6f723a20236632663266323b206d617267696e3a203270783b223e4e267561637574653b6d65726f206465204e69266e74696c64653b6f733a20282525252525293c2f74643e0d0a3c7464207374796c653d22636f6c6f723a20233464346434643b2070616464696e673a203135707820323270783b20666f6e742d73697a653a20312e31323572656d3b206261636b67726f756e642d636f6c6f723a20236632663266323b206d617267696e3a203270783b223e4e267561637574653b6d65726f2064652048616269746163696f6e65733a20282525252525293c2f74643e0d0a3c2f74723e0d0a3c74723e0d0a3c7464207374796c653d22636f6c6f723a20233464346434643b2070616464696e673a203135707820323270783b20666f6e742d73697a653a20312e31323572656d3b206261636b67726f756e642d636f6c6f723a20236632663266323b206d617267696e3a203270783b2220636f6c7370616e3d22322220616c69676e3d2263656e746572223e43617465676f72266961637574653b612f4861626974616369266f61637574653b6e3a20282525252525293c2f74643e0d0a3c2f74723e0d0a3c74723e0d0a3c7464207374796c653d22636f6c6f723a20233464346434643b2070616464696e673a203135707820323270783b20666f6e742d73697a653a20312e31323572656d3b206261636b67726f756e642d636f6c6f723a20236632663266323b206d617267696e3a203270783b223e466f726d61206465205061676f3a20282525252525293c2f74643e0d0a3c7464207374796c653d22636f6c6f723a20233464346434643b2070616464696e673a203135707820323270783b20666f6e742d73697a653a20312e31323572656d3b206261636b67726f756e642d636f6c6f723a20236632663266323b206d617267696e3a203270783b223e56616c6f72206120536572205061676f204164656c616e7461646f3a20282525252525293c2f74643e0d0a3c2f74723e0d0a3c74723e0d0a3c7464207374796c653d22636f6c6f723a20236666666666663b2070616464696e673a203135707820323270783b20746578742d616c69676e3a2063656e7465723b20666f6e742d73697a653a20312e31323572656d3b206261636b67726f756e642d636f6c6f723a20233331613164323b206d617267696e3a203270783b2220636f6c7370616e3d2232223e56616c6f7220546f74616c206465206c6120526573657276613a20522420282525252525293c2f74643e0d0a3c2f74723e0d0a3c2f74626f64793e0d0a3c2f7461626c653e0d0a3c2f74643e0d0a3c2f74723e0d0a3c74723e0d0a3c7464207374796c653d2270616464696e672d746f703a20323570783b2070616464696e672d626f74746f6d3a20353070783b20746578742d616c69676e3a206c6566743b20666f6e742d7765696768743a203230303b20666f6e742d73697a653a20302e38373572656d3b206c696e652d6865696768743a20323270783b20636f6c6f723a20233137373661303b223e2d20456c20636865636b2d696e20646562652068616365727365206465737075266561637574653b73206465206c617320313468207920656c20636865636b2d6f757420686173746120656c2031326820286d6564696f64266961637574653b61292e203c6272202f3e202d205369206e6563657369746120616c67267561637574653b6e20736572766963696f20657370656369616c2c20706f72206661766f7220696e66266f61637574653b726d656e6f7320706f7220636f7272656f20656c65637472266f61637574653b6e69636f20706f7573616461406d61726176697374612e636f6d2e62722e3c2f74643e0d0a3c2f74723e0d0a3c7472207374796c653d22746578742d616c69676e3a2063656e7465723b223e0d0a3c7464207374796c653d22636f6c6f723a20233137373661303b20666f6e742d7765696768743a203430303b20666f6e742d73697a653a20302e3933373572656d3b223e52756120646f7320477261766174266161637574653b732c20313035382c205072616961206465204765726962266161637574653b2042267561637574653b7a696f73202d2052696f206465204a616e6569726f3c6272202f3e54656c2e3a202b353520323220323632332d323133303c2f74643e0d0a3c2f74723e0d0a3c7472207374796c653d22746578742d616c69676e3a2063656e7465723b223e0d0a3c7464207374796c653d22636f6c6f723a20233137373661303b20666f6e742d7765696768743a203430303b20666f6e742d73697a653a20312e31323572656d3b2070616464696e672d626f74746f6d3a20323970783b223e706f7573616461406d61726176697374612e636f6d2e6272207c207777772e6d61726176697374612e636f6d2e62723c2f74643e0d0a3c2f74723e0d0a3c74723e0d0a3c7464207374796c653d22636f6c6f723a20233561356135613b20666f6e742d73697a653a20313270783b20666f6e742d7765696768743a203230303b2220616c69676e3d227269676874223e4465736172726f6c6c61646f20706f72203c7374726f6e673e3c61207374796c653d22636f6c6f723a20233561356135613b20746578742d6465636f726174696f6e3a206e6f6e653b2220687265663d22687474703a2f2f64657369676e6c61622e636f6d2e6272223e44657369676e4c61623c2f613e3c2f7374726f6e673e3c2f74643e0d0a3c2f74723e0d0a3c2f74626f64793e0d0a3c2f7461626c653e0d0a3c2f74643e0d0a3c2f74723e0d0a3c2f74626f64793e0d0a3c2f7461626c653e0d0a3c2f626f64793e0d0a3c2f68746d6c3e, '1', '2995E89FB4A77E4FB5F56D4991C75850'),
('B4593921E2779194CC15ADF87925D32B', '2014-05-06 22:56:08', '', '', '', '1', '2995E89FB4A77E4FB5F56D4991C75850');
INSERT INTO `descricao` (`CODDESCRICAO`, `DTA`, `INGLES`, `PORTUGUES`, `ESPANHOL`, `STATUS`, `OWNER`) VALUES
('6604D9A85868F52D4BD502D700DA2E25', '2014-01-15 18:32:24', 0x3c21444f43545950452068746d6c205055424c494320222d2f2f5733432f2f445444205848544d4c20312e30205374726963742f2f454e222022687474703a2f2f7777772e77332e6f72672f54522f7868746d6c312f4454442f7868746d6c312d7374726963742e647464223e0d0a3c68746d6c20786d6c6e733d22687474703a2f2f7777772e77332e6f72672f313939392f7868746d6c223e0d0a3c686561643e0d0a093c6d65746120687474702d65717569763d22436f6e74656e742d547970652220636f6e74656e743d22746578742f68746d6c3b20636861727365743d7574662d3822202f3e0d0a093c6d657461206e616d653d2276696577706f72742220636f6e74656e743d2277696474683d6465766963652d7769647468222f3e0d0a3c2f686561643e0d0a3c626f64793e0d0a3c7461626c652077696474683d22313030252220626f726465723d2230223e0d0a3c74626f64793e0d0a3c74723e0d0a3c74643e0d0a3c7461626c6520636c6173733d22636f6e7461696e657222207374796c653d226261636b67726f756e643a20236666666666663b2077696474683a2036333070783b20626f726465722d636f6c6c617073653a20636f6c6c617073653b2220626f726465723d2230222063656c6c73706163696e673d2230222063656c6c70616464696e673d2230223e0d0a3c74626f64793e0d0a3c74723e0d0a3c74643e0d0a3c7461626c6520636c6173733d2268656164657222207374796c653d2270616464696e673a20333070782030203235707820303b20636f6c6f723a20233137373661303b206c696e652d6865696768743a20353070783b222077696474683d22313030252220626f726465723d2230223e0d0a3c74626f64793e0d0a3c74723e0d0a3c7464207374796c653d2277696474683a2031393070783b20646973706c61793a20696e6c696e652d626c6f636b3b20626f726465722d72696768743a20736f6c69642031707820234534453445343b2220616c69676e3d226c656674223e3c696d6720636c6173733d2268645f6c6f676f22207469746c653d22506f7573616461204d617261766973746122207372633d2268747470733a2f2f73736c3735342e7765627369746573656775726f2e636f6d2f6d6172617669737461312f696d6167652f6c6f676f2e706e672220616c743d22506f7573616461204d6172617669737461222077696474683d22313430707822206865696768743d22313536707822202f3e3c2f74643e0d0a3c746420636c6173733d2268645f7469746c6522207374796c653d2270616464696e672d6c6566743a20343470783b20666f6e742d73697a653a20332e3372656d3b20666f6e742d7765696768743a203430303b2220616c69676e3d226c656674223e426f6f6b696e672043616e63656c6564203c6272202f3e203c7370616e3e436f64653a282525252525293c2f7370616e3e3c2f74643e0d0a3c2f74723e0d0a3c2f74626f64793e0d0a3c2f7461626c653e0d0a3c2f74643e0d0a3c2f74723e0d0a3c747220636c6173733d227465787431223e0d0a3c7464207374796c653d22636f6c6f723a20233333333b2070616464696e672d626f74746f6d3a20323570783b20666f6e742d7765696768743a203230303b206c696e652d6865696768743a20323270783b20746578742d616c69676e3a206a7573746966793b223e44656172203c7374726f6e673e282525252525293c2f7374726f6e673e2c20796f757220626f6f6b696e6720686173206265656e2063616e63656c65642e20466f72206d6f726520696e666f726d6174696f6e732c20636f6e746163742075732062792074686520656d61696c203c7374726f6e673e72657365727661406d61726176697374612e636f6d2e62722e3c2f7374726f6e673e3c2f74643e0d0a3c2f74723e0d0a3c747220636c6173733d227461626c65223e0d0a3c74643e0d0a3c7461626c652077696474683d22313030252220626f726465723d2230222063656c6c73706163696e673d22347078222063656c6c70616464696e673d2230223e0d0a3c74626f64793e0d0a3c74723e0d0a3c7464207374796c653d226261636b67726f756e642d636f6c6f723a20233137373661303b2070616464696e673a203135707820323270783b20666f6e742d73697a653a20312e31323572656d3b20636f6c6f723a20236666666666663b206d617267696e3a203270783b223e282525252525293c2f74643e0d0a3c7464207374796c653d226261636b67726f756e642d636f6c6f723a20233137373661303b2070616464696e673a203135707820323270783b20666f6e742d73697a653a20312e31323572656d3b20636f6c6f723a20236666666666663b206d617267696e3a203270783b223e282525252525293c2f74643e0d0a3c2f74723e0d0a3c74723e0d0a3c7464207374796c653d22636f6c6f723a20233464346434643b2070616464696e673a203135707820323270783b20666f6e742d73697a653a20312e31323572656d3b206261636b67726f756e642d636f6c6f723a20236632663266323b206d617267696e3a203270783b223e436865636b2d696e3a20282525252525293c2f74643e0d0a3c7464207374796c653d22636f6c6f723a20233464346434643b2070616464696e673a203135707820323270783b20666f6e742d73697a653a20312e31323572656d3b206261636b67726f756e642d636f6c6f723a20236632663266323b206d617267696e3a203270783b223e436865636b2d6f75743a20282525252525293c2f74643e0d0a3c2f74723e0d0a3c74723e0d0a3c7464207374796c653d22636f6c6f723a20233464346434643b2070616464696e673a203135707820323270783b20666f6e742d73697a653a20312e31323572656d3b206261636b67726f756e642d636f6c6f723a20236632663266323b206d617267696e3a203270783b223e4e756d626572206f662050656f706c653a20282525252525293c2f74643e0d0a3c7464207374796c653d22636f6c6f723a20233464346434643b2070616464696e673a203135707820323270783b20666f6e742d73697a653a20312e31323572656d3b206261636b67726f756e642d636f6c6f723a20236632663266323b206d617267696e3a203270783b223e4e756d626572206f66204164756c74733a20282525252525293c2f74643e0d0a3c2f74723e0d0a3c74723e0d0a3c7464207374796c653d22636f6c6f723a20233464346434643b2070616464696e673a203135707820323270783b20666f6e742d73697a653a20312e31323572656d3b206261636b67726f756e642d636f6c6f723a20236632663266323b206d617267696e3a203270783b223e4e756d626572206f66204368696c6472656e733a20282525252525293c2f74643e0d0a3c7464207374796c653d22636f6c6f723a20233464346434643b2070616464696e673a203135707820323270783b20666f6e742d73697a653a20312e31323572656d3b206261636b67726f756e642d636f6c6f723a20236632663266323b206d617267696e3a203270783b223e4e756d626572206f6620526f6f6d733a20282525252525293c2f74643e0d0a3c2f74723e0d0a3c74723e0d0a3c7464207374796c653d22636f6c6f723a20233464346434643b2070616464696e673a203135707820323270783b20666f6e742d73697a653a20312e31323572656d3b206261636b67726f756e642d636f6c6f723a20236632663266323b206d617267696e3a203270783b223e5061796d656e74204d6574686f643a20282525252525293c2f74643e0d0a3c7464207374796c653d22636f6c6f723a20233464346434643b2070616464696e673a203135707820323270783b20666f6e742d73697a653a20312e31323572656d3b206261636b67726f756e642d636f6c6f723a20236632663266323b206d617267696e3a203270783b223e5369676e616c205061796d656e743a20282525252525293c2f74643e0d0a3c2f74723e0d0a3c74723e0d0a3c7464207374796c653d22636f6c6f723a20236666666666663b2070616464696e673a203135707820323270783b20746578742d616c69676e3a2063656e7465723b20666f6e742d73697a653a20312e31323572656d3b206261636b67726f756e642d636f6c6f723a20233331613164323b206d617267696e3a203270783b2220636f6c7370616e3d2232223e546f74616c20416d6f756e743a20522420282525252525293c2f74643e0d0a3c2f74723e0d0a3c2f74626f64793e0d0a3c2f7461626c653e0d0a3c2f74643e0d0a3c2f74723e0d0a3c74723e0d0a3c7464207374796c653d2270616464696e672d746f703a20323570783b2070616464696e672d626f74746f6d3a20353070783b20746578742d616c69676e3a206c6566743b20666f6e742d7765696768743a203230303b20666f6e742d73697a653a20302e38373572656d3b206c696e652d6865696768743a20323270783b20636f6c6f723a20233137373661303b2220636f6c7370616e3d2232223e506f737369626c6520726561736f6e7320666f722063616e63656c6c6174696f6e3a3c6272207374796c653d2270616464696e672d746f703a20323570783b2070616464696e672d626f74746f6d3a20353070783b20746578742d616c69676e3a206c6566743b20666f6e742d7765696768743a203230303b20666f6e742d73697a653a20302e38373572656d3b206c696e652d6865696768743a20323270783b20636f6c6f723a20233137373661303b22202f3e202d2054686520646561646c696e6520666f7220746865207072652d626f6f6b696e6720636f6e6669726d6174696f6e206861732065787069726564206166746572203438682e3c6272202f3e202d20426f6f6b696e672063616e63656c65642062792074686520706f75736164612e3c6272202f3e202d2054686520726f6f6d2873292069732f617265206e6f7420617661696c61626c6520666f72207468652072657175657374656420646174652e3c6272202f3e202d203c7374726f6e67207374796c653d2270616464696e672d746f703a20323570783b2070616464696e672d626f74746f6d3a20353070783b20746578742d616c69676e3a206c6566743b20666f6e742d7765696768743a203230303b20666f6e742d73697a653a20302e38373572656d3b206c696e652d6865696768743a20323270783b20636f6c6f723a20233137373661303b223e496620796f75206861766520616e79206f74686572207175657374696f6e732061626f757420746869732063616e63656c6c6174696f6e20706c6561736520636f6e746163742075732062792074686520656d61696c3a203c7370616e207374796c653d22746578742d6465636f726174696f6e3a20756e6465726c696e653b223e72657365727661406d61726176697374612e636f6d2e62723c2f7370616e3e2e3c2f7374726f6e673e3c2f74643e0d0a3c2f74723e0d0a3c7472207374796c653d22746578742d616c69676e3a2063656e7465723b223e0d0a3c7464207374796c653d22636f6c6f723a20233137373661303b20666f6e742d7765696768743a203430303b20666f6e742d73697a653a20302e3933373572656d3b223e52756120646f7320477261766174266161637574653b732c20313035382c205072616961206465204765726962266161637574653b2042267561637574653b7a696f73202d2052696f206465204a616e6569726f3c6272202f3e54656c2e3a202b353520323220323632332d323133303c2f74643e0d0a3c2f74723e0d0a3c7472207374796c653d22746578742d616c69676e3a2063656e7465723b223e0d0a3c7464207374796c653d22636f6c6f723a20233137373661303b20666f6e742d7765696768743a203430303b20666f6e742d73697a653a20312e31323572656d3b2070616464696e672d626f74746f6d3a20323970783b223e706f7573616461406d61726176697374612e636f6d2e6272207c207777772e6d61726176697374612e636f6d2e62723c2f74643e0d0a3c2f74723e0d0a3c74723e0d0a3c7464207374796c653d22636f6c6f723a20233561356135613b20666f6e742d73697a653a20313270783b20666f6e742d7765696768743a203430303b2220616c69676e3d227269676874223e446576656c6f706564206279203c7374726f6e673e3c61207374796c653d22636f6c6f723a20233561356135613b20666f6e742d73697a653a20313270783b20666f6e742d7765696768743a203830303b20746578742d6465636f726174696f6e3a206e6f6e653b2220687265663d22687474703a2f2f64657369676e6c61622e636f6d2e627222207461726765743d225f626c616e6b223e44657369676e4c61623c2f613e3c2f7374726f6e673e3c2f74643e0d0a3c2f74723e0d0a3c2f74626f64793e0d0a3c2f7461626c653e0d0a3c2f74643e0d0a3c2f74723e0d0a3c2f74626f64793e0d0a3c2f7461626c653e0d0a3c2f626f64793e0d0a3c2f68746d6c3e, 0x3c21444f43545950452068746d6c205055424c494320222d2f2f5733432f2f445444205848544d4c20312e30205374726963742f2f454e222022687474703a2f2f7777772e77332e6f72672f54522f7868746d6c312f4454442f7868746d6c312d7374726963742e647464223e0d0a3c68746d6c20786d6c6e733d22687474703a2f2f7777772e77332e6f72672f313939392f7868746d6c223e0d0a3c686561643e0d0a093c6d65746120687474702d65717569763d22436f6e74656e742d547970652220636f6e74656e743d22746578742f68746d6c3b20636861727365743d7574662d3822202f3e0d0a093c6d657461206e616d653d2276696577706f72742220636f6e74656e743d2277696474683d6465766963652d7769647468222f3e0d0a3c2f686561643e0d0a3c626f64793e0d0a3c7461626c652077696474683d22313030252220626f726465723d2230223e0d0a3c74626f64793e0d0a3c74723e0d0a3c74643e0d0a3c7461626c6520636c6173733d22636f6e7461696e657222207374796c653d226261636b67726f756e643a20236666666666663b2077696474683a2036333070783b20626f726465722d636f6c6c617073653a20636f6c6c617073653b2220626f726465723d2230222063656c6c73706163696e673d2230222063656c6c70616464696e673d2230223e0d0a3c74626f64793e0d0a3c74723e0d0a3c74643e0d0a3c7461626c6520636c6173733d2268656164657222207374796c653d2270616464696e673a20333070782030203235707820303b20636f6c6f723a20233137373661303b206c696e652d6865696768743a20353070783b222077696474683d22313030252220626f726465723d2230223e0d0a3c74626f64793e0d0a3c74723e0d0a3c7464207374796c653d2277696474683a2031393070783b20646973706c61793a20696e6c696e652d626c6f636b3b20626f726465722d72696768743a20736f6c69642031707820234534453445343b2220616c69676e3d226c656674223e3c696d6720636c6173733d2268645f6c6f676f22207469746c653d22506f7573616461204d617261766973746122207372633d2268747470733a2f2f73736c3735342e7765627369746573656775726f2e636f6d2f6d6172617669737461312f696d6167652f6c6f676f2e706e672220616c743d22506f7573616461204d6172617669737461222077696474683d22313430707822206865696768743d22313536707822202f3e3c2f74643e0d0a3c746420636c6173733d2268645f7469746c6522207374796c653d2270616464696e672d6c6566743a20343470783b20666f6e742d73697a653a20332e3372656d3b20666f6e742d7765696768743a203430303b2220616c69676e3d226c656674223e526573657276612043616e63656c616461203c6272202f3e203c7370616e3e43266f61637574653b642e3a282525252525293c2f7370616e3e3c2f74643e0d0a3c2f74723e0d0a3c2f74626f64793e0d0a3c2f7461626c653e0d0a3c2f74643e0d0a3c2f74723e0d0a3c747220636c6173733d227465787431223e0d0a3c7464207374796c653d22636f6c6f723a20233333333b2070616464696e672d626f74746f6d3a20323570783b20666f6e742d7765696768743a203230303b206c696e652d6865696768743a20323270783b20746578742d616c69676e3a206a7573746966793b223e5072657a61646f286129203c7374726f6e673e282525252525292c20737561207265736572766120666f692063616e63656c616461206a756e746f20266167726176653b20506f7573616461204d61726176697374612e2050617261206d61697320696e666f726d612663636564696c3b266f74696c64653b65732c20656e74726520656d20636f6e7461746f20636f6e6f73636f2070656c6f20656d61696c3a266e6273703b3c2f7374726f6e673e3c7374726f6e673e72657365727661406d61726176697374612e636f6d2e62722e3c2f7374726f6e673e3c2f74643e0d0a3c2f74723e0d0a3c747220636c6173733d227461626c65223e0d0a3c74643e0d0a3c7461626c652077696474683d22313030252220626f726465723d2230222063656c6c73706163696e673d22347078222063656c6c70616464696e673d2230223e0d0a3c74626f64793e0d0a3c74723e0d0a3c7464207374796c653d226261636b67726f756e642d636f6c6f723a20233137373661303b2070616464696e673a203135707820323270783b20666f6e742d73697a653a20312e31323572656d3b20636f6c6f723a20236666666666663b206d617267696e3a203270783b223e282525252525293c2f74643e0d0a3c7464207374796c653d226261636b67726f756e642d636f6c6f723a20233137373661303b2070616464696e673a203135707820323270783b20666f6e742d73697a653a20312e31323572656d3b20636f6c6f723a20236666666666663b206d617267696e3a203270783b223e282525252525293c2f74643e0d0a3c2f74723e0d0a3c74723e0d0a3c7464207374796c653d22636f6c6f723a20233464346434643b2070616464696e673a203135707820323270783b20666f6e742d73697a653a20312e31323572656d3b206261636b67726f756e642d636f6c6f723a20236632663266323b206d617267696e3a203270783b223e436865636b2d696e3a20282525252525293c2f74643e0d0a3c7464207374796c653d22636f6c6f723a20233464346434643b2070616464696e673a203135707820323270783b20666f6e742d73697a653a20312e31323572656d3b206261636b67726f756e642d636f6c6f723a20236632663266323b206d617267696e3a203270783b223e436865636b2d6f75743a20282525252525293c2f74643e0d0a3c2f74723e0d0a3c74723e0d0a3c7464207374796c653d22636f6c6f723a20233464346434643b2070616464696e673a203135707820323270783b20666f6e742d73697a653a20312e31323572656d3b206261636b67726f756e642d636f6c6f723a20236632663266323b206d617267696e3a203270783b223e4e267561637574653b6d65726f20646520506573736f61733a20282525252525293c2f74643e0d0a3c7464207374796c653d22636f6c6f723a20233464346434643b2070616464696e673a203135707820323270783b20666f6e742d73697a653a20312e31323572656d3b206261636b67726f756e642d636f6c6f723a20236632663266323b206d617267696e3a203270783b223e4e267561637574653b6d65726f206465204164756c746f733a20282525252525293c2f74643e0d0a3c2f74723e0d0a3c74723e0d0a3c7464207374796c653d22636f6c6f723a20233464346434643b2070616464696e673a203135707820323270783b20666f6e742d73697a653a20312e31323572656d3b206261636b67726f756e642d636f6c6f723a20236632663266323b206d617267696e3a203270783b223e4e267561637574653b6d65726f20646520437269616e2663636564696c3b61733a20282525252525293c2f74643e0d0a3c7464207374796c653d22636f6c6f723a20233464346434643b2070616464696e673a203135707820323270783b20666f6e742d73697a653a20312e31323572656d3b206261636b67726f756e642d636f6c6f723a20236632663266323b206d617267696e3a203270783b223e4e267561637574653b6d65726f2064652051756172746f733a20282525252525293c2f74643e0d0a3c2f74723e0d0a3c74723e0d0a3c7464207374796c653d22636f6c6f723a20233464346434643b2070616464696e673a203135707820323270783b20666f6e742d73697a653a20312e31323572656d3b206261636b67726f756e642d636f6c6f723a20236632663266323b206d617267696e3a203270783b223e466f726d6120646520506167616d656e746f3a20282525252525293c2f74643e0d0a3c7464207374796c653d22636f6c6f723a20233464346434643b2070616464696e673a203135707820323270783b20666f6e742d73697a653a20312e31323572656d3b206261636b67726f756e642d636f6c6f723a20236632663266323b206d617267696e3a203270783b223e53696e616c3a20282525252525293c2f74643e0d0a3c2f74723e0d0a3c74723e0d0a3c7464207374796c653d22636f6c6f723a20236666666666663b2070616464696e673a203135707820323270783b20746578742d616c69676e3a2063656e7465723b20666f6e742d73697a653a20312e31323572656d3b206261636b67726f756e642d636f6c6f723a20233331613164323b206d617267696e3a203270783b2220636f6c7370616e3d2232223e56616c6f7220546f74616c20646120526573657276613a20522420282525252525293c2f74643e0d0a3c2f74723e0d0a3c2f74626f64793e0d0a3c2f7461626c653e0d0a3c2f74643e0d0a3c2f74723e0d0a3c74723e0d0a3c7464207374796c653d2270616464696e672d746f703a20323570783b2070616464696e672d626f74746f6d3a20353070783b20746578742d616c69676e3a206c6566743b20666f6e742d7765696768743a203230303b20666f6e742d73697a653a20302e38373572656d3b206c696e652d6865696768743a20323270783b20636f6c6f723a20233137373661303b2220636f6c7370616e3d2232223e506f7373266961637574653b76656973206d6f7469766f7320646f2063616e63656c616d656e746f3a3c6272202f3e3c6272202f3e202d204f207072617a6f20646520636f6e6669726d612663636564696c3b266174696c64653b6f206461207072266561637574653b2d726573657276612065787069726f75206170266f61637574653b73206f20706572266961637574653b6f646f206465203438682e3c6272202f3e202d20526573657276612063616e63656c6164612070656c6f20686f74656c2e3c6272202f3e202d204f2873292071756172746f287329206e266174696c64653b6f20657374266161637574653b28266174696c64653b6f2920646973706f6e266961637574653b76656c286569732920706172612061206461746120736f6c696369746164612e3c6272202f3e202d204361736f20717565697261206578636c617265636572206f75747261732064267561637574653b766964617320656d2072656c612663636564696c3b266174696c64653b6f206120657374652063616e63656c616d65746f2c206661766f7220656e7472617220656d20636f6e7461746f2070656c6f20652d6d61696c3a203c7374726f6e673e3c7370616e207374796c653d22746578742d6465636f726174696f6e3a20756e6465726c696e653b223e72657365727661406d61726176697374612e636f6d2e62723c2f7370616e3e2e3c2f7374726f6e673e3c2f74643e0d0a3c2f74723e0d0a3c7472207374796c653d22746578742d616c69676e3a2063656e7465723b223e0d0a3c7464207374796c653d22636f6c6f723a20233137373661303b20666f6e742d7765696768743a203430303b20666f6e742d73697a653a20302e3933373572656d3b223e52756120646f7320477261766174266161637574653b732c20313035382c205072616961206465204765726962266161637574653b2042267561637574653b7a696f73202d2052696f206465204a616e6569726f3c6272202f3e54656c2e3a202b353520323220323632332d323133303c2f74643e0d0a3c2f74723e0d0a3c7472207374796c653d22746578742d616c69676e3a2063656e7465723b223e0d0a3c7464207374796c653d22636f6c6f723a20233137373661303b20666f6e742d7765696768743a203430303b20666f6e742d73697a653a20312e31323572656d3b2070616464696e672d626f74746f6d3a20323970783b223e706f7573616461406d61726176697374612e636f6d2e6272207c207777772e6d61726176697374612e636f6d2e62723c2f74643e0d0a3c2f74723e0d0a3c74723e0d0a3c7464207374796c653d22636f6c6f723a20233561356135613b20666f6e742d73697a653a20313270783b20666f6e742d7765696768743a203430303b2220616c69676e3d227269676874223e446573656e766f6c7669646f20706f72203c7374726f6e673e3c61207374796c653d22636f6c6f723a20233561356135613b20666f6e742d73697a653a20313270783b20666f6e742d7765696768743a203830303b20746578742d6465636f726174696f6e3a206e6f6e653b2220687265663d22687474703a2f2f64657369676e6c61622e636f6d2e627222207461726765743d225f626c616e6b223e44657369676e4c61623c2f613e3c2f7374726f6e673e3c2f74643e0d0a3c2f74723e0d0a3c2f74626f64793e0d0a3c2f7461626c653e0d0a3c2f74643e0d0a3c2f74723e0d0a3c2f74626f64793e0d0a3c2f7461626c653e0d0a3c2f626f64793e0d0a3c2f68746d6c3e, 0x3c21444f43545950452068746d6c205055424c494320222d2f2f5733432f2f445444205848544d4c20312e30205374726963742f2f454e222022687474703a2f2f7777772e77332e6f72672f54522f7868746d6c312f4454442f7868746d6c312d7374726963742e647464223e0d0a3c68746d6c20786d6c6e733d22687474703a2f2f7777772e77332e6f72672f313939392f7868746d6c223e0d0a3c686561643e0d0a093c6d65746120687474702d65717569763d22436f6e74656e742d547970652220636f6e74656e743d22746578742f68746d6c3b20636861727365743d7574662d3822202f3e0d0a093c6d657461206e616d653d2276696577706f72742220636f6e74656e743d2277696474683d6465766963652d7769647468222f3e0d0a3c2f686561643e0d0a3c626f64793e0d0a3c7461626c652077696474683d22313030252220626f726465723d2230223e0d0a3c74626f64793e0d0a3c74723e0d0a3c74643e0d0a3c7461626c6520636c6173733d22636f6e7461696e657222207374796c653d226261636b67726f756e643a20236666666666663b2077696474683a2036333070783b20626f726465722d636f6c6c617073653a20636f6c6c617073653b2220626f726465723d2230222063656c6c73706163696e673d2230222063656c6c70616464696e673d2230223e0d0a3c74626f64793e0d0a3c74723e0d0a3c74643e0d0a3c7461626c6520636c6173733d2268656164657222207374796c653d2270616464696e673a20333070782030203235707820303b20636f6c6f723a20233137373661303b206c696e652d6865696768743a20353070783b222077696474683d22313030252220626f726465723d2230223e0d0a3c74626f64793e0d0a3c74723e0d0a3c7464207374796c653d2277696474683a2031393070783b20646973706c61793a20696e6c696e652d626c6f636b3b20626f726465722d72696768743a20736f6c69642031707820234534453445343b2220616c69676e3d226c656674223e3c696d6720636c6173733d2268645f6c6f676f22207469746c653d22506f7573616461204d617261766973746122207372633d2268747470733a2f2f73736c3735342e7765627369746573656775726f2e636f6d2f6d6172617669737461312f696d6167652f6c6f676f2e706e672220616c743d22506f7573616461204d6172617669737461222077696474683d22313430707822206865696768743d22313536707822202f3e3c2f74643e0d0a3c746420636c6173733d2268645f7469746c6522207374796c653d2270616464696e672d6c6566743a20343470783b20666f6e742d73697a653a20332e3372656d3b20666f6e742d7765696768743a203430303b2220616c69676e3d226c656674223e526573657276612043616e63656c616461203c6272202f3e203c7370616e3e43266f61637574653b642e3a282525252525293c2f7370616e3e3c2f74643e0d0a3c2f74723e0d0a3c2f74626f64793e0d0a3c2f7461626c653e0d0a3c2f74643e0d0a3c2f74723e0d0a3c747220636c6173733d227465787431223e0d0a3c7464207374796c653d22636f6c6f723a20233333333b2070616464696e672d626f74746f6d3a20323570783b20666f6e742d7765696768743a203230303b206c696e652d6865696768743a20323270783b20746578742d616c69676e3a206a7573746966793b223e457374696d61646f286129203c7374726f6e673e282525252525292c3c2f7374726f6e673e2073752072657365727661206675652063616e63656c616461206a756e746f2061206c6120506f73616461204d61726176697374612e2050617261206d266161637574653b7320696e666f726d6163696f6e65732c20636f6e74266161637574653b6374656e6f7320706f7220656c20636f7272656f20656c65637472266f61637574653b6e69636f203c7374726f6e673e72657365727661406d61726176697374612e636f6d2e62722e3c2f7374726f6e673e3c2f74643e0d0a3c2f74723e0d0a3c747220636c6173733d227461626c65223e0d0a3c74643e0d0a3c7461626c652077696474683d22313030252220626f726465723d2230222063656c6c73706163696e673d22347078222063656c6c70616464696e673d2230223e0d0a3c74626f64793e0d0a3c74723e0d0a3c7464207374796c653d226261636b67726f756e642d636f6c6f723a20233137373661303b2070616464696e673a203135707820323270783b20666f6e742d73697a653a20312e31323572656d3b20636f6c6f723a20236666666666663b206d617267696e3a203270783b223e282525252525293c2f74643e0d0a3c7464207374796c653d226261636b67726f756e642d636f6c6f723a20233137373661303b2070616464696e673a203135707820323270783b20666f6e742d73697a653a20312e31323572656d3b20636f6c6f723a20236666666666663b206d617267696e3a203270783b223e282525252525293c2f74643e0d0a3c2f74723e0d0a3c74723e0d0a3c7464207374796c653d22636f6c6f723a20233464346434643b2070616464696e673a203135707820323270783b20666f6e742d73697a653a20312e31323572656d3b206261636b67726f756e642d636f6c6f723a20236632663266323b206d617267696e3a203270783b223e436865636b2d696e3a20282525252525293c2f74643e0d0a3c7464207374796c653d22636f6c6f723a20233464346434643b2070616464696e673a203135707820323270783b20666f6e742d73697a653a20312e31323572656d3b206261636b67726f756e642d636f6c6f723a20236632663266323b206d617267696e3a203270783b223e436865636b2d6f75743a20282525252525293c2f74643e0d0a3c2f74723e0d0a3c74723e0d0a3c7464207374796c653d22636f6c6f723a20233464346434643b2070616464696e673a203135707820323270783b20666f6e742d73697a653a20312e31323572656d3b206261636b67726f756e642d636f6c6f723a20236632663266323b206d617267696e3a203270783b223e4e267561637574653b6d65726f20646520506572736f6e61733a20282525252525293c2f74643e0d0a3c7464207374796c653d22636f6c6f723a20233464346434643b2070616464696e673a203135707820323270783b20666f6e742d73697a653a20312e31323572656d3b206261636b67726f756e642d636f6c6f723a20236632663266323b206d617267696e3a203270783b223e4e267561637574653b6d65726f206465204164756c746f733a20282525252525293c2f74643e0d0a3c2f74723e0d0a3c74723e0d0a3c7464207374796c653d22636f6c6f723a20233464346434643b2070616464696e673a203135707820323270783b20666f6e742d73697a653a20312e31323572656d3b206261636b67726f756e642d636f6c6f723a20236632663266323b206d617267696e3a203270783b223e4e267561637574653b6d65726f206465204e69266e74696c64653b6f733a20282525252525293c2f74643e0d0a3c7464207374796c653d22636f6c6f723a20233464346434643b2070616464696e673a203135707820323270783b20666f6e742d73697a653a20312e31323572656d3b206261636b67726f756e642d636f6c6f723a20236632663266323b206d617267696e3a203270783b223e4e267561637574653b6d65726f2064652048616269746163696f6e65733a20282525252525293c2f74643e0d0a3c2f74723e0d0a3c74723e0d0a3c7464207374796c653d22636f6c6f723a20233464346434643b2070616464696e673a203135707820323270783b20666f6e742d73697a653a20312e31323572656d3b206261636b67726f756e642d636f6c6f723a20236632663266323b206d617267696e3a203270783b223e466f726d61206465205061676f3a20282525252525293c2f74643e0d0a3c7464207374796c653d22636f6c6f723a20233464346434643b2070616464696e673a203135707820323270783b20666f6e742d73697a653a20312e31323572656d3b206261636b67726f756e642d636f6c6f723a20236632663266323b206d617267696e3a203270783b223e56616c6f72206120536572205061676f204164656c616e7461646f3a20282525252525293c2f74643e0d0a3c2f74723e0d0a3c74723e0d0a3c7464207374796c653d22636f6c6f723a20236666666666663b2070616464696e673a203135707820323270783b20746578742d616c69676e3a2063656e7465723b20666f6e742d73697a653a20312e31323572656d3b206261636b67726f756e642d636f6c6f723a20233331613164323b206d617267696e3a203270783b2220636f6c7370616e3d2232223e56616c6f7220546f74616c206465206c6120526573657276613a20522420282525252525293c2f74643e0d0a3c2f74723e0d0a3c2f74626f64793e0d0a3c2f7461626c653e0d0a3c2f74643e0d0a3c2f74723e0d0a3c74723e0d0a3c7464207374796c653d2270616464696e672d746f703a20323570783b2070616464696e672d626f74746f6d3a20353070783b20746578742d616c69676e3a206c6566743b20666f6e742d7765696768743a203230303b20666f6e742d73697a653a20302e38373572656d3b206c696e652d6865696768743a20323270783b20636f6c6f723a20233137373661303b2220636f6c7370616e3d2232223e506f737369626c6573206d6f7469766f73206465206c612063616e63656c616369266f61637574653b6e3a3c6272202f3e3c6272202f3e202d20456c20706c617a6f20646520636f6e6669726d616369266f61637574653b6e206465206c61207072652d72657365727661206578706972266f61637574653b207472266161637574653b7320656c20706572696f646f206465203438682e3c6272202f3e202d20526573657276612063616e63656c61646120706f72206c6120706f736164612e3c6272202f3e202d204c61287329206861626974616369266f61637574653b6e28657329206e6f20657374266161637574653b286e2920646973706f6e69626c652873292070617261206c6120666563686120736f6c696369746164612e3c6272202f3e202d203c7374726f6e673e5369207573746564206465736561206578636c617265636572206f74726120647564612061636572636120646520657374612063616e63656c616369266f61637574653b6e20636f6e74266161637574653b6374656e6f7320706f7220656c20636f7272656f20656c65637472266f61637574653b6e69636f3a203c7370616e207374796c653d22746578742d6465636f726174696f6e3a20756e6465726c696e653b223e72657365727661406d61726176697374612e636f6d2e62723c2f7370616e3e2e3c2f7374726f6e673e3c2f74643e0d0a3c2f74723e0d0a3c7472207374796c653d22746578742d616c69676e3a2063656e7465723b223e0d0a3c7464207374796c653d22636f6c6f723a20233137373661303b20666f6e742d7765696768743a203430303b20666f6e742d73697a653a20302e3933373572656d3b223e52756120646f7320477261766174266161637574653b732c20313035382c205072616961206465204765726962266161637574653b2042267561637574653b7a696f73202d2052696f206465204a616e6569726f3c6272202f3e54656c2e3a202b353520323220323632332d323133303c2f74643e0d0a3c2f74723e0d0a3c7472207374796c653d22746578742d616c69676e3a2063656e7465723b223e0d0a3c7464207374796c653d22636f6c6f723a20233137373661303b20666f6e742d7765696768743a203430303b20666f6e742d73697a653a20312e31323572656d3b2070616464696e672d626f74746f6d3a20323970783b223e706f7573616461406d61726176697374612e636f6d2e6272207c207777772e6d61726176697374612e636f6d2e62723c2f74643e0d0a3c2f74723e0d0a3c74723e0d0a3c7464207374796c653d22636f6c6f723a20233561356135613b20666f6e742d73697a653a20313270783b20666f6e742d7765696768743a203430303b2220616c69676e3d227269676874223e4465736172726f6c6c61646f20706f72203c7374726f6e673e3c61207374796c653d22636f6c6f723a20233561356135613b20666f6e742d73697a653a20313270783b20666f6e742d7765696768743a203830303b20746578742d6465636f726174696f6e3a206e6f6e653b2220687265663d22687474703a2f2f64657369676e6c61622e636f6d2e627222207461726765743d225f626c616e6b223e44657369676e4c61623c2f613e3c2f7374726f6e673e3c2f74643e0d0a3c2f74723e0d0a3c2f74626f64793e0d0a3c2f7461626c653e0d0a3c2f74643e0d0a3c2f74723e0d0a3c2f74626f64793e0d0a3c2f7461626c653e0d0a3c2f626f64793e0d0a3c2f68746d6c3e, '1', '2995E89FB4A77E4FB5F56D4991C75850'),
('FDB74B9A3CD989941415A3F3529A225C', '2014-02-24 11:29:36', 0x3c703e416c6c206f757220313820726f6f6d7320617265206e6963656c7920616e6420636f6d666f727461626c79206675726e697368656420746f20656e73757265207468617420796f7520656e6a6f7920612072656c6178696e6720657870657269656e636520696e2042267561637574653b7a696f732e204e616d65642061667465722066616d6f7573206c6f63616c206265616368657320616e64206465636f726174656420646966666572656e746c792c206561636820726f6f6d20626f61737473206120756e69717565206964656e7469747920616e64206665656c2e20416c6c206f757220726f6f6d73206172652065717569707065642077697468206120666c61742d73637265656e2074656c65766973696f6e2c206120736d616c6c206672696467652c20412f4320616e642061206365696c696e672d66616e2e3c2f703e, 0x3c703e4e266f61637574653b73206f6665726563656d6f7320756d61207661726965646164652064652063617465676f726961732064652071756172746f733a20646f205374616e646172642070617261206475617320706573736f6173206174266561637574653b206f73206e6f73736f732071756172746f7320636f6d20756d612076697374612065737065746163756c61722070617261206f206d61722065206174266561637574653b206d65736d6f2061206e6f737361206578636c7573697661205375266961637574653b7465204d61737465722e3c2f703e, 0x3c703e416c6c206f757220313820726f6f6d7320617265206e6963656c7920616e6420636f6d666f727461626c79206675726e697368656420746f20656e73757265207468617420796f7520656e6a6f7920612072656c6178696e6720657870657269656e636520696e2042267561637574653b7a696f732e204e616d65642061667465722066616d6f7573206c6f63616c206265616368657320616e64206465636f726174656420646966666572656e746c792c206561636820726f6f6d20626f61737473206120756e69717565206964656e7469747920616e64206665656c2e20416c6c206f757220726f6f6d73206172652065717569707065642077697468206120666c61742d73637265656e2074656c65766973696f6e2c206120736d616c6c206672696467652c20412f4320616e642061206365696c696e672d66616e2e3c2f703e, '1', '2995E89FB4A77E4FB5F56D4991C75850'),
('F7D4AE11D043BFBCB81E143062BCA4C4', '2014-02-19 17:24:24', 0x3c703e4f757220266167726176653b206c612063617274652072657374617572616e74206f666665727320612063726561746976652064696e696e6720657870657269656e636520746f20626520656e6a6f796564207468726f7567686f757420746865206461792e204f75722072657374617572616e74206973206f70656e656420666f7220627265616b666173742c206c756e636820616e642064696e6e65722e3c2f703e0d0a3c703e447572696e6720746865206461792c20646973636f766572206f7572207065746973636f73206d656e7520287479706963616c204272617a696c69616e20736d616c6c20646973686573292070617274206f66206f7572206c6f63616c206d656e7520696e636c7564696e67206461696c79207370656369616c732c206672657368206669736820616e6420736561666f6f642c2062757420616c736f207665676574617269616e206f72206b696473206f7074696f6e732e20416c6c20746f20626520656e6a6f79656420696e206f75722072657374617572616e742c2067617264656e206f72206f6e207468652062656163682120546f20636f6d706c696d656e7420796f75722064696e696e6720657870657269656e63652c207765206f66666572206120776964652073656c656374696f6e206f662077696e65732c20636f636b7461696c7320616e64206a75696365732e3c2f703e0d0a3c703e446f6e26727371756f3b74206d697373206f7574206f6e206f75722064696e6e6572206d656e752120457370656369616c6c79206372656174656420696e20636f6c6c61626f726174696f6e20776974682043686566204d696368656c6c65204d61727563636f2c20746865206d656e75206f666665727320747261646974696f6e616c206469736865732066726f6d20626f746820746865206f6365616e20616e6420746865206c616e642e3c2f703e, 0x3c703e3c7370616e3e264561637574653b20756d206661746f20636f6e68656369646f20646520746f646f732071756520756d206c6569746f72207365206469737472616972266161637574653b20636f6d206f20636f6e7465267561637574653b646f20646520746578746f206c6567266961637574653b76656c20646520756d612070266161637574653b67696e61207175616e646f2065737469766572206578616d696e616e646f20737561206469616772616d612663636564696c3b266174696c64653b6f2e20412076616e746167656d2064652075736172204c6f72656d20497073756d20266561637574653b2071756520656c652074656d20756d61206469737472696275692663636564696c3b266174696c64653b6f206e6f726d616c206465206c65747261732c20616f20636f6e7472266161637574653b72696f2064652022436f6e7465267561637574653b646f20617175692c20636f6e7465267561637574653b646f2061717569222c2066617a656e646f20636f6d2071756520656c652074656e686120756d6120617061722665636972633b6e6369612073696d696c6172206120646520756d20746578746f206c6567266961637574653b76656c2e204d7569746f7320736f66747761726573206465207075626c6963612663636564696c3b266174696c64653b6f206520656469746f7265732064652070266161637574653b67696e6173206e6120696e7465726e65742061676f7261207573616d204c6f72656d20497073756d20636f6d6f20746578746f2d6d6f64656c6f2070616472266174696c64653b6f2c206520756d612072266161637574653b7069646120627573636120706f7220266c7371756f3b6c6f72656d20697073756d266c7371756f3b206d6f737472612076266161637574653b72696f732077656273697465732061696e646120656d20737561206661736520646520636f6e737472752663636564696c3b266174696c64653b6f2e2056266161637574653b726961732076657273266f74696c64653b6573206e6f76617320737572676972616d20616f206c6f6e676f20646f7320616e6f732c206576656e7475616c6d656e746520706f722061636964656e74652c206520266167726176653b732076657a65732064652070726f70266f61637574653b7369746f2028696e6a6574616e646f2068756d6f722c206520636f6973617320646f20672665636972633b6e65726f293c2f7370616e3e3c2f703e, 0x3c703e4e75657374726f2072657374617572616e74652061206c61206361727461206f667265636520706c61746f7320637265617469766f73207061726120717565207365616e206469736672757461646f732061206c6f206c6172676f2064656c2064266961637574653b612e20456c2072657374617572616e7465207365207175656461206162696572746f207061726120656c206465736179756e6f2c20616c6d7565727a6f20792063656e612e266e6273703b3c2f703e0d0a3c703e41206c6f206c6172676f2064656c2064266961637574653b612c206578706c6f7265206e75657374726f206d656e267561637574653b20717565206f66726563653a2061706572697469766f732c20657370656369616c6964616465732064656c2064266961637574653b612c2070656365732066726573636f732c20667275746f732064656c206d61722c20636f6d696461207665676574617269616e6120792061267561637574653b6e206d656e267561637574653b20657370656369616c2070617261206e69266e74696c64653b6f732e2026696578636c3b546f646f2065736f20757374656420706f6472266161637574653b207361626f7265617220656e206e75657374726f2072657374617572616e74652c20656e20656c206a617264266961637574653b6e206f20656e206c6120706c6179612120506172612071756520737520657870657269656e6369612073656120636f6d706c6574612c206f66726563656d6f7320756e6120616d706c69612073656c65636369266f61637574653b6e2064652076696e6f732c206472696e6b732079206a75676f732e3c2f703e0d0a3c703e26696578636c3b4e6f207465206c6f2070696572646173206e75657374726f206d656e267561637574653b20657370656369616c2064652063656e61212043726561646f20657370656369616c6d656e746520636f6e206c6120636f6c61626f72616369266f61637574653b6e206465206c612063686566204d696368656c6c65204d61727563636f2c20656c206d656e267561637574653b206f667265636520706c61746f7320747261646963696f6e616c65732074616e746f2064656c206d6172206375616e746f206465206c61207469657272612e3c2f703e, '1', '2995E89FB4A77E4FB5F56D4991C75850'),
('B241784DB9F9B847735B82BB84F00697', '2014-01-23 17:17:43', 0x3c703e4e6f73736f2072657374617572616e746520266167726176653b206c61206361727465206f66657265636520707261746f7320637269617469766f73207061726120736572656d206469736672757461646f7320616f206c6f6e676f20646f206469612e204f2072657374617572616e746520616272652070617261206f20636166266561637574653b206461206d616e68266174696c64653b2c20616c6d6f2663636564696c3b6f2065206a616e7461722e3c2f703e0d0a3c703e447572616e7465206f206469612c206578706c6f7265206e6f73736f206d656e7520717565206f6665726563653a207065746973636f732c20657370656369616c69646164657320646f206469612c207065697865732066726573636f732c20667275746f7320646f206d61722c20636f6d696461207665676574617269616e6120652061696e64612063617264266161637574653b70696f20696e66616e74696c2e205475646f206973736f20766f632665636972633b20706f646572266161637574653b207361626f7265617220656d206e6f73736f2072657374617572616e74652c206e6f206a617264696d206f75206e6120707261696121205061726120717565206120737561206578706572692665636972633b6e6369612073656a6120636f6d706c6574612c206f6665726563656d6f7320756d612076617374612073656c652663636564696c3b266174696c64653b6f2064652076696e686f732c206472696e6b732065207375636f732e3c2f703e0d0a3c703e4e266174696c64653b6f207065726361206f206e6f73736f206d656e7520657370656369616c206465206a616e746172212043726961646f20657370656369616c6d656e746520636f6d206120636f6c61626f72612663636564696c3b266174696c64653b6f2064612063686566204d696368656c6c65204d61727563636f2c206f206d656e75206f66657265636520707261746f7320747261646963696f6e6169732074616e746f20646f206d6172207175616e746f2064612074657272612e3c2f703e, 0x3c703e4e6f73736f2072657374617572616e746520266167726176653b206c61206361727465206f66657265636520707261746f7320637269617469766f73207061726120736572656d206469736672757461646f7320616f206c6f6e676f20646f206469612e204f2072657374617572616e746520616272652070617261206f20636166266561637574653b206461206d616e68266174696c64653b2c20616c6d6f2663636564696c3b6f2065206a616e7461722e3c2f703e0d0a3c703e447572616e7465206f206469612c206578706c6f7265206e6f73736f206d656e7520717565206f6665726563653a207065746973636f732c20657370656369616c69646164657320646f206469612c207065697865732066726573636f732c20667275746f7320646f206d61722c20636f6d696461207665676574617269616e6120652061696e64612063617264266161637574653b70696f20696e66616e74696c2e205475646f206973736f20766f632665636972633b20706f646572266161637574653b207361626f7265617220656d206e6f73736f2072657374617572616e74652c206e6f206a617264696d206f75206e6120707261696121205061726120717565206120737561206578706572692665636972633b6e6369612073656a6120636f6d706c6574612c206f6665726563656d6f7320756d612076617374612073656c652663636564696c3b266174696c64653b6f2064652076696e686f732c206472696e6b732065207375636f732e3c2f703e0d0a3c703e4e266174696c64653b6f207065726361206f206e6f73736f206d656e7520657370656369616c206465206a616e746172212043726961646f20657370656369616c6d656e746520636f6d206120636f6c61626f72612663636564696c3b266174696c64653b6f2064612063686566204d696368656c6c65204d61727563636f2c206f206d656e75206f66657265636520707261746f7320747261646963696f6e6169732074616e746f20646f206d6172207175616e746f2064612074657272612e3c2f703e, 0x3c703e4e6f73736f2072657374617572616e746520266167726176653b206c61206361727465206f66657265636520707261746f7320637269617469766f73207061726120736572656d206469736672757461646f7320616f206c6f6e676f20646f206469612e204f2072657374617572616e746520616272652070617261206f20636166266561637574653b206461206d616e68266174696c64653b2c20616c6d6f2663636564696c3b6f2065206a616e7461722e3c2f703e0d0a3c703e447572616e7465206f206469612c206578706c6f7265206e6f73736f206d656e7520717565206f6665726563653a207065746973636f732c20657370656369616c69646164657320646f206469612c207065697865732066726573636f732c20667275746f7320646f206d61722c20636f6d696461207665676574617269616e6120652061696e64612063617264266161637574653b70696f20696e66616e74696c2e205475646f206973736f20766f632665636972633b20706f646572266161637574653b207361626f7265617220656d206e6f73736f2072657374617572616e74652c206e6f206a617264696d206f75206e6120707261696121205061726120717565206120737561206578706572692665636972633b6e6369612073656a6120636f6d706c6574612c206f6665726563656d6f7320756d612076617374612073656c652663636564696c3b266174696c64653b6f2064652076696e686f732c206472696e6b732065207375636f732e3c2f703e0d0a3c703e4e266174696c64653b6f207065726361206f206e6f73736f206d656e7520657370656369616c206465206a616e746172212043726961646f20657370656369616c6d656e746520636f6d206120636f6c61626f72612663636564696c3b266174696c64653b6f2064612063686566204d696368656c6c65204d61727563636f2c206f206d656e75206f66657265636520707261746f7320747261646963696f6e6169732074616e746f20646f206d6172207175616e746f2064612074657272612e3c2f703e, '1', '2995E89FB4A77E4FB5F56D4991C75850'),
('4CEA5FAA68351FEB807CDCD4A9E5C317', '2014-01-23 21:00:37', 0x3c703e3c7374726f6e673e4c6f72656d20497073756d3c2f7374726f6e673e20266561637574653b2073696d706c65736d656e746520756d612073696d756c612663636564696c3b266174696c64653b6f20646520746578746f20646120696e64267561637574653b7374726961207469706f6772266161637574653b66696361206520646520696d70726573736f732c20652076656d2073656e646f207574696c697a61646f206465736465206f2073266561637574653b63756c6f205856492c207175616e646f20756d20696d70726573736f7220646573636f6e68656369646f207065676f7520756d612062616e64656a61206465207469706f732065206f7320656d626172616c686f7520706172612066617a657220756d206c6976726f206465206d6f64656c6f73206465207469706f732e204c6f72656d20497073756d20736f6272657669766575206e266174696c64653b6f2073266f61637574653b20612063696e636f2073266561637574653b63756c6f732c20636f6d6f2074616d62266561637574653b6d20616f2073616c746f2070617261206120656469746f72612663636564696c3b266174696c64653b6f20656c657472266f636972633b6e6963612c207065726d616e6563656e646f20657373656e6369616c6d656e746520696e616c74657261646f2e20536520706f70756c6172697a6f75206e612064266561637574653b636164612064652036302c207175616e646f2061204c65747261736574206c616e2663636564696c3b6f7520646563616c7175657320636f6e74656e646f20706173736167656e73206465204c6f72656d20497073756d2c2065206d61697320726563656e74656d656e7465207175616e646f20706173736f7520612073657220696e7465677261646f206120736f6674776172657320646520656469746f72612663636564696c3b266174696c64653b6f20656c657472266f636972633b6e69636120636f6d6f20416c64757320506167654d616b65722e3c2f703e, 0x3c703e3c7374726f6e673e4c6f72656d20497073756d3c2f7374726f6e673e20266561637574653b2073696d706c65736d656e746520756d612073696d756c612663636564696c3b266174696c64653b6f20646520746578746f20646120696e64267561637574653b7374726961207469706f6772266161637574653b66696361206520646520696d70726573736f732c20652076656d2073656e646f207574696c697a61646f206465736465206f2073266561637574653b63756c6f205856492c207175616e646f20756d20696d70726573736f7220646573636f6e68656369646f207065676f7520756d612062616e64656a61206465207469706f732065206f7320656d626172616c686f7520706172612066617a657220756d206c6976726f206465206d6f64656c6f73206465207469706f732e204c6f72656d20497073756d20736f6272657669766575206e266174696c64653b6f2073266f61637574653b20612063696e636f2073266561637574653b63756c6f732c20636f6d6f2074616d62266561637574653b6d20616f2073616c746f2070617261206120656469746f72612663636564696c3b266174696c64653b6f20656c657472266f636972633b6e6963612c207065726d616e6563656e646f20657373656e6369616c6d656e746520696e616c74657261646f2e20536520706f70756c6172697a6f75206e612064266561637574653b636164612064652036302c207175616e646f2061204c65747261736574206c616e2663636564696c3b6f7520646563616c7175657320636f6e74656e646f20706173736167656e73206465204c6f72656d20497073756d2c2065206d61697320726563656e74656d656e7465207175616e646f20706173736f7520612073657220696e7465677261646f206120736f6674776172657320646520656469746f72612663636564696c3b266174696c64653b6f20656c657472266f636972633b6e69636120636f6d6f20416c64757320506167654d616b65722e3c2f703e, 0x3c703e3c7374726f6e673e4c6f72656d20497073756d3c2f7374726f6e673e20266561637574653b2073696d706c65736d656e746520756d612073696d756c612663636564696c3b266174696c64653b6f20646520746578746f20646120696e64267561637574653b7374726961207469706f6772266161637574653b66696361206520646520696d70726573736f732c20652076656d2073656e646f207574696c697a61646f206465736465206f2073266561637574653b63756c6f205856492c207175616e646f20756d20696d70726573736f7220646573636f6e68656369646f207065676f7520756d612062616e64656a61206465207469706f732065206f7320656d626172616c686f7520706172612066617a657220756d206c6976726f206465206d6f64656c6f73206465207469706f732e204c6f72656d20497073756d20736f6272657669766575206e266174696c64653b6f2073266f61637574653b20612063696e636f2073266561637574653b63756c6f732c20636f6d6f2074616d62266561637574653b6d20616f2073616c746f2070617261206120656469746f72612663636564696c3b266174696c64653b6f20656c657472266f636972633b6e6963612c207065726d616e6563656e646f20657373656e6369616c6d656e746520696e616c74657261646f2e20536520706f70756c6172697a6f75206e612064266561637574653b636164612064652036302c207175616e646f2061204c65747261736574206c616e2663636564696c3b6f7520646563616c7175657320636f6e74656e646f20706173736167656e73206465204c6f72656d20497073756d2c2065206d61697320726563656e74656d656e7465207175616e646f20706173736f7520612073657220696e7465677261646f206120736f6674776172657320646520656469746f72612663636564696c3b266174696c64653b6f20656c657472266f636972633b6e69636120636f6d6f20416c64757320506167654d616b65722e3c2f703e, '1', '2995E89FB4A77E4FB5F56D4991C75850'),
('14054ADE1CA00334E25D8C4E5D257E3D', '2014-01-24 20:42:45', 0x3c703e6c616c616c616c616c6c616c616c616c616c6c616c616c616c613c2f703e, 0x3c703e6c616c616c616c616c6c616c616c616c616c6c616c616c616c613c2f703e, 0x3c703e6c616c616c616c616c6c616c616c616c616c6c616c616c616c613c2f703e, '1', '2995E89FB4A77E4FB5F56D4991C75850'),
('B7FDDC424B40BADBDB073556B3EA525B', '2014-01-28 20:15:49', 0x3c703e4120677265617420646179207374617274732077697468206120677265617420627265616b666173742120446973636f766572206f757220667265736820616e6420657874656e73697665204272617a696c69616e2d7374796c6520627265616b666173742062756666657420776974682069747320612073656c656374696f6e206f66206672657368206672756974732c2066726573686c792073717565657a6564206a75696365732c2062726561647320616e642070617374726965732c20696e636c7564696e67206f75722064656c6963696f757320686f6d656d6164652063616b65732c20636f6c64206375747320616e64206d756368206d6f72652e3c2f703e, 0x3c703e556d2064696120706572666569746f20636f6d652663636564696c3b6120636f6d20756d20737570657220636166266561637574653b206461206d616e68266174696c64653b21204465736672757465206465206e6f73736f207661726961646f2062756666657420646520636166266561637574653b206461206d616e68266174696c64653b206e6f20657374696c6f2062726173696c6569726f2c20636f6d706f73746f20706f7220756d612073656c652663636564696c3b266174696c64653b6f2064652066727574617320667265736361732c207375636f732064652066727574617320666569746f73206e6120686f72612c2070266174696c64653b65732c20626973636f69746f73206520646f6365732c20696e636c75696e646f206e6f73736f732064656c6963696f736f7320626f6c6f7320666569746f73206e61207072266f61637574653b7072696120706f75736164612c206672696f732065206d7569746f206d6169732e3c2f703e, 0x3c703e26696578636c3b556e2064266961637574653b6120706572666563746f20656d7069657a6120636f6e20756e2073267561637574653b706572206465736179756e6f21266e6273703b204469736672757461206e75657374726f20616d706c696f20627566666574206465206465736179756e6f20656e20656c20657374696c6f2062726173696c65266e74696c64653b6f2c20636f6d70756573746f20706f7220756e612073656c65636369266f61637574653b6e206465206672757461732c206a75676f732064652066727574617320686563686f7320656e206c6120686f72612c2070616e65732c2067616c6c6574617320792064756c6365732c20696e636c7579656e646f206e75657374726f732064656c6963696f736f732070617374656c657320686563686f7320656e206c612070726f70696120706f736164612c206669616d627265732079206d7563686f206d266161637574653b732e3c2f703e, '1', '2995E89FB4A77E4FB5F56D4991C75850');
INSERT INTO `descricao` (`CODDESCRICAO`, `DTA`, `INGLES`, `PORTUGUES`, `ESPANHOL`, `STATUS`, `OWNER`) VALUES
('14978E461B271C51A98E00F518189CB5', '2014-02-13 17:39:57', 0x3c21444f43545950452068746d6c205055424c494320222d2f2f5733432f2f445444205848544d4c20312e30205374726963742f2f454e222022687474703a2f2f7777772e77332e6f72672f54522f7868746d6c312f4454442f7868746d6c312d7374726963742e647464223e0d0a3c68746d6c20786d6c6e733d22687474703a2f2f7777772e77332e6f72672f313939392f7868746d6c223e0d0a3c686561643e0d0a093c6d65746120687474702d65717569763d22436f6e74656e742d547970652220636f6e74656e743d22746578742f68746d6c3b20636861727365743d7574662d3822202f3e0d0a093c6d657461206e616d653d2276696577706f72742220636f6e74656e743d2277696474683d6465766963652d7769647468222f3e0d0a3c2f686561643e0d0a3c626f64793e0d0a3c7461626c652077696474683d22313030252220626f726465723d2230223e0d0a3c74626f64793e0d0a3c74723e0d0a3c74643e0d0a3c7461626c6520636c6173733d22636f6e7461696e657222207374796c653d226261636b67726f756e643a20236666666666663b2077696474683a2036333070783b20626f726465722d636f6c6c617073653a20636f6c6c617073653b2220626f726465723d2230222063656c6c73706163696e673d2230222063656c6c70616464696e673d2230223e0d0a3c74626f64793e0d0a3c74723e0d0a3c74643e0d0a3c7461626c6520636c6173733d2268656164657222207374796c653d2270616464696e673a20333070782030203235707820303b20636f6c6f723a20233137373661303b206c696e652d6865696768743a20353070783b222077696474683d22313030252220626f726465723d2230223e0d0a3c74626f64793e0d0a3c74723e0d0a3c7464207374796c653d2277696474683a2031393070783b20646973706c61793a20696e6c696e652d626c6f636b3b20626f726465722d72696768743a20736f6c69642031707820234534453445343b2220616c69676e3d226c656674223e3c696d6720636c6173733d2268645f6c6f676f22207469746c653d22506f7573616461204d617261766973746122207372633d2268747470733a2f2f73736c3735342e7765627369746573656775726f2e636f6d2f6d6172617669737461312f696d6167652f6c6f676f2e706e672220616c743d22506f7573616461204d6172617669737461222077696474683d22313430707822206865696768743d22313536707822202f3e3c2f74643e0d0a3c746420636c6173733d2268645f7469746c6522207374796c653d2270616464696e672d6c6566743a20343470783b20666f6e742d73697a653a20332e3372656d3b20666f6e742d7765696768743a203430303b2220616c69676e3d226c656674223e426f6f6b696e6720436f6e6669726d656421266e6273703b3c6272202f3e203c7370616e3e436f64653a282525252525293c2f7370616e3e3c2f74643e0d0a3c2f74723e0d0a3c2f74626f64793e0d0a3c2f7461626c653e0d0a3c2f74643e0d0a3c2f74723e0d0a3c747220636c6173733d227465787431223e0d0a3c7464207374796c653d22636f6c6f723a20233333333b2070616464696e672d626f74746f6d3a20323570783b20666f6e742d7765696768743a203230303b206c696e652d6865696768743a20323270783b20746578742d616c69676e3a206a7573746966793b223e5468616e6b20796f75266e6273703b3c7374726f6e673e282525252525293c2f7374726f6e673e20666f72206d616b696e6720796f7572207265736572766174696f6e2e20546865206461696c79207261746520696e636c7564657320616c6c20666565732c20627265616b666173742c2070726976617465207061726b696e672c20696e7465726e65742057492d464920616e642061636365737320616e6420626561636820736572766963652e3c2f74643e0d0a3c2f74723e0d0a3c747220636c6173733d227461626c65223e0d0a3c74643e0d0a3c7461626c652077696474683d22313030252220626f726465723d2230222063656c6c73706163696e673d22347078222063656c6c70616464696e673d2230223e0d0a3c74626f64793e0d0a3c74723e0d0a3c7464207374796c653d226261636b67726f756e642d636f6c6f723a20233137373661303b2070616464696e673a203135707820323270783b20666f6e742d73697a653a20312e31323572656d3b20636f6c6f723a20236666666666663b206d617267696e3a203270783b223e282525252525293c2f74643e0d0a3c7464207374796c653d226261636b67726f756e642d636f6c6f723a20233137373661303b2070616464696e673a203135707820323270783b20666f6e742d73697a653a20312e31323572656d3b20636f6c6f723a20236666666666663b206d617267696e3a203270783b223e282525252525293c2f74643e0d0a3c2f74723e0d0a3c74723e0d0a3c7464207374796c653d22636f6c6f723a20233464346434643b2070616464696e673a203135707820323270783b20666f6e742d73697a653a20312e31323572656d3b206261636b67726f756e642d636f6c6f723a20236632663266323b206d617267696e3a203270783b223e436865636b2d696e3a20282525252525293c2f74643e0d0a3c7464207374796c653d22636f6c6f723a20233464346434643b2070616464696e673a203135707820323270783b20666f6e742d73697a653a20312e31323572656d3b206261636b67726f756e642d636f6c6f723a20236632663266323b206d617267696e3a203270783b223e436865636b2d6f75743a20282525252525293c2f74643e0d0a3c2f74723e0d0a3c74723e0d0a3c7464207374796c653d22636f6c6f723a20233464346434643b2070616464696e673a203135707820323270783b20666f6e742d73697a653a20312e31323572656d3b206261636b67726f756e642d636f6c6f723a20236632663266323b206d617267696e3a203270783b223e4e756d626572206f662050656f706c653a20282525252525293c2f74643e0d0a3c7464207374796c653d22636f6c6f723a20233464346434643b2070616464696e673a203135707820323270783b20666f6e742d73697a653a20312e31323572656d3b206261636b67726f756e642d636f6c6f723a20236632663266323b206d617267696e3a203270783b223e4e756d626572206f66204164756c74733a20282525252525293c2f74643e0d0a3c2f74723e0d0a3c74723e0d0a3c7464207374796c653d22636f6c6f723a20233464346434643b2070616464696e673a203135707820323270783b20666f6e742d73697a653a20312e31323572656d3b206261636b67726f756e642d636f6c6f723a20236632663266323b206d617267696e3a203270783b223e4e756d626572206f66204368696c6472656e733a20282525252525293c2f74643e0d0a3c7464207374796c653d22636f6c6f723a20233464346434643b2070616464696e673a203135707820323270783b20666f6e742d73697a653a20312e31323572656d3b206261636b67726f756e642d636f6c6f723a20236632663266323b206d617267696e3a203270783b223e4e756d626572206f6620526f6f6d733a20282525252525293c2f74643e0d0a3c2f74723e0d0a3c74723e0d0a3c7464207374796c653d22636f6c6f723a20233464346434643b2070616464696e673a203135707820323270783b20666f6e742d73697a653a20312e31323572656d3b206261636b67726f756e642d636f6c6f723a20236632663266323b206d617267696e3a203270783b2220636f6c7370616e3d2232223e43617465676f72792f526f6f6d3a20282525252525293c2f74643e0d0a3c2f74723e0d0a3c74723e0d0a3c7464207374796c653d22636f6c6f723a20233464346434643b2070616464696e673a203135707820323270783b20666f6e742d73697a653a20312e31323572656d3b206261636b67726f756e642d636f6c6f723a20236632663266323b206d617267696e3a203270783b223e5061796d656e74204d6574686f643a20282525252525293c2f74643e0d0a3c7464207374796c653d22636f6c6f723a20233464346434643b2070616464696e673a203135707820323270783b20666f6e742d73697a653a20312e31323572656d3b206261636b67726f756e642d636f6c6f723a20236632663266323b206d617267696e3a203270783b223e266e6273703b353025203d20282525252525293c2f74643e0d0a3c2f74723e0d0a3c74723e0d0a3c7464207374796c653d22636f6c6f723a20236666666666663b2070616464696e673a203135707820323270783b20746578742d616c69676e3a2063656e7465723b20666f6e742d73697a653a20312e31323572656d3b206261636b67726f756e642d636f6c6f723a20233331613164323b206d617267696e3a203270783b2220636f6c7370616e3d2232223e546f74616c20416d6f756e743a20522420282525252525293c2f74643e0d0a3c2f74723e0d0a3c74723e0d0a3c7464207374796c653d2270616464696e672d746f703a20313270783b2070616464696e672d626f74746f6d3a20353070783b20746578742d616c69676e3a206c6566743b20666f6e742d7765696768743a203230303b20666f6e742d73697a653a20302e38373572656d3b206c696e652d6865696768743a20323270783b20636f6c6f723a20233137373661303b2220636f6c7370616e3d2232223e0d0a3c703e3c7370616e207374796c653d22636f6c6f723a20233137373661303b223e3c7370616e207374796c653d22666f6e742d73697a653a20302e38373572656d3b206c696e652d6865696768743a20323270783b223e2d20596f757220636865636b2d696e206d75737420626520646f6e65206166746572203220706d20616e6420796f757220636865636b2d6f757420756e74696c20313220706d2e20266e6273703b3c2f7370616e3e3c2f7370616e3e3c6272202f3e3c7370616e207374796c653d22636f6c6f723a20233137373661303b223e3c7370616e207374796c653d22666f6e742d73697a653a20302e38373572656d3b206c696e652d6865696768743a20323270783b223e202d266e6273703b3c2f7370616e3e3c7370616e207374796c653d22666f6e742d73697a653a20313470783b206c696e652d6865696768743a20323270783b223e496620796f75206e65656420736f6d65207370656369616c20736572766963652c20706c6561736520696e666f726d20757320627920656d61696c203c7374726f6e673e706f7573616461406d61726176697374612e636f6d2e62722e3c2f7374726f6e673e3c2f7370616e3e3c2f7370616e3e3c2f703e0d0a3c70207374796c653d22636f6c6f723a20233137373661303b20666f6e742d73697a653a20302e38373572656d3b20666f6e742d7765696768743a203230303b206c696e652d6865696768743a20323270783b223e2d205765206172652077616974696e6720666f7220796f7520696e2042267561637574653b7a696f73213c2f703e0d0a3c2f74643e0d0a3c2f74723e0d0a3c7472207374796c653d22746578742d616c69676e3a2063656e7465723b223e0d0a3c7464207374796c653d22636f6c6f723a20233137373661303b20666f6e742d7765696768743a203430303b20666f6e742d73697a653a20302e3933373572656d3b2220636f6c7370616e3d2232223e52756120646f7320477261766174266161637574653b732c20313035382c205072616961206465204765726962266161637574653b2042267561637574653b7a696f73202d2052696f206465204a616e6569726f3c6272202f3e54656c2e3a202b353520323220323632332d323133303c2f74643e0d0a3c2f74723e0d0a3c7472207374796c653d22746578742d616c69676e3a2063656e7465723b223e0d0a3c7464207374796c653d22636f6c6f723a20233137373661303b20666f6e742d7765696768743a203430303b20666f6e742d73697a653a20312e31323572656d3b2070616464696e672d626f74746f6d3a20323970783b2220636f6c7370616e3d2232223e706f7573616461406d61726176697374612e636f6d2e6272207c207777772e6d61726176697374612e636f6d2e62723c2f74643e0d0a3c2f74723e0d0a3c74723e0d0a3c7464207374796c653d22636f6c6f723a20233561356135613b20666f6e742d73697a653a20313270783b20666f6e742d7765696768743a203230303b2220636f6c7370616e3d22322220616c69676e3d227269676874223e446576656c6f706564206279203c7374726f6e673e3c61207374796c653d22636f6c6f723a20233561356135613b20746578742d6465636f726174696f6e3a206e6f6e653b2220687265663d22687474703a2f2f64657369676e6c61622e636f6d2e6272223e44657369676e4c61623c2f613e3c2f7374726f6e673e3c2f74643e0d0a3c2f74723e0d0a3c2f74626f64793e0d0a3c2f7461626c653e0d0a3c2f74643e0d0a3c2f74723e0d0a3c2f74626f64793e0d0a3c2f7461626c653e0d0a3c2f74643e0d0a3c2f74723e0d0a3c2f74626f64793e0d0a3c2f7461626c653e0d0a3c2f626f64793e0d0a3c2f68746d6c3e, 0x3c21444f43545950452068746d6c205055424c494320222d2f2f5733432f2f445444205848544d4c20312e30205374726963742f2f454e222022687474703a2f2f7777772e77332e6f72672f54522f7868746d6c312f4454442f7868746d6c312d7374726963742e647464223e0d0a3c68746d6c20786d6c6e733d22687474703a2f2f7777772e77332e6f72672f313939392f7868746d6c223e0d0a3c686561643e0d0a093c6d65746120687474702d65717569763d22436f6e74656e742d547970652220636f6e74656e743d22746578742f68746d6c3b20636861727365743d7574662d3822202f3e0d0a093c6d657461206e616d653d2276696577706f72742220636f6e74656e743d2277696474683d6465766963652d7769647468222f3e0d0a3c2f686561643e0d0a3c626f64793e0d0a3c7461626c652077696474683d22313030252220626f726465723d2230223e0d0a3c74626f64793e0d0a3c74723e0d0a3c74643e0d0a3c7461626c6520636c6173733d22636f6e7461696e657222207374796c653d226261636b67726f756e643a20236666666666663b2077696474683a2036333070783b20626f726465722d636f6c6c617073653a20636f6c6c617073653b2220626f726465723d2230222063656c6c73706163696e673d2230222063656c6c70616464696e673d2230223e0d0a3c74626f64793e0d0a3c74723e0d0a3c74643e0d0a3c7461626c6520636c6173733d2268656164657222207374796c653d2270616464696e673a20333070782030203235707820303b20636f6c6f723a20233137373661303b206c696e652d6865696768743a20353070783b222077696474683d22313030252220626f726465723d2230223e0d0a3c74626f64793e0d0a3c74723e0d0a3c7464207374796c653d2277696474683a2031393070783b20646973706c61793a20696e6c696e652d626c6f636b3b20626f726465722d72696768743a20736f6c69642031707820234534453445343b2220616c69676e3d226c656674223e3c696d6720636c6173733d2268645f6c6f676f22207469746c653d22506f7573616461204d617261766973746122207372633d2268747470733a2f2f73736c3735342e7765627369746573656775726f2e636f6d2f6d6172617669737461312f696d6167652f6c6f676f2e706e672220616c743d22506f7573616461204d6172617669737461222077696474683d22313430707822206865696768743d22313536707822202f3e3c2f74643e0d0a3c746420636c6173733d2268645f7469746c6522207374796c653d2270616464696e672d6c6566743a20343470783b20666f6e742d73697a653a20332e3372656d3b20666f6e742d7765696768743a203430303b2220616c69676e3d226c656674223e5265736572766120436f6e6669726d616461213c6272202f3e436f642e3a282525252525293c2f74643e0d0a3c2f74723e0d0a3c2f74626f64793e0d0a3c2f7461626c653e0d0a3c2f74643e0d0a3c2f74723e0d0a3c747220636c6173733d227465787431223e0d0a3c7464207374796c653d22636f6c6f723a20233333333b2070616464696e672d626f74746f6d3a20323570783b20666f6e742d7765696768743a203230303b206c696e652d6865696768743a20323270783b20746578742d616c69676e3a206a7573746966793b223e3c7370616e207374796c653d22636f6c6f723a20233333333333333b223e3c7370616e207374796c653d226c696e652d6865696768743a20323270783b223e4f6272696761646f202825252525252920706f7220656665747561722073756120726573657276612e2041206469266161637574653b72696120696e636c756920746f6461732061732074617861732c20636166266561637574653b206461206d616e68266174696c64653b2c206573746163696f6e616d656e746f207072697661646f2c20696e7465726e65742057492d464920652061636573736f20652073657276692663636564696c3b6f2064652070726169612e3c2f7370616e3e3c2f7370616e3e3c2f74643e0d0a3c2f74723e0d0a3c747220636c6173733d227461626c65223e0d0a3c74643e0d0a3c7461626c652077696474683d22313030252220626f726465723d2230222063656c6c73706163696e673d22347078222063656c6c70616464696e673d2230223e0d0a3c74626f64793e0d0a3c74723e0d0a3c7464207374796c653d226261636b67726f756e642d636f6c6f723a20233137373661303b2070616464696e673a203135707820323270783b20666f6e742d73697a653a20312e31323572656d3b20636f6c6f723a20236666666666663b206d617267696e3a203270783b223e282525252525293c2f74643e0d0a3c7464207374796c653d226261636b67726f756e642d636f6c6f723a20233137373661303b2070616464696e673a203135707820323270783b20666f6e742d73697a653a20312e31323572656d3b20636f6c6f723a20236666666666663b206d617267696e3a203270783b223e282525252525293c2f74643e0d0a3c2f74723e0d0a3c74723e0d0a3c7464207374796c653d22636f6c6f723a20233464346434643b2070616464696e673a203135707820323270783b20666f6e742d73697a653a20312e31323572656d3b206261636b67726f756e642d636f6c6f723a20236632663266323b206d617267696e3a203270783b223e436865636b2d696e3a20282525252525293c2f74643e0d0a3c7464207374796c653d22636f6c6f723a20233464346434643b2070616464696e673a203135707820323270783b20666f6e742d73697a653a20312e31323572656d3b206261636b67726f756e642d636f6c6f723a20236632663266323b206d617267696e3a203270783b223e436865636b2d6f75743a20282525252525293c2f74643e0d0a3c2f74723e0d0a3c74723e0d0a3c7464207374796c653d22636f6c6f723a20233464346434643b2070616464696e673a203135707820323270783b20666f6e742d73697a653a20312e31323572656d3b206261636b67726f756e642d636f6c6f723a20236632663266323b206d617267696e3a203270783b223e4e267561637574653b6d65726f20646520506573736f61733a20282525252525293c2f74643e0d0a3c7464207374796c653d22636f6c6f723a20233464346434643b2070616464696e673a203135707820323270783b20666f6e742d73697a653a20312e31323572656d3b206261636b67726f756e642d636f6c6f723a20236632663266323b206d617267696e3a203270783b223e4e267561637574653b6d65726f206465204164756c746f733a20282525252525293c2f74643e0d0a3c2f74723e0d0a3c74723e0d0a3c7464207374796c653d22636f6c6f723a20233464346434643b2070616464696e673a203135707820323270783b20666f6e742d73697a653a20312e31323572656d3b206261636b67726f756e642d636f6c6f723a20236632663266323b206d617267696e3a203270783b223e4e267561637574653b6d65726f20646520437269616e2663636564696c3b61733a20282525252525293c2f74643e0d0a3c7464207374796c653d22636f6c6f723a20233464346434643b2070616464696e673a203135707820323270783b20666f6e742d73697a653a20312e31323572656d3b206261636b67726f756e642d636f6c6f723a20236632663266323b206d617267696e3a203270783b223e4e267561637574653b6d65726f2064652051756172746f733a20282525252525293c2f74643e0d0a3c2f74723e0d0a3c74723e0d0a3c7464207374796c653d22636f6c6f723a20233464346434643b2070616464696e673a203135707820323270783b20666f6e742d73697a653a20312e31323572656d3b206261636b67726f756e642d636f6c6f723a20236632663266323b206d617267696e3a203270783b2220636f6c7370616e3d2232223e43617465676f7269612f51756172746f733a20282525252525293c2f74643e0d0a3c2f74723e0d0a3c74723e0d0a3c7464207374796c653d22636f6c6f723a20233464346434643b2070616464696e673a203135707820323270783b20666f6e742d73697a653a20312e31323572656d3b206261636b67726f756e642d636f6c6f723a20236632663266323b206d617267696e3a203270783b223e466f726d6120646520506167616d656e746f3a20282525252525293c2f74643e0d0a3c7464207374796c653d22636f6c6f723a20233464346434643b2070616464696e673a203135707820323270783b20666f6e742d73697a653a20312e31323572656d3b206261636b67726f756e642d636f6c6f723a20236632663266323b206d617267696e3a203270783b223e353025203d20282525252525293c2f74643e0d0a3c2f74723e0d0a3c74723e0d0a3c7464207374796c653d22636f6c6f723a20236666666666663b2070616464696e673a203135707820323270783b20746578742d616c69676e3a2063656e7465723b20666f6e742d73697a653a20312e31323572656d3b206261636b67726f756e642d636f6c6f723a20233331613164323b206d617267696e3a203270783b2220636f6c7370616e3d2232223e56616c6f7220546f74616c3a20522420282525252525293c2f74643e0d0a3c2f74723e0d0a3c74723e0d0a3c7464207374796c653d2270616464696e672d746f703a20313270783b2070616464696e672d626f74746f6d3a20353070783b20746578742d616c69676e3a206c6566743b20666f6e742d7765696768743a203230303b20666f6e742d73697a653a20302e38373572656d3b206c696e652d6865696768743a20323270783b20636f6c6f723a20233137373661303b2077696474683a20313030253b2220636f6c7370616e3d2232223e0d0a3c703e3c7370616e3e2d204f20636865636b2d696e20646576652073657220666569746f206465706f6973206465206475617320686f72617320652073657520636865636b2d6f7574206174266561637574653b20266167726176653b7320313220686f7261732e20266e6273703b3c2f7370616e3e3c6272202f3e3c7370616e3e3c7370616e207374796c653d22666f6e742d73697a653a20302e38373572656d3b206c696e652d6865696768743a20323270783b223e2d266e6273703b3c2f7370616e3e3c7370616e3e536520766f632665636972633b20707265636973617220646520616c67756d2073657276692663636564696c3b6f20657370656369616c2c20706f72206661766f72206e6f7320696e666f726d6520706f7220652d6d61696c266e6273703b203c7374726f6e673e706f7573616461406d61726176697374612e636f6d2e62722e3c2f7374726f6e673e203c2f7370616e3e203c2f7370616e3e3c2f703e0d0a3c70207374796c653d22636f6c6f723a20233137373661303b20666f6e742d73697a653a20302e38373572656d3b20666f6e742d7765696768743a203230303b206c696e652d6865696768743a20323270783b223e2d20457374616d6f73206573706572616e646f20706f7220766f632665636972633b20656d2042267561637574653b7a696f733c2f703e0d0a3c2f74643e0d0a3c2f74723e0d0a3c7472207374796c653d22746578742d616c69676e3a2063656e7465723b223e0d0a3c7464207374796c653d22636f6c6f723a20233137373661303b20666f6e742d7765696768743a203430303b20666f6e742d73697a653a20302e3933373572656d3b2220636f6c7370616e3d2232223e52756120646f7320477261766174266161637574653b732c20313035382c205072616961206465204765726962266161637574653b2042267561637574653b7a696f73202d2052696f206465204a616e6569726f3c6272202f3e54656c2e3a202b353520323220323632332d323133303c2f74643e0d0a3c2f74723e0d0a3c7472207374796c653d22746578742d616c69676e3a2063656e7465723b223e0d0a3c7464207374796c653d22636f6c6f723a20233137373661303b20666f6e742d7765696768743a203430303b20666f6e742d73697a653a20312e31323572656d3b2070616464696e672d626f74746f6d3a20323970783b2220636f6c7370616e3d2232223e706f7573616461406d61726176697374612e636f6d2e6272207c207777772e6d61726176697374612e636f6d2e62723c2f74643e0d0a3c2f74723e0d0a3c74723e0d0a3c7464207374796c653d22636f6c6f723a20233561356135613b20666f6e742d73697a653a20313270783b20666f6e742d7765696768743a203230303b2220636f6c7370616e3d22322220616c69676e3d227269676874223e446576656c6f706564206279266e6273703b3c7374726f6e673e3c61207374796c653d22636f6c6f723a20233561356135613b20746578742d6465636f726174696f6e3a206e6f6e653b2220687265663d22687474703a2f2f64657369676e6c61622e636f6d2e6272223e44657369676e4c61623c2f613e3c2f7374726f6e673e3c2f74643e0d0a3c2f74723e0d0a3c2f74626f64793e0d0a3c2f7461626c653e0d0a3c2f74643e0d0a3c2f74723e0d0a3c2f74626f64793e0d0a3c2f7461626c653e0d0a3c2f74643e0d0a3c2f74723e0d0a3c2f74626f64793e0d0a3c2f7461626c653e0d0a3c2f626f64793e0d0a3c2f68746d6c3e, 0x3c21444f43545950452068746d6c205055424c494320222d2f2f5733432f2f445444205848544d4c20312e30205374726963742f2f454e222022687474703a2f2f7777772e77332e6f72672f54522f7868746d6c312f4454442f7868746d6c312d7374726963742e647464223e0d0a3c68746d6c20786d6c6e733d22687474703a2f2f7777772e77332e6f72672f313939392f7868746d6c223e0d0a3c686561643e0d0a093c6d65746120687474702d65717569763d22436f6e74656e742d547970652220636f6e74656e743d22746578742f68746d6c3b20636861727365743d7574662d3822202f3e0d0a093c6d657461206e616d653d2276696577706f72742220636f6e74656e743d2277696474683d6465766963652d7769647468222f3e0d0a3c2f686561643e0d0a3c626f64793e0d0a3c7461626c652077696474683d22313030252220626f726465723d2230223e0d0a3c74626f64793e0d0a3c74723e0d0a3c74643e0d0a3c7461626c6520636c6173733d22636f6e7461696e657222207374796c653d226261636b67726f756e643a20236666666666663b2077696474683a2036333070783b20626f726465722d636f6c6c617073653a20636f6c6c617073653b2220626f726465723d2230222063656c6c73706163696e673d2230222063656c6c70616464696e673d2230223e0d0a3c74626f64793e0d0a3c74723e0d0a3c74643e0d0a3c7461626c6520636c6173733d2268656164657222207374796c653d2270616464696e673a20333070782030203235707820303b20636f6c6f723a20233137373661303b206c696e652d6865696768743a20353070783b222077696474683d22313030252220626f726465723d2230223e0d0a3c74626f64793e0d0a3c74723e0d0a3c7464207374796c653d2277696474683a2031393070783b20646973706c61793a20696e6c696e652d626c6f636b3b20626f726465722d72696768743a20736f6c69642031707820234534453445343b2220616c69676e3d226c656674223e3c696d6720636c6173733d2268645f6c6f676f22207469746c653d22506f7573616461204d617261766973746122207372633d2268747470733a2f2f73736c3735342e7765627369746573656775726f2e636f6d2f6d6172617669737461312f696d6167652f6c6f676f2e706e672220616c743d22506f7573616461204d6172617669737461222077696474683d22313430707822206865696768743d22313536707822202f3e3c2f74643e0d0a3c746420636c6173733d2268645f7469746c6522207374796c653d2270616464696e672d6c6566743a20343470783b20666f6e742d73697a653a20332e3372656d3b20666f6e742d7765696768743a203430303b2220616c69676e3d226c656674223e3c7370616e207374796c653d22666f6e742d73697a653a20353370783b223e5265736572766120436f6e6669726d616461212043266f61637574653b643c2f7370616e3e3c7370616e207374796c653d22666f6e742d73697a653a20332e3372656d3b223e2e3a282525252525293c2f7370616e3e3c2f74643e0d0a3c2f74723e0d0a3c2f74626f64793e0d0a3c2f7461626c653e0d0a3c2f74643e0d0a3c2f74723e0d0a3c747220636c6173733d227465787431223e0d0a3c7464207374796c653d22636f6c6f723a20233333333b2070616464696e672d626f74746f6d3a20323570783b20666f6e742d7765696768743a203230303b206c696e652d6865696768743a20323270783b20746578742d616c69676e3a206a7573746966793b223e3c7370616e207374796c653d22636f6c6f723a20233333333333333b223e3c7370616e207374796c653d226c696e652d6865696768743a20323270783b223e477261636961732028252525252529207061726120686163657220737520726573657276612e204c61207461726966612064696172696120696e636c75796520746f646173206c61732074617361732c206465736179756e6f2c206170617263616d69656e746f207072697661646f2c20696e7465726e65742057492d4649207920656c2061636365736f207920656c20736572766963696f20646520706c6179612e3c2f7370616e3e3c2f7370616e3e3c2f74643e0d0a3c2f74723e0d0a3c747220636c6173733d227461626c65223e0d0a3c74643e0d0a3c7461626c652077696474683d22313030252220626f726465723d2230222063656c6c73706163696e673d22347078222063656c6c70616464696e673d2230223e0d0a3c74626f64793e0d0a3c74723e0d0a3c7464207374796c653d226261636b67726f756e642d636f6c6f723a20233137373661303b2070616464696e673a203135707820323270783b20666f6e742d73697a653a20312e31323572656d3b20636f6c6f723a20236666666666663b206d617267696e3a203270783b223e282525252525293c2f74643e0d0a3c7464207374796c653d226261636b67726f756e642d636f6c6f723a20233137373661303b2070616464696e673a203135707820323270783b20666f6e742d73697a653a20312e31323572656d3b20636f6c6f723a20236666666666663b206d617267696e3a203270783b223e282525252525293c2f74643e0d0a3c2f74723e0d0a3c74723e0d0a3c7464207374796c653d22636f6c6f723a20233464346434643b2070616464696e673a203135707820323270783b20666f6e742d73697a653a20312e31323572656d3b206261636b67726f756e642d636f6c6f723a20236632663266323b206d617267696e3a203270783b223e436865636b2d696e3a20282525252525293c2f74643e0d0a3c7464207374796c653d22636f6c6f723a20233464346434643b2070616464696e673a203135707820323270783b20666f6e742d73697a653a20312e31323572656d3b206261636b67726f756e642d636f6c6f723a20236632663266323b206d617267696e3a203270783b223e436865636b2d6f75743a20282525252525293c2f74643e0d0a3c2f74723e0d0a3c74723e0d0a3c7464207374796c653d22636f6c6f723a20233464346434643b2070616464696e673a203135707820323270783b20666f6e742d73697a653a20312e31323572656d3b206261636b67726f756e642d636f6c6f723a20236632663266323b206d617267696e3a203270783b223e4e267561637574653b6d65726f20646520706572736f6e61733a20282525252525293c2f74643e0d0a3c7464207374796c653d22636f6c6f723a20233464346434643b2070616464696e673a203135707820323270783b20666f6e742d73697a653a20312e31323572656d3b206261636b67726f756e642d636f6c6f723a20236632663266323b206d617267696e3a203270783b223e4e267561637574653b6d65726f206465204164756c746f733a20282525252525293c2f74643e0d0a3c2f74723e0d0a3c74723e0d0a3c7464207374796c653d22636f6c6f723a20233464346434643b2070616464696e673a203135707820323270783b20666f6e742d73697a653a20312e31323572656d3b206261636b67726f756e642d636f6c6f723a20236632663266323b206d617267696e3a203270783b223e4e267561637574653b6d65726f206465204e69266e74696c64653b6f733a20282525252525293c2f74643e0d0a3c7464207374796c653d22636f6c6f723a20233464346434643b2070616464696e673a203135707820323270783b20666f6e742d73697a653a20312e31323572656d3b206261636b67726f756e642d636f6c6f723a20236632663266323b206d617267696e3a203270783b223e4e267561637574653b6d65726f2064652068616269746163696f6e65733a20282525252525293c2f74643e0d0a3c2f74723e0d0a3c74723e0d0a3c7464207374796c653d22636f6c6f723a20233464346434643b2070616464696e673a203135707820323270783b20666f6e742d73697a653a20312e31323572656d3b206261636b67726f756e642d636f6c6f723a20236632663266323b206d617267696e3a203270783b2220636f6c7370616e3d2232223e43617465676f72266961637574653b61202f204861626974616369266f61637574653b6e3a20282525252525293c2f74643e0d0a3c2f74723e0d0a3c74723e0d0a3c7464207374796c653d22636f6c6f723a20233464346434643b2070616464696e673a203135707820323270783b20666f6e742d73697a653a20312e31323572656d3b206261636b67726f756e642d636f6c6f723a20236632663266323b206d617267696e3a203270783b223e4d266561637574653b746f646f206465207061676f3a20282525252525293c2f74643e0d0a3c7464207374796c653d22636f6c6f723a20233464346434643b2070616464696e673a203135707820323270783b20666f6e742d73697a653a20312e31323572656d3b206261636b67726f756e642d636f6c6f723a20236632663266323b206d617267696e3a203270783b223e353025203d20282525252525293c2f74643e0d0a3c2f74723e0d0a3c74723e0d0a3c7464207374796c653d22636f6c6f723a20236666666666663b2070616464696e673a203135707820323270783b20746578742d616c69676e3a2063656e7465723b20666f6e742d73697a653a20312e31323572656d3b206261636b67726f756e642d636f6c6f723a20233331613164323b206d617267696e3a203270783b2220636f6c7370616e3d2232223e546f74616c3a20522420282525252525293c2f74643e0d0a3c2f74723e0d0a3c2f74626f64793e0d0a3c2f7461626c653e0d0a3c2f74643e0d0a3c2f74723e0d0a3c74723e0d0a3c7464207374796c653d2270616464696e672d746f703a20313270783b2070616464696e672d626f74746f6d3a20353070783b20746578742d616c69676e3a206c6566743b20666f6e742d7765696768743a203230303b20666f6e742d73697a653a20302e38373572656d3b206c696e652d6865696768743a20323270783b20636f6c6f723a20233137373661303b223e0d0a3c703e3c7370616e207374796c653d22636f6c6f723a20233137373661303b223e2d20537520726567697374726f20646520656e74726164612064656265207265616c697a61727365206465737075266561637574653b732064652031343a3030207920656c20636865636b2d6f7574206861737461206c617320313220706d2e20266e6273703b3c2f7370616e3e3c6272202f3e3c7370616e3e3c7370616e207374796c653d22666f6e742d73697a653a20302e38373572656d3b206c696e652d6865696768743a20323270783b223e2d266e6273703b3c2f7370616e3e3c7370616e3e3c7370616e207374796c653d22636f6c6f723a20233137373661303b223e3c7370616e207374796c653d22666f6e742d73697a653a20313470783b206c696e652d6865696768743a20323270783b223e5369206e6563657369746120616c67267561637574653b6e20736572766963696f20657370656369616c2c20706f72206661766f7220696e66266f61637574653b726d656e6f7320706f7220636f7272656f20656c65637472266f61637574653b6e69636f203c7374726f6e673e706f7573616461406d61726176697374612e636f6d2e62723c2f7374726f6e673e3c2f7370616e3e3c2f7370616e3e3c7374726f6e67207374796c653d22636f6c6f723a20233137373661303b20666f6e742d73697a653a20302e38373572656d3b206c696e652d6865696768743a20323270783b223e2e3c2f7374726f6e673e3c2f7370616e3e3c2f7370616e3e3c2f703e0d0a3c70207374796c653d22636f6c6f723a20233137373661303b20666f6e742d73697a653a20302e38373572656d3b20666f6e742d7765696768743a203230303b206c696e652d6865696768743a20323270783b223e2d20457374616d6f73206573706572616e646f20706f7220757374656420656e2042267561637574653b7a696f73213c2f703e0d0a3c2f74643e0d0a3c2f74723e0d0a3c7472207374796c653d22746578742d616c69676e3a2063656e7465723b223e0d0a3c7464207374796c653d22636f6c6f723a20233137373661303b20666f6e742d7765696768743a203430303b20666f6e742d73697a653a20302e3933373572656d3b2220636f6c7370616e3d2232223e52756120646f7320477261766174266161637574653b732c20313035382c205072616961206465204765726962266161637574653b2042267561637574653b7a696f73202d2052696f206465204a616e6569726f3c6272202f3e54656c2e3a202b353520323220323632332d323133303c2f74643e0d0a3c2f74723e0d0a3c7472207374796c653d22746578742d616c69676e3a2063656e7465723b223e0d0a3c7464207374796c653d22636f6c6f723a20233137373661303b20666f6e742d7765696768743a203430303b20666f6e742d73697a653a20312e31323572656d3b2070616464696e672d626f74746f6d3a20323970783b2220636f6c7370616e3d2232223e706f7573616461406d61726176697374612e636f6d2e6272207c207777772e6d61726176697374612e636f6d2e62723c2f74643e0d0a3c2f74723e0d0a3c74723e0d0a3c7464207374796c653d22636f6c6f723a20233561356135613b20666f6e742d73697a653a20313270783b20666f6e742d7765696768743a203230303b2220636f6c7370616e3d22322220616c69676e3d227269676874223e446576656c6f706564206279266e6273703b3c7374726f6e673e3c61207374796c653d22636f6c6f723a20233561356135613b20746578742d6465636f726174696f6e3a206e6f6e653b2220687265663d22687474703a2f2f64657369676e6c61622e636f6d2e6272223e44657369676e4c61623c2f613e3c2f7374726f6e673e3c2f74643e0d0a3c2f74723e0d0a3c2f74626f64793e0d0a3c2f7461626c653e0d0a3c2f74643e0d0a3c2f74723e0d0a3c2f74626f64793e0d0a3c2f7461626c653e0d0a3c2f626f64793e0d0a3c2f68746d6c3e, '1', '2995E89FB4A77E4FB5F56D4991C75850'),
('1FDA1C72AF2BC434D64C93DE94FC3CDD', '2014-02-12 20:01:43', 0x3c703e3c7374726f6e673e466163696c69746965733c2f7374726f6e673e3c2f703e0d0a3c703e4f7572207072696f7269747920697320796f757220736174697366616374696f6e21204f757220656e74697265207465616d207374726976657320746f206f6666657220616e20756e70726574656e74696f75732c20617474656e7469766520616e6420667269656e646c79207365727669636520746f20656e73757265207468617420796f75722074696d652061742074686520506f7573616461204d6172617669737461206973206d6f737420656e6a6f7961626c652e20417320776520617265206c6f6361746564206469726563746c79206174207468652062656163682c20776520617265206f66666572696e6720636f6d706c696d656e746172792062656163682063686169727320616e6420756d6272656c6c61732061732077656c6c20617320666f6f6420616e64206472696e6b732073657276696365206469726563746c79206f6e20746865206265616368213c2f703e0d0a3c703e3c7374726f6e673e52656c617820616e6420756e77696e643c2f7374726f6e673e3c2f703e0d0a3c703e54686520506f7573616461204d61726176697374612c206c6f636174656420626561636866726f6e74206f6e206f6e65206f66204272617a696c26727371756f3b73206d6f73742066616d6f7573206265616368657320626f6173747320666163696c697469657320666f7220796f7520746f2072656c617821204f757220707269766174652067617264656e206469726563746c79206f6e20746865206265616368206861732061207377696d6d696e6720706f6f6c20616e6420686f742d74756220617265612e3c2f703e0d0a3c703e576f756c6420796f75206c696b6520746f20656e6a6f79207468652073616e6473206f66204765726962266161637574653b2042656163683f204469726563746c7920696e2066726f6e74206f662074686520686f74656c2c206f75722073746166662077696c6c207365747570206461696c7920776974682062656163682063686169727320616e6420756d6272656c6c61732e204e6f206e65656420746f20676f20616e7920667572746865722061732061726520776169742073746166662077696c6c20626520617661696c61626c6520746f20736572766520796f752e3c2f703e0d0a3c703e4265666f726520656e6a6f79696e672064696e6e657220696e206f75722072657374617572616e74206f7220646973636f766572696e6720746865206576657220616e696d617465642042267561637574653b7a696f73206e696768746c6966652c20796f75206d6179207769736820746f2072656c617820696e206f7572207361756e612c20686f7420747562206f7220736970206f6e206120636f636b7461696c206174206f757220626172207768696c65206c697374656e696e6720746f2074686520736f756e64206f6620746865207761766573213c2f703e0d0a3c703e4f757220666163696c697469657320696e636c7564653a3c2f703e0d0a3c703e32342d686f757220726563657074696f6e3c2f703e0d0a3c703e52657374617572616e7420266167726176653b206c6120636172746520616e64206261723c2f703e0d0a3c703e32206f7574646f6f72207377696d6d696e6720706f6f6c732c20686f742074756220616e64207361756e613c2f703e0d0a3c703e47616d6520726f6f6d20776974682070696e6720706f6e67207461626c652c20736e6f6f6b657220616e642063617264207461626c653c2f703e0d0a3c703e4669746e6573732063656e7465723c2f703e0d0a3c703e50726976617465207061726b696e673c2f703e, 0x3c703e3c7374726f6e673e496e7374616c612663636564696c3b266f74696c64653b65733c2f7374726f6e673e3c2f703e0d0a3c703e4e6f737361207072696f72696461646520266561637574653b20612073756120736174697366612663636564696c3b266174696c64653b6f21204e6f7373612065717569706520696e7465697261207365206573666f722663636564696c3b6120616f206d266161637574653b78696d6f2070617261206f6665726563657220756d2073657276692663636564696c3b6f2064657370726574656e73696f736f2c206174656e63696f736f2065206167726164266161637574653b76656c2c20617373696d20676172616e74696e646f20717565207375612065737461646961206e6120506f7573616461204d61726176697374612073656a612062617374616e74652070726f766569746f73612e2051756572206170726f76656974617220617320617265696173206461207072616961206465204765726962266161637574653b3f266e6273703b20436f6d6f20657374616d6f73206c6f63616c697a61646f7320266167726176653b2062656972612064612070726169612c206f6665726563656d6f732063616465697261732064652070726169612065206775617264612d736f6c2c20617373696d20636f6d6f2073657276692663636564696c3b6f20646520636f6d6964617320652062656269646173206469726574616d656e7465206e612061726569612e3c2f703e0d0a3c703e266e6273703b3c2f703e0d0a3c703e3c7374726f6e673e52656c6178652065206170726f76656974653c2f7374726f6e673e3c2f703e0d0a3c703e266e6273703b4c6f63616c697a616461206465206672656e7465207061726120756d612064617320707261696173206d6169732066616d6f73617320646f2042726173696c2c206120506f7573616461204d6172617669737461207365206f7267756c686120656d206f66657265636572206f73206d656c686f7265732073657276692663636564696c3b6f73206520666163696c69646164657320706172612071756520766f632665636972633b2074656e6861206d6f6d656e746f732064652064657363616e736f20652072656c6178616d656e746f2120446973706f6d6f7320646520756d206a617264696d20266167726176653b2062656972612d6d617220636f6d2070697363696e61206520686964726f6d6173736167656d2e3c2f703e0d0a3c703e416e746573206465206a616e74617220656d206e6f73736f2072657374617572616e7465206f75206465206578706c6f726172206120616e696d6164612076696461206e6f7475726e612064652042267561637574653b7a696f732c20766f632665636972633b20706f646572266161637574653b2072656c6178617220656d206e6f737361207361756e612c20686964726f6d6173736167656d206f75207361626f7265617220756d2064656c6963696f736f206472696e6b20656d206e6f73736f2062617220656e7175616e746f20657363757461206f20736f6d20646173206f6e646173207175656272616e646f2e3c2f703e0d0a3c703e3c7370616e207374796c653d22746578742d6465636f726174696f6e3a20756e6465726c696e653b223e4e6f7373617320666163696c69646164657320696e636c75656d3a3c2f7370616e3e3c2f703e0d0a3c703e52656365702663636564696c3b266174696c64653b6f203234683c2f703e0d0a3c703e52657374617572616e746520266167726176653b206c612063617274652065206261723c2f703e0d0a3c703e322070697363696e61732c20686964726f6d6173736167656d2065207361756e613c2f703e0d0a3c703e53616c266174696c64653b6f206465206a6f676f7320636f6d206d6573612064652070696e6720706f6e672c2073696e7563612065206d657361206465206361727461733c2f703e0d0a3c703e41636164656d69613c2f703e0d0a3c703e4573746163696f6e616d656e746f2070726976617469766f3c2f703e, 0x3c703e3c7374726f6e673e696e7374616c6163696f6e65733c2f7374726f6e673e3c2f703e0d0a3c703e26696578636c3b4e756573747261207072696f72696461642065732073752073617469736661636369266f61637574653b6e21204e75657374726f2065717569706f207365206573667565727a6120616c206d266161637574653b78696d6f2070617261206f66726563657220756e20736572766963696f206174656e63696f736f207920636f6d706c65746f2c206173266961637574653b20676172616e74697a616e646f2071756520737520657374616e63696120656e206c6120506f73616461204d617261766973746120736561206d757920616772616461626c652e3c2f703e0d0a3c703e266971756573743b517569657265206170726f766563686172206c6173206172656e6173206465206c6120706c617961206465204765726962266161637574653b3f2059612071756520657374616d6f73207562696361646f7320656e206c6120706c6179612c206f66726563656d6f732073696c6c6173207920736f6d6272696c6c61732c206173266961637574653b20636f6d6f20736572766963696f20646520636f6d696461732079206265626964617320646972656374616d656e746520656e206c61206172656e61206465206c6120706c6179612e3c2f703e0d0a3c703e3c7374726f6e673e52656c266161637574653b6a65736520792064697366727574613c2f7374726f6e673e3c2f703e0d0a3c703e55626963616461206672656e7465206120756e61206465206c617320706c61796173206d266161637574653b732066616d6f7361732064652042726173696c2c206c6120506f73616461204d6172617669737461207469656e65206f7267756c6c6f20656e206f667265636572206c6f73206d656a6f72657320736572766963696f73207920636f6d6f646964616465732070617261207175652075737465642074656e6761206d6f6d656e746f732064652064657363616e736f20792072656c616a616369266f61637574653b6e2e20446973706f6e656d6f7320646520756e206a617264266961637574653b6e206672656e746520616c206d617220636f6e2070697363696e61206520686964726f6d6173616a652e3c2f703e0d0a3c703e416e7465732064652063656e617220656e206e75657374726f2072657374617572616e7465206f206465206578706c6f726172206c6120616e696d6164612076696461206e6f637475726e612064652042267561637574653b7a696f732c20757374656420706f6472266161637574653b2072656c616a6172736520656e206e756573747261207361756e612c20686964726f6d6173616a65206f207361626f7265617220756e2064656c6963696f736f206472696e6b20656e206e75657374726f20626172206d69656e7472617320717565206573637563686120656c20736f6e69646f206465206c6173206f6c61732064656c206d61722e3c2f703e0d0a3c703e3c7370616e207374796c653d22746578742d6465636f726174696f6e3a20756e6465726c696e653b223e4e7565737472617320636f6d6f6469646164657320696e636c7579656e3a3c2f7370616e3e3c2f703e0d0a3c703e52656365706369266f61637574653b6e203234683c2f703e0d0a3c703e52657374617572616e74652061206c612063617274612079206261723c2f703e0d0a3c703e322070697363696e61732c20686964726f6d6173616a652079207361756e613c2f703e0d0a3c703e53616c61206465206a7565676f7320636f6e206d6573612070617261206a7567617220616c2070696e6720706f6e672c206d6573612064652062696c6c61722079206d6573612070617261206a75676172206e61697065733c2f703e0d0a3c703e53616c612064652067696d6e266161637574653b73746963613c2f703e0d0a3c703e4573746163696f6e616d69656e746f2070726976617469766f3c2f703e, '1', '2995E89FB4A77E4FB5F56D4991C75850'),
('2C0BD372997B78691B0C5297063F36E2', '2014-02-13 16:04:10', 0x3c7020636c6173733d227031223e53697475617465642061626f757420313830206b696c6f6d657465727320617761792066726f6d2052696f206465204a616e6569726f2c2042267561637574653b7a696f73206973206b6e6f776e20696e7465726e6174696f6e616c6c7920666f72206974732032332070617261646973696163616c20626561636865732c2069747320696e74656e7365206e696768746c6966652c2073686f707320616e6420697473206d616e7920657863656c6c656e742072657374617572616e74732e204f6e65206f66204272617a696c26727371756f3b73206d6f73742066616d6f75732062656163682064657374696e6174696f6e2c2042267561637574653b7a696f7320776173206f726967696e616c6c792061206669736865726d616e26727371756f3b732076696c6c6167652e20497420626563616d6520696e7465726e6174696f6e616c6c792066616d6f757320616674657220746865207669736974206f66204672656e636820676c616d6f7572206163747265737320427269676974746520426172646f7420696e207468652031393630732e266e6273703b3c2f703e0d0a3c7020636c6173733d227031223e427573746c696e6720647572696e67207468652073756d6d65722c2042267561637574653b7a696f73206265636f6d6573206d6f726520696e74696d617465206f66662d736561736f6e2c20636c6f73657220746f20697473206f726967696e73206f66206669736865726d616e26727371756f3b732076696c6c6167652c207374696c6c2067657474696e672062757379207769746820436172696f63617320287265736964656e7473206f662052696f206465204a616e6569726f29207365656b696e6720612067657461776179206f6e207765656b656e64732e3c2f703e0d0a3c7020636c6173733d227031223e546f6461792c207468616e6b7320746f206974732070726976696c65676564206c6f636174696f6e2042267561637574653b7a696f73206973206120796561722d61726f756e642064657374696e6174696f6e2077656c636f6d696e6720436172696f636173207365656b696e6720612072656c6178696e672074696d652061732077656c6c206173206d616e7920696e7465726e6174696f6e616c2074726176656c6572732e20416c776179732072616e6b656420696e20746865203130206d6f7374207669736974656420706c6163657320696e2042726173696c2c2042267561637574653b7a696f7320697320612064657374696e6174696f6e20796f7520646566696e6974656c7920646f6e26727371756f3b742077616e7420746f206d697373206f6e213c2f703e, 0x3c7020636c6173733d227031223e53697475616461206120636572636120646520313830207175696c266f636972633b6d6574726f7320646520646973742661636972633b6e63696120646f2052696f206465204a616e6569726f2c2042267561637574653b7a696f7320266561637574653b20636f6e68656369646120696e7465726e6163696f6e616c6d656e746520706f722073756173203233207072616961732070617261646973266961637574653b616361732c2073756120696e74656e73612076696461206e6f7475726e612c206c6f6a61732065206f732073657573207661726961646f73206520657863656c656e7465732072657374617572616e7465732e20556d20646f732064657374696e6f73206465207072616961206d6169732066616d6f736f20646f2042726173696c2c2042267561637574653b7a696f7320657261206f726967696e616c6d656e746520756d612076696c61206465207065736361646f7265732e20546f726e6f752d736520696e7465726e6163696f6e616c6d656e746520636f6e686563696461206170266f61637574653b7320612076697369746120646120617472697a206672616e6365736120427269676974746520426172646f74206e6f7320616e6f732036302e266e6273703b3c2f703e0d0a3c7020636c6173733d227031223e42617374616e7465206167697461646120647572616e7465206f20766572266174696c64653b6f2c2042267561637574653b7a696f7320736520746f726e61206d61697320266961637574653b6e74696d6120652063616c6d6120656d2062616978612074656d706f726164612c20766f6c74616e646f20266167726176653b732073756173206f726967656e732064652076696c61206465207065736361646f7265732c20706f72266561637574653b6d2061696e6461207265636562656e646f20756d206772616e6465206e267561637574653b6d65726f20646520266c6471756f3b436172696f63617326726471756f3b20287265736964656e74657320646f2052696f206465204a616e6569726f29207175652070726f637572616d20756d20726566267561637574653b67696f206e6f732066696e6169732064652073656d616e612e266e6273703b3c2f703e0d0a3c7020636c6173733d227031223e486f6a652c206772612663636564696c3b6173206120737561206c6f63616c697a612663636564696c3b266174696c64653b6f2070726976696c6567696164612c2042267561637574653b7a696f7320266561637574653b20756d2064657374696e6f2061636f6c6865646f722070726f63757261646f20656d20746f64617320617320266561637574653b706f63617320646f20616e6f206e266174696c64653b6f2073266f61637574653b2070656c6f7320436172696f6361732c207175652062757363616d20756d206d6f6d656e746f2064652072656c6178616d656e746f2c206d61732074616d62266561637574653b6d20706f7220747572697374617320696e7465726e6163696f6e6169732e2053656d70726520636c6173736966696361646120656e747265206f73203130206c756761726573206d61697320766973697461646f7320646f2042726173696c2c2042267561637574653b7a696f7320266561637574653b20756d2064657374696e6f2071756520766f632665636972633b20646566696e69746976616d656e7465206e266174696c64653b6f207661692071756572657220706572646572213c2f703e, 0x3c7020636c6173733d227031223e55626963616461206120756e6f7320313830206b696c266f61637574653b6d6574726f732064652052266961637574653b6f206465204a616e6569726f2c2042267561637574653b7a696f7320657320696e7465726e6163696f6e616c6d656e746520636f6e6f6369646120706f7220737573203233206865726d6f73617320706c617961732c20737520616e696d6164612076696461206e6f637475726e612c207469656e646173207920737573207661726961646f73207920657863656c656e7465732072657374617572616e7465732e20556e6f206465206c6f732064657374696e6f7320646520706c617961206d266161637574653b732066616d6f736f2064652042726173696c2c2042267561637574653b7a696f7320667565206f726967696e616c6d656e746520756e20707565626c6f206465207065736361646f7265732e204c6c6567266f61637574653b20612074656e65722066616d6120696e7465726e6163696f6e616c2074726173206c6120766973697461206465206c612061637472697a206672616e6365736120427269676974746520426172646f7420656e206c6f732061266e74696c64653b6f732036302e3c2f703e0d0a3c7020636c6173733d227031223e4d7579206167697461646120647572616e746520656c20766572616e6f2c2042267561637574653b7a696f73207365207675656c7665206d266161637574653b7320266961637574653b6e74696d612079207472616e7175696c6120656e2062616a612074656d706f726164612c20766f6c7669656e646f206120737573206f72266961637574653b67656e657320646520756e20707565626c6f206465207065736361646f7265732c207065726f2061756e206173266961637574653b20726563696269656e646f20756e61206772616e2063616e74696461642064652022436172696f6361732220287265736964656e7465732064652052266961637574653b6f206465204a616e6569726f29207175652062757363616e20756e207265667567696f2061206c6f732066696e616c65732064652073656d616e612e3c2f703e0d0a3c7020636c6173733d227031223e486f792c206772616369617320612073752070726976696c6567696164612075626963616369266f61637574653b6e2c2042267561637574653b7a696f7320657320756e2064657374696e6f2061636f6765646f72206275736361646f20656e20746f646173206c617320266561637574653b706f6361732064656c2061266e74696c64653b6f206e6f2073266f61637574653b6c6f20706f72206c6f7320436172696f6361732c207175652062757363616e20756e206d6f6d656e746f2064652072656c616a616369266f61637574653b6e2c2073696e6f2074616d6269266561637574653b6e20706f7220747572697374617320696e7465726e6163696f6e616c65732e205369656d70726520636c61736966696361646f20656e747265206c6f73203130206c756761726573206d266161637574653b7320766973697461646f732064652042726173696c2c2026696578636c3b42267561637574653b7a696f7320657320756e2064657374696e6f2071756520757374656420646566696e69746976616d656e746520766120612071756572657220706572646572213c2f703e, '1', '2995E89FB4A77E4FB5F56D4991C75850'),
('45B897B913D4BF67B617879D4297DE48', '2014-05-26 20:14:08', 0x3c70207374796c653d22746578742d616c69676e3a206c6566743b223e5370656e642074686520436f72707573204368726973746920686f6c696461792061742074686520506f7573616461204d6172617669737461213c2f703e, 0x3c703e5370656e642074686520436f72707573204368726973746920686f6c696461792061742074686520506f7573616461204d6172617669737461213c2f703e, 0x3c703e5370656e642074686520436f72707573204368726973746920686f6c696461792061742074686520506f7573616461204d6172617669737461213c2f703e, '1', 'BC5C0F3AC488544CE6B145A69D5CA268'),
('86573392C6F62DAE4BDEDBC6D16A9268', '2014-05-26 21:22:22', 0x3c703e447572696e6720746865206d6f6e7468206f66204175677573742c20737461792034206e69676874732c2070617920666f722033213c2f703e, 0x3c703e447572696e6720746865206d6f6e7468206f66204175677573742c20737461792034206e69676874732c2070617920666f722033213c2f703e, 0x3c703e447572696e6720746865206d6f6e7468206f66204175677573742c20737461792034206e69676874732c2070617920666f722033213c2f703e, '1', 'BC5C0F3AC488544CE6B145A69D5CA268'),
('AFC1DC96C4E0E3D90D72ECB0F8FDC174', '2014-05-29 20:46:00', 0x3c703e6170656e61732074657374653c2f703e, 0x3c703e6170656e61732074657374653c2f703e, 0x3c703e6170656e61732074657374653c2f703e, '1', '2995E89FB4A77E4FB5F56D4991C75850'),
('5EFCE4D9ECF5034633A075D1716E4E89', '2014-06-02 15:51:54', 0x3c703e6f70733c2f703e, 0x3c703e6f70733c2f703e, 0x3c703e6f70733c2f703e, '1', '2995E89FB4A77E4FB5F56D4991C75850'),
('C0D3BFB5F073EBF693355FCAFE50B4A6', '2014-06-10 22:14:01', 0x3c703e5370656e6420746865204e65772059656172266c7371756f3b732061742074686520506f75736164612e2054686520726174657320696e636c756465206f7572207072697661746520706172747920696e207468652067617264656e73206f662074686520506f75736164612e20436f6e7461637420757320666f7220726174657320616e64207265736572766174696f6e732e3c2f703e, 0x3c703e5370656e6420746865204e65772059656172266c7371756f3b732061742074686520506f75736164612e2054686520726174657320696e636c756465206f7572207072697661746520706172747920696e207468652067617264656e73206f662074686520506f75736164612e20436f6e7461637420757320666f7220726174657320616e64207265736572766174696f6e732e3c2f703e, 0x3c703e5370656e6420746865204e65772059656172266c7371756f3b732061742074686520506f75736164612e2054686520726174657320696e636c756465206f7572207072697661746520706172747920696e207468652067617264656e73206f662074686520506f75736164612e20436f6e7461637420757320666f7220726174657320616e64207265736572766174696f6e732e3c2f703e, '1', 'BC5C0F3AC488544CE6B145A69D5CA268'),
('C814B31D90C1BBEC1A2BCC240D67E1B4', '2014-06-11 16:37:59', '', '', '', '1', 'BC5C0F3AC488544CE6B145A69D5CA268'),
('1654355696284BE42123282C1B423D3D', '2014-06-29 14:09:55', 0x3c703e43656c656272617465207769746820757320746865204e594521213c2f703e0d0a3c703e266e6273703b3c2f703e0d0a3c703e5445535420544553543c2f703e, 0x3c703e43656c656272617465207769746820757320746865204e594521213c2f703e0d0a3c703e266e6273703b3c2f703e0d0a3c703e5445535420544553543c2f703e, 0x3c703e43656c656272617465207769746820757320746865204e594521213c2f703e, '1', 'BC5C0F3AC488544CE6B145A69D5CA268'),
('EC1564663C5558107A23BBA5594E9497', '2014-06-29 23:19:57', 0x3c703e537461792034206e69676874732c2070617920333c2f703e, 0x3c703e447572616e7465206f206d2665636972633b732064652041676f73746f2c20666963612034206e6f6974657320656d207175616c71756572207469706f206465206170617274616d656e746f2065207061676120332120457373612070726f6d6f2663636564696c3b266174696c64653b6f20657374266161637574653b20646973706f6e6976656c2073266f61637574653b20647572616e746520646961732064652073656d616e612e266e6273703b3c2f703e0d0a3c703e50617261206d61696f72657320696e666f726d612663636564696c3b266f74696c64653b6573206f7520726573657276617220657373612070726f6d6f2663636564696c3b266174696c64653b6f2c206e266174696c64653b6f2068657369746520656d206e6f7320636f6e746174617220706f7220656d61696c2c2074656c65666f6e65206f75207573616e646f206f20666f726d756c266161637574653b72696f20646520636f6e7461746f2e3c2f703e, 0x3c703e537461792034206e69676874732c2070617920333c2f703e, '1', 'BC5C0F3AC488544CE6B145A69D5CA268');
INSERT INTO `descricao` (`CODDESCRICAO`, `DTA`, `INGLES`, `PORTUGUES`, `ESPANHOL`, `STATUS`, `OWNER`) VALUES
('8D6BDF23816AC49585118D207BB3DA34', '2014-06-30 13:34:27', 0x3c703e5768657468657220796f757220647265616d20697320746f2063656c65627261746520796f757220636572656d6f6e79206469726563746c79206f6e20746865206265616368206f7220696e206f75722067617264656e20776974682061207374756e6e696e67206261636b67726f756e642076696577206f6620746865206f6365616e2c2061742074686520506f7573616461204d617261766973746120796f757220647265616d2077656464696e67206265636f6d65732061207265616c697479213c2f703e0d0a3c703e576520686f73742077656464696e677320666f7220757020746f203235302067756573747320616e6420686176652061206c697374206f66206c6f63616c2077656464696e6720706c616e6e6572732077686f20636f756c642061737369737420796f7520696e207472616e73666f726d696e6720616c6c20796f757220696465617320696e746f207265616c6974792e20436f6e7461637420757320746f20737461727420706c616e6e696e6720796f757220647265616d2077656464696e67213c2f703e, 0x3c703e5365206f2073657520736f6e686f20266561637574653b207365206361736172206469726574616d656e7465206e61207072616961206f75206e6f206e6f73736f20636861726d6f736f206a617264696d20636f6d207669737461732065737065746163756c617265732070617261206f206d61722c206120506f7573616461204d617261766973746120676172616e746972266161637574653b20717565207365752064696120736572266161637574653b20657370656369616c2e20266e6273703b3c2f703e0d0a3c703e4e6f737361206c6f63616c697a612663636564696c3b266174696c64653b6f20266561637574653b20696465616c207061726120636173616d656e746f7320636f6d206174266561637574653b2032353020636f6e76696461646f732e204e266f61637574653b73206f6665726563656d6f7320756d61206c697374612064652070726f66697373696f6e61697320646120266161637574653b72656120656d2071756520696e646963616d6f732070617261207472616e73666f726d617220737561732069646569617320656d207265616c69646164652e20436f6e746174652d6e6f73207061726120636f6d652663636564696c3b6172206120706c616e656a6172206f20636173616d656e746f20646f73207365757320736f6e686f73213c2f703e, 0x3c703e536920737520737565266e74696c64653b6f2065732063656c656272617220737520636572656d6f6e696120656e206c6120706c617961206f20656e206e75657374726f206a617264266961637574653b6e20636f6e20756e6120696d70726573696f6e616e746520766973746120616c20666f6e646f2064656c206f63266561637574653b616e6f2c20656e206c6120506f7573616461204d617261766973746120626f64612064652073757320737565266e74696c64653b6f732073652068616365207265616c69646164213c2f703e0d0a3c703e4e6f7320616c62657267617220626f64617320636f6e2063617061636964616420706172612032353020706572736f6e61732079207469656e6520756e61206c69737461206465206c6f73206f7267616e697a61646f72657320646520626f646173206c6f63616c6573207175652074652070756564616e2061797564617220656e206c61207472616e73666f726d616369266f61637574653b6e20646520746f6461732073757320696465617320656e207265616c696461642e2050266f61637574653b6e6761736520656e20636f6e746163746f20636f6e206e6f736f74726f73207061726120636f6d656e7a6172206120706c616e69666963617220737520626f646120646520656e737565266e74696c64653b6f213c2f703e, '1', 'BC5C0F3AC488544CE6B145A69D5CA268'),
('22E1E52A02E70182503439F4A7D1AB68', '2014-06-29 13:58:34', 0x3c703e5468657265206973206e6f206265747465722077617920746f2063656c65627261746520746865207374617274206f6620746865204e65772059656172206f74686572207468616e206f6e207468652073686f726573206f66207468652066616d6f7573204765726962266161637574653b20626561636821204f757220666976652d6e69676874207061636b61676520696e636c75646573207468652063656c6562726174696f6e20696e206f75722067617264656e20726967687420696e2066726f6e74206f66207468652062656163682e266e6273703b3c2f703e0d0a3c703e466f72206d6f726520696e666f726d6174696f6e2c20636f6e746163742075732062792070686f6e652c20656d61696c206f72207468726f756768206f757220636f6e7461637420666f726d213c2f703e, 0x3c703e4e266174696c64653b6f2068266161637574653b206e616461206d656c686f7220646f207175652063656c656272617220612076697261646120646f20616e6f206e612066616d6f7361207072616961206465204765726962266161637574653b21266e6273703b546572656d6f7320756d61206d61726176696c686f7361206665737461206e6f206e6f73736f206a617264696d206465206672656e74652070617261206f206d617220636f6d20756d612064656c6963696f736120636569612e205475646f20696e636c75736f206e6f20736575207061636f7465213c2f703e0d0a3c703e50617261206d61696f72657320696e666f726d612663636564696c3b266f74696c64653b65732c206e266174696c64653b6f2068657369746520656d206e6f7320636f6e746174617220706f722074656c65666f6e652c20656d61696c206f75207573616e646f206e6f73736f20666f726d756c266161637574653b72696f20646520636f6e7461746f213c2f703e, 0x3c703e4e6f20686179206e616461206d656a6f72207175652063656c656272617220656c2041266e74696c64653b6f204e7565766f20656e206c612066616d6f736120706c617961206465204765726962266161637574653b212056616d6f7320612074656e657220756e6120666965737461206d61726176696c6c6f736120656e20656c206a617264266961637574653b6e206672656e746520616c206d617220636f6e20756e612064656c6963696f73612063656e612e20546f646f20696e636c7569646f20656e20656c2070617175657465213c2f703e0d0a3c703e50617261206f6274656e6572206d266161637574653b7320696e666f726d616369266f61637574653b6e2c20706f72206661766f72206e6f206475646520656e20706f6e6572736520656e20636f6e746163746f20636f6e206e6f736f74726f7320706f722074656c266561637574653b666f6e6f2c20636f7272656f20656c65637472266f61637574653b6e69636f206f206d656469616e7465206e75657374726f20666f726d756c6172696f20646520636f6e746163746f213c2f703e, '1', 'BC5C0F3AC488544CE6B145A69D5CA268'),
('237D0EEDA405D10947ED4CE3C9F8C6E9', '2014-02-18 14:33:56', 0x3c703e3c7370616e3e5365642065676573746173206c7563747573206d61676e612c207365642072686f6e637573206d6173736120706c6163657261742073697420616d65742e20566573746962756c756d2073697420616d6574206572617420696420697073756d2076617269757320636f6e67756520677261766964612065676574206c65637475732e20446f6e65632061632075726e61206163206f7263692076756c70757461746520666575676961742e20416c697175616d20656765737461732c20616e746520696e206f726e6172652070656c6c656e7465737175652c20697073756d20656e696d20616c697175616d206e756c6c612c207574206c7563747573206d69206a7573746f206661756369627573206469616d2e2050686173656c6c7573206e6f6e20736f64616c6573206c6f72656d2e2050726f696e206e69736c206f7263692c20736f6c6c696369747564696e20612065676573746173206e65632c20736f64616c65732075742074656c6c75732e2050726f696e2076656c207665686963756c612065726f732c207175697320706f72747469746f7220646f6c6f722e205365642069642066656c6973206174206e6962682072757472756d20696e74657264756d2e3c2f7370616e3e3c2f703e, 0x3c703e3c7370616e3e5365642065676573746173206c7563747573206d61676e612c207365642072686f6e637573206d6173736120706c6163657261742073697420616d65742e20566573746962756c756d2073697420616d6574206572617420696420697073756d2076617269757320636f6e67756520677261766964612065676574206c65637475732e20446f6e65632061632075726e61206163206f7263692076756c70757461746520666575676961742e20416c697175616d20656765737461732c20616e746520696e206f726e6172652070656c6c656e7465737175652c20697073756d20656e696d20616c697175616d206e756c6c612c207574206c7563747573206d69206a7573746f206661756369627573206469616d2e2050686173656c6c7573206e6f6e20736f64616c6573206c6f72656d2e2050726f696e206e69736c206f7263692c20736f6c6c696369747564696e20612065676573746173206e65632c20736f64616c65732075742074656c6c75732e2050726f696e2076656c207665686963756c612065726f732c207175697320706f72747469746f7220646f6c6f722e205365642069642066656c6973206174206e6962682072757472756d20696e74657264756d2e3c2f7370616e3e3c2f703e, 0x3c703e3c7370616e3e5365642065676573746173206c7563747573206d61676e612c207365642072686f6e637573206d6173736120706c6163657261742073697420616d65742e20566573746962756c756d2073697420616d6574206572617420696420697073756d2076617269757320636f6e67756520677261766964612065676574206c65637475732e20446f6e65632061632075726e61206163206f7263692076756c70757461746520666575676961742e20416c697175616d20656765737461732c20616e746520696e206f726e6172652070656c6c656e7465737175652c20697073756d20656e696d20616c697175616d206e756c6c612c207574206c7563747573206d69206a7573746f206661756369627573206469616d2e2050686173656c6c7573206e6f6e20736f64616c6573206c6f72656d2e2050726f696e206e69736c206f7263692c20736f6c6c696369747564696e20612065676573746173206e65632c20736f64616c65732075742074656c6c75732e2050726f696e2076656c207665686963756c612065726f732c207175697320706f72747469746f7220646f6c6f722e205365642069642066656c6973206174206e6962682072757472756d20696e74657264756d2e3c2f7370616e3e3c2f703e, '1', '2995E89FB4A77E4FB5F56D4991C75850'),
('06FE47825EE35591DF481A941B85A9AB', '2014-02-18 16:02:31', 0x3c703e33206e6f6974657320706f72207072652663636564696c3b6f20646520323c2f703e, 0x3c703e33206e6f6974657320706f72207072652663636564696c3b6f20646520323c2f703e, 0x3c703e33206e6f6974657320706f72207072652663636564696c3b6f20646520323c2f703e, '1', '2995E89FB4A77E4FB5F56D4991C75850'),
('8AE7D7923654EE1720C63748E75DEC49', '2014-05-17 22:47:29', '', '', '', '1', 'BC5C0F3AC488544CE6B145A69D5CA268');

-- --------------------------------------------------------

--
-- Estrutura da tabela `dicas`
--

CREATE TABLE IF NOT EXISTS `dicas` (
  `CODDICA` char(32) NOT NULL,
  `DTA` timestamp NOT NULL DEFAULT CURRENT_TIMESTAMP,
  `INGLES` blob,
  `PORTUGUES` blob,
  `ESPANHOL` blob,
  `OWNER` varchar(70) DEFAULT NULL,
  `STATUS` tinyint(1) DEFAULT NULL,
  `ORDEM` int(11) DEFAULT NULL,
  PRIMARY KEY (`CODDICA`)
) ENGINE=MyISAM DEFAULT CHARSET=latin1;

--
-- Extraindo dados da tabela `dicas`
--

INSERT INTO `dicas` (`CODDICA`, `DTA`, `INGLES`, `PORTUGUES`, `ESPANHOL`, `OWNER`, `STATUS`, `ORDEM`) VALUES
('45A61C35E5F2E69969893D84A141BE3B', '2014-02-12 19:58:40', 0x466163696c6974696573, 0x496e7374616c612663636564696c3b266f74696c64653b6573, 0x496e7374616c6163696f6e6573, '2995E89FB4A77E4FB5F56D4991C75850', 1, 1),
('887C46C78B521C123A80B5BBDD0B876C', '2014-02-13 16:01:17', 0x42267561637574653b7a696f73, 0x42267561637574653b7a696f73, 0x42267561637574653b7a696f73, '2995E89FB4A77E4FB5F56D4991C75850', 1, 5),
('65046252380202B7C1EC56A49C8084F5', '2014-01-23 16:59:55', 0x44696e6e6572, 0x4a616e746172, 0x43656e6172, '2995E89FB4A77E4FB5F56D4991C75850', 0, 4),
('F2444F8355902EC49469352AC615A10A', '2014-01-28 20:08:55', 0x427265616b66617374, 0x436166266561637574653b206461206d616e68266174696c64653b, 0x4465736179756e6f, '2995E89FB4A77E4FB5F56D4991C75850', 1, 3),
('93618B36B30CED28828689B9234EC405', '2014-02-19 17:24:06', 0x52657374617572616e74, 0x52657374617572616e7465, 0x52657374617572616e7465, '2995E89FB4A77E4FB5F56D4991C75850', 1, 2);

-- --------------------------------------------------------

--
-- Estrutura da tabela `dicas_rel_descricao`
--

CREATE TABLE IF NOT EXISTS `dicas_rel_descricao` (
  `CODDICA` char(32) NOT NULL DEFAULT '',
  `CODDESCRICAO` char(32) NOT NULL DEFAULT '',
  PRIMARY KEY (`CODDICA`,`CODDESCRICAO`)
) ENGINE=MyISAM DEFAULT CHARSET=latin1;

--
-- Extraindo dados da tabela `dicas_rel_descricao`
--

INSERT INTO `dicas_rel_descricao` (`CODDICA`, `CODDESCRICAO`) VALUES
('', 'CC2E724E01DCF2DFBD421353FAAC1C64'),
('3204496018163BE42872C08A2E5C940B', 'AA73ED97096EFC83027F893E8AE6D9F7'),
('45A61C35E5F2E69969893D84A141BE3B', '1FDA1C72AF2BC434D64C93DE94FC3CDD'),
('65046252380202B7C1EC56A49C8084F5', 'B241784DB9F9B847735B82BB84F00697'),
('887C46C78B521C123A80B5BBDD0B876C', '2C0BD372997B78691B0C5297063F36E2'),
('93618B36B30CED28828689B9234EC405', 'F7D4AE11D043BFBCB81E143062BCA4C4'),
('C722BACF38CD9592B9D22F1E76030B8E', 'FB78CC32DB2F19755ED721BA497F4717'),
('F2444F8355902EC49469352AC615A10A', 'B7FDDC424B40BADBDB073556B3EA525B');

-- --------------------------------------------------------

--
-- Estrutura da tabela `dicas_rel_fotos`
--

CREATE TABLE IF NOT EXISTS `dicas_rel_fotos` (
  `CODDICA` char(32) NOT NULL DEFAULT '',
  `CODFOTO` char(32) NOT NULL DEFAULT '',
  PRIMARY KEY (`CODDICA`,`CODFOTO`)
) ENGINE=MyISAM DEFAULT CHARSET=latin1;

--
-- Extraindo dados da tabela `dicas_rel_fotos`
--

INSERT INTO `dicas_rel_fotos` (`CODDICA`, `CODFOTO`) VALUES
('45A61C35E5F2E69969893D84A141BE3B', '20237CDA1FFEAA535147C947022C8ECC'),
('45A61C35E5F2E69969893D84A141BE3B', '284187C1D4D9D3048058F56A441FF18A'),
('45A61C35E5F2E69969893D84A141BE3B', '55EABE9B8CD6B7F4AD95851C9035D2FF'),
('887C46C78B521C123A80B5BBDD0B876C', 'C888588A9356628777C1C2325BF04DB2'),
('93618B36B30CED28828689B9234EC405', 'A8E316949F15E79DE899F4837541166A'),
('F2444F8355902EC49469352AC615A10A', '26A357A29B80EF851D6A4A73A8EB5606'),
('F2444F8355902EC49469352AC615A10A', '88D6F31F9BCA962574E7E2B26D9A4829'),
('F2444F8355902EC49469352AC615A10A', 'B2B4CB81C46FDAF77E4DE0F315001C49'),
('F2444F8355902EC49469352AC615A10A', 'C0C0CDAF8A391BD7E1A10AC5E91957BA');

-- --------------------------------------------------------

--
-- Estrutura da tabela `eventos`
--

CREATE TABLE IF NOT EXISTS `eventos` (
  `CODEVENTO` char(32) NOT NULL,
  `DTA` timestamp NOT NULL DEFAULT CURRENT_TIMESTAMP,
  `INGLES` blob,
  `PORTUGUES` blob,
  `ESPANHOL` blob,
  `OWNER` varchar(70) DEFAULT NULL,
  `STATUS` tinyint(1) DEFAULT NULL,
  `ORDEM` int(11) DEFAULT NULL,
  PRIMARY KEY (`CODEVENTO`)
) ENGINE=MyISAM DEFAULT CHARSET=latin1;

--
-- Extraindo dados da tabela `eventos`
--

INSERT INTO `eventos` (`CODEVENTO`, `DTA`, `INGLES`, `PORTUGUES`, `ESPANHOL`, `OWNER`, `STATUS`, `ORDEM`) VALUES
('40055736A7EDBC50CFB29018EB501AEF', '2013-11-11 13:25:37', 0x52657665696c6c6f6e2032303134206174204265616368, 0x52657665696c6c6f6e2032303134206e61205072616961, 0x52657665696c6c6f6e203230313420656e206c6120706c617961, '2995E89FB4A77E4FB5F56D4991C75850', 0, 3),
('56298C1B9C370A185B5B3BEA0B374B7C', '2014-06-29 14:09:43', 0x4e65772059656172, 0x52657665696c6c6f6e, 0x416e266f74696c64653b204e7565766f, 'BC5C0F3AC488544CE6B145A69D5CA268', 1, 2),
('3899E7585899CD6A5E38B35E1FDA13C9', '2014-06-30 13:34:13', 0x596f75722077656464696e67206f6e20746865206265616368, 0x53657520636173616d656e746f206e61207072616961, 0x426f64617320656e206c6120706c617961, 'BC5C0F3AC488544CE6B145A69D5CA268', 1, 1);

-- --------------------------------------------------------

--
-- Estrutura da tabela `eventos_rel_descricao`
--

CREATE TABLE IF NOT EXISTS `eventos_rel_descricao` (
  `CODEVENTO` char(32) NOT NULL DEFAULT '',
  `CODDESCRICAO` char(32) NOT NULL DEFAULT '',
  PRIMARY KEY (`CODEVENTO`,`CODDESCRICAO`)
) ENGINE=MyISAM DEFAULT CHARSET=latin1;

--
-- Extraindo dados da tabela `eventos_rel_descricao`
--

INSERT INTO `eventos_rel_descricao` (`CODEVENTO`, `CODDESCRICAO`) VALUES
('', 'A44B7D9E2DF4684884FF8037D13F15BE'),
('3899E7585899CD6A5E38B35E1FDA13C9', '8D6BDF23816AC49585118D207BB3DA34'),
('40055736A7EDBC50CFB29018EB501AEF', 'BEEE8126865D0CD0BE814B86A844E308'),
('4050011CF45387F2224FA730D73F16A3', 'A6694370EF615495BBD3B2E86DA0610B'),
('56298C1B9C370A185B5B3BEA0B374B7C', '1654355696284BE42123282C1B423D3D');

-- --------------------------------------------------------

--
-- Estrutura da tabela `eventos_rel_fotos`
--

CREATE TABLE IF NOT EXISTS `eventos_rel_fotos` (
  `CODEVENTO` char(32) NOT NULL DEFAULT '',
  `CODFOTO` char(32) NOT NULL DEFAULT '',
  PRIMARY KEY (`CODEVENTO`,`CODFOTO`)
) ENGINE=MyISAM DEFAULT CHARSET=latin1;

--
-- Extraindo dados da tabela `eventos_rel_fotos`
--

INSERT INTO `eventos_rel_fotos` (`CODEVENTO`, `CODFOTO`) VALUES
('3899E7585899CD6A5E38B35E1FDA13C9', '99E86A9BF79782428CBB31DBED254308'),
('40055736A7EDBC50CFB29018EB501AEF', 'DACD1B4687C1672654B2B8CBF74D1B31'),
('56298C1B9C370A185B5B3BEA0B374B7C', 'FE565A25357CAA21AE2C5BA146D9C938'),
('815F0F3821C07D220E5527B516EE6431', '07C9C0EA81ACEBFFFF9235912DECE443');

-- --------------------------------------------------------

--
-- Estrutura da tabela `extras`
--

CREATE TABLE IF NOT EXISTS `extras` (
  `CODEXTRA` char(32) NOT NULL DEFAULT '',
  `DTA` timestamp NOT NULL DEFAULT CURRENT_TIMESTAMP,
  `PORTUGUES` varchar(255) DEFAULT NULL,
  `INGLES` varchar(255) DEFAULT NULL,
  `ESPANHOL` varchar(255) DEFAULT NULL,
  `DISPONIVEL` char(1) DEFAULT NULL,
  `ISPGTO` char(1) DEFAULT NULL,
  `VALOR` int(11) DEFAULT NULL,
  `STATUS` char(1) DEFAULT NULL,
  `OWNER` char(32) DEFAULT NULL,
  `QUANTIDADE` int(11) DEFAULT '0',
  PRIMARY KEY (`CODEXTRA`)
) ENGINE=MyISAM DEFAULT CHARSET=latin1;

--
-- Extraindo dados da tabela `extras`
--

INSERT INTO `extras` (`CODEXTRA`, `DTA`, `PORTUGUES`, `INGLES`, `ESPANHOL`, `DISPONIVEL`, `ISPGTO`, `VALOR`, `STATUS`, `OWNER`, `QUANTIDADE`) VALUES
('C8B8C566A87FE9B498486E06ACE1919F', '2014-01-17 19:19:03', '', '', '', '0', '0', 0, '0', '2995E89FB4A77E4FB5F56D4991C75850', 0);

-- --------------------------------------------------------

--
-- Estrutura da tabela `extras_rel_fotos`
--

CREATE TABLE IF NOT EXISTS `extras_rel_fotos` (
  `CODEXTRA` char(32) NOT NULL DEFAULT '',
  `CODFOTO` char(32) NOT NULL DEFAULT '',
  PRIMARY KEY (`CODEXTRA`,`CODFOTO`)
) ENGINE=MyISAM DEFAULT CHARSET=latin1;

--
-- Extraindo dados da tabela `extras_rel_fotos`
--

INSERT INTO `extras_rel_fotos` (`CODEXTRA`, `CODFOTO`) VALUES
('319E9B9D2F462C705D9F6607AD3CE7CB', '57E659D3FB08DF4C07FDA42E874C4F83'),
('319E9B9D2F462C705D9F6607AD3CE7CB', 'FAAAF82C9CAF90680806BFD27FC13345');

-- --------------------------------------------------------

--
-- Estrutura da tabela `facilidades_servicos`
--

CREATE TABLE IF NOT EXISTS `facilidades_servicos` (
  `INGLES` blob,
  `PORTUGUES` blob,
  `ESPANHOL` blob
) ENGINE=MyISAM DEFAULT CHARSET=latin1 COLLATE=latin1_general_ci;

--
-- Extraindo dados da tabela `facilidades_servicos`
--

INSERT INTO `facilidades_servicos` (`INGLES`, `PORTUGUES`, `ESPANHOL`) VALUES
(0x3c703e6f70733c2f703e, 0x3c703e6f70733c2f703e, 0x3c703e6f70733c2f703e);

-- --------------------------------------------------------

--
-- Estrutura da tabela `faleconosco`
--

CREATE TABLE IF NOT EXISTS `faleconosco` (
  `CODFALECONOSCO` char(32) NOT NULL,
  `DTA` timestamp NOT NULL DEFAULT CURRENT_TIMESTAMP,
  `PORTUGUES` varchar(255) DEFAULT NULL,
  `INGLES` varchar(255) DEFAULT NULL,
  `ESPANHOL` varchar(255) DEFAULT NULL,
  `DEPARTAMENTO_PORTUGUES` varchar(70) DEFAULT NULL,
  `DEPARTAMENTO_INGLES` varchar(255) DEFAULT NULL,
  `DEPARTAMENTO_ESPANHOL` varchar(255) DEFAULT NULL,
  `EMAIL` varchar(70) DEFAULT NULL,
  `OWNER` varchar(70) DEFAULT NULL,
  `ORDEM` int(11) DEFAULT NULL,
  `STATUS` tinyint(1) DEFAULT NULL,
  PRIMARY KEY (`CODFALECONOSCO`)
) ENGINE=MyISAM DEFAULT CHARSET=latin1;

--
-- Extraindo dados da tabela `faleconosco`
--

INSERT INTO `faleconosco` (`CODFALECONOSCO`, `DTA`, `PORTUGUES`, `INGLES`, `ESPANHOL`, `DEPARTAMENTO_PORTUGUES`, `DEPARTAMENTO_INGLES`, `DEPARTAMENTO_ESPANHOL`, `EMAIL`, `OWNER`, `ORDEM`, `STATUS`) VALUES
('72F534569C6C0BE69166774F02815BF2', '2013-12-10 19:54:36', 'Casamentos e Eventos', 'Events and Weddings', 'Eventos y Matrimonios', 'Casamentos e Eventos', 'Events and Weddings', 'Eventos y Matrimonios', 'admin@maravista.com.br', 'marcelkisseleff@gmail.com', 2, 1),
('0B5B1D4A046AB9039769A61A58CFC402', '2014-02-04 11:25:23', 'Pousada Maravista', 'Pousada Maravista', 'Posada Maravista', 'Reservas', 'Reservations', 'Reservas', 'pousada@maravista.com.br', 'marcelkisseleff@gmail.com', 1, 1);

-- --------------------------------------------------------

--
-- Estrutura da tabela `fotos`
--

CREATE TABLE IF NOT EXISTS `fotos` (
  `CODFOTO` char(32) NOT NULL DEFAULT '',
  `DTA` timestamp NOT NULL DEFAULT CURRENT_TIMESTAMP,
  `TITULO` varchar(255) DEFAULT NULL,
  `URL` varchar(255) DEFAULT NULL,
  `STATUS` char(1) DEFAULT NULL,
  `OWNER` char(32) DEFAULT NULL,
  `DESTAQUE` char(1) DEFAULT '0',
  PRIMARY KEY (`CODFOTO`)
) ENGINE=MyISAM DEFAULT CHARSET=latin1;

--
-- Extraindo dados da tabela `fotos`
--

INSERT INTO `fotos` (`CODFOTO`, `DTA`, `TITULO`, `URL`, `STATUS`, `OWNER`, `DESTAQUE`) VALUES
('479208A7FCEB74973A19EA415C71A875', '2013-12-02 14:36:15', 'Foto Default Deluxe Vista Mar', '../upload/fotos/479208A7FCEB74973A19EA415C71A875/1D5EF355203963E8E57EDAC6A65305A0.jpeg', '1', '2995E89FB4A77E4FB5F56D4991C75850', '1'),
('B3900DCEA2E383F66EC687162397AF7A', '2013-11-08 18:08:50', 'Ops', '../upload/fotos/B3900DCEA2E383F66EC687162397AF7A/58B07704D705D25591D2BCC4129762AC.jpeg', '1', '2995E89FB4A77E4FB5F56D4991C75850', '0'),
('FAAAF82C9CAF90680806BFD27FC13345', '2013-11-03 23:23:02', 'Ops 2', '../upload/fotos/FAAAF82C9CAF90680806BFD27FC13345/AB1ED4CD864C18ADF368F56379C0E5A0.jpeg', '1', '2995E89FB4A77E4FB5F56D4991C75850', '1'),
('A3A499D4D12AAF9D89FF842FD5C89A51', '2013-12-12 16:28:10', 'Imagem 1', '../upload/fotos/A3A499D4D12AAF9D89FF842FD5C89A51/E8CE8445773ADF641E36E24A44E009F4.jpeg', '1', '2995E89FB4A77E4FB5F56D4991C75850', '0'),
('BF633F55F8E004B51DAE1E4C4E861FD7', '2013-11-06 19:25:40', 'Apenas teste', '../upload/fotos/BF633F55F8E004B51DAE1E4C4E861FD7/5E4AECF0B22519A44F62D22BFCC0E9B6.jpeg', '1', '2995E89FB4A77E4FB5F56D4991C75850', '0'),
('15397D2A36FF2B43FE2DDE61372A8556', '2014-04-29 18:12:03', '', '../upload/fotos/15397D2A36FF2B43FE2DDE61372A8556/1B484D42E042C439EB765A93B6CEBBB7.jpeg', '0', '2995E89FB4A77E4FB5F56D4991C75850', '0'),
('7968433BE31C5F3EE0845B43A1834241', '2013-11-06 19:00:31', 'weuyi', '../upload/fotos/7968433BE31C5F3EE0845B43A1834241/200CB447CCAECEEFA476CE084418A6D5.jpeg', '1', '2995E89FB4A77E4FB5F56D4991C75850', '1'),
('D666F22343729A06249D0ED784BA451B', '2013-11-06 19:00:50', 'reioutoi', '../upload/fotos/D666F22343729A06249D0ED784BA451B/A952E818824DA8896F9F49BEB319A8C2.jpeg', '1', '2995E89FB4A77E4FB5F56D4991C75850', '0'),
('D5E87CC739941D5A6C8B2CA7BF7DB047', '2013-12-12 15:19:58', 'Nosso Caf&eacute; da Manh&atilde; - Principal', '../upload/fotos/D5E87CC739941D5A6C8B2CA7BF7DB047/A58ABB5BF36B3C84F3B01F7EBD6CBE54.jpeg', '1', '2995E89FB4A77E4FB5F56D4991C75850', '1'),
('1098AF67ED590950CC238D359C477DBA', '2013-11-06 12:46:29', '123', '../upload/fotos/1098AF67ED590950CC238D359C477DBA/52EFA179075910BABA243F579D40E7FF.jpeg', '1', '38755CC61C30F53FF1DAE4EDF088E7BE', '1'),
('4AA23910D34CBA443CDB98ED69EDCDF1', '2013-11-06 12:46:43', '456', '../upload/fotos/4AA23910D34CBA443CDB98ED69EDCDF1/540710C66F5A2EC03C1F62569BEAECCB.jpeg', '1', '38755CC61C30F53FF1DAE4EDF088E7BE', '1'),
('BA4EE9DFDBE2BC8A0065C40B831107E0', '2013-11-06 12:47:05', '678', '../upload/fotos/BA4EE9DFDBE2BC8A0065C40B831107E0/D8EC5AEC9ABA13A93E372B8308709505.jpeg', '1', '38755CC61C30F53FF1DAE4EDF088E7BE', '1'),
('7690A7B2B195F7E819F599C9568F41EF', '2014-01-24 13:04:51', '', '../upload/fotos/7690A7B2B195F7E819F599C9568F41EF/A5E09421FD214096CAF9517D50232681.jpeg', '1', '2995E89FB4A77E4FB5F56D4991C75850', '1'),
('60842B567FC58E64039ACC194CC5255D', '2014-01-24 13:05:16', '', '../upload/fotos/60842B567FC58E64039ACC194CC5255D/49AB0809BBB8D960F83A137D24154FA9.jpeg', '1', '2995E89FB4A77E4FB5F56D4991C75850', '0'),
('EABF7FBAD8FCAAC26CB773FBEB231EAA', '2014-01-24 13:05:40', '', '../upload/fotos/EABF7FBAD8FCAAC26CB773FBEB231EAA/AFF9A063D3E52209A32630ECCDB6D563.jpeg', '1', '2995E89FB4A77E4FB5F56D4991C75850', '0'),
('E6984A2818A5C769327A617D85BA3558', '2013-12-12 16:28:31', 'Imagem 2', '../upload/fotos/E6984A2818A5C769327A617D85BA3558/09FEEAB0E4D8482B8E5F636E6E56D7C1.jpeg', '1', '2995E89FB4A77E4FB5F56D4991C75850', '0'),
('EB6127D9D83AB9B3BD0E5576BDEAAB94', '2013-11-08 20:52:30', 'foto2', '../upload/fotos/EB6127D9D83AB9B3BD0E5576BDEAAB94/CC3E3C47B88747A114FF513E72481831.jpeg', '1', '2995E89FB4A77E4FB5F56D4991C75850', '0'),
('986EC11C03E296FC498D4CDBC3486ABA', '2013-11-08 20:33:23', 'foto1', '../upload/fotos/986EC11C03E296FC498D4CDBC3486ABA/95F0CEFF9590F618B32B218C643276A9.jpeg', '1', '2995E89FB4A77E4FB5F56D4991C75850', '1'),
('BE3285586CD8D9030B1926E5D324B2B1', '2013-11-08 20:52:57', 'foto3', '../upload/fotos/BE3285586CD8D9030B1926E5D324B2B1/7674292E42134CED4E70212D71A4FE18.jpeg', '1', '2995E89FB4A77E4FB5F56D4991C75850', '0'),
('2C6823D3F0C38B557C8D7B16653B6F03', '2013-11-08 20:52:12', 'foto2', '../upload/fotos/2C6823D3F0C38B557C8D7B16653B6F03/CC981D8408E245BDF48A18702AC886D1.jpeg', '1', '2995E89FB4A77E4FB5F56D4991C75850', '0'),
('2D258FDF160FB2ABC891686E4C84D1FD', '2013-11-08 20:35:06', 'foto1', '../upload/fotos/2D258FDF160FB2ABC891686E4C84D1FD/266939C36130B809D22DDDBCBF9DB004.jpeg', '1', '2995E89FB4A77E4FB5F56D4991C75850', '0'),
('24C187156186C5C629302D67C44DD97F', '2013-11-08 20:35:20', 'foto2', '../upload/fotos/24C187156186C5C629302D67C44DD97F/ABB8989E3008EF6F092B5EFC39D7B12E.jpeg', '1', '2995E89FB4A77E4FB5F56D4991C75850', '1'),
('BEDA4EE7DBEDBCF73EF32C30885EDAA1', '2013-11-11 15:33:40', '', '../upload/fotos/BEDA4EE7DBEDBCF73EF32C30885EDAA1/C9AD3A2D4E770A3142A0022827EC333B.jpeg', '1', '2995E89FB4A77E4FB5F56D4991C75850', '0'),
('716AB56BADBC924906F448FB6CA8214A', '2013-11-08 20:35:41', 'foto3', '../upload/fotos/716AB56BADBC924906F448FB6CA8214A/DBD9D1CEC62CAFF8948A9F8F91D651AF.jpeg', '1', '2995E89FB4A77E4FB5F56D4991C75850', '0'),
('3EA4FE2004F42348125DD9A586B132AB', '2013-11-08 20:54:03', 'foto2', '../upload/fotos/3EA4FE2004F42348125DD9A586B132AB/1ED2F9D1D22A595DC946424E7790F77F.jpeg', '1', '2995E89FB4A77E4FB5F56D4991C75850', '0'),
('5E675DA3F6E09A062329DF5300F0D6CA', '2013-11-08 20:54:24', '', '../upload/fotos/5E675DA3F6E09A062329DF5300F0D6CA/01748D2EBEB40B3545518A222BDA7DCC.jpeg', '1', '2995E89FB4A77E4FB5F56D4991C75850', '1'),
('9617639C413283C24C06F20C9719F51A', '2013-11-08 20:54:12', 'foto2', '../upload/fotos/9617639C413283C24C06F20C9719F51A/456008F18219C7B30A7371A8698C86B0.jpeg', '1', '2995E89FB4A77E4FB5F56D4991C75850', '0'),
('745088DB6811A63A8B22D47108867BBE', '2013-11-08 20:56:32', '', '../upload/fotos/745088DB6811A63A8B22D47108867BBE/D9B8C45395212987490C980BB044D0EE.jpeg', '1', '2995E89FB4A77E4FB5F56D4991C75850', '0'),
('E0151A97C92A959E32A433ECDA146364', '2013-11-08 20:37:25', 'foto2', '../upload/fotos/E0151A97C92A959E32A433ECDA146364/FD3B222E5A8A52D45E16FF592DE7A0BC.jpeg', '1', '2995E89FB4A77E4FB5F56D4991C75850', '1'),
('FB4B7357C687F0DA6425E1507EBDA01B', '2013-11-08 20:56:16', 'foto2', '../upload/fotos/FB4B7357C687F0DA6425E1507EBDA01B/BC748A34CA024036584186CCD37981B8.jpeg', '1', '2995E89FB4A77E4FB5F56D4991C75850', '0'),
('F37734E9341EF9CDA7032231A2F2A292', '2013-11-08 20:37:45', 'foto3', '../upload/fotos/F37734E9341EF9CDA7032231A2F2A292/2C7F03D1B93159810891C9BE77DA7F7F.jpeg', '1', '2995E89FB4A77E4FB5F56D4991C75850', '0'),
('BCC87C7EEA973846A261989102E624F3', '2013-11-08 20:38:24', 'foto1', '../upload/fotos/BCC87C7EEA973846A261989102E624F3/C96B8A9B10374767E2B24B59871C51BA.jpeg', '1', '2995E89FB4A77E4FB5F56D4991C75850', '0'),
('A253E1B47491E70A00B1198E4B003120', '2013-11-11 15:40:12', '', '../upload/fotos/A253E1B47491E70A00B1198E4B003120/DCEA72D4A9F832F6C12CD996172A6D80.jpeg', '1', '2995E89FB4A77E4FB5F56D4991C75850', '0'),
('9612FD75452FA39B8AE80F7A0C4A4CAC', '2013-11-11 15:37:31', '', '../upload/fotos/9612FD75452FA39B8AE80F7A0C4A4CAC/83496491DA7376415A125AE849920109.jpeg', '1', '2995E89FB4A77E4FB5F56D4991C75850', '0'),
('5B191DCCE00684ACA89648C283559D72', '2013-11-08 20:58:27', 'foto4', '../upload/fotos/5B191DCCE00684ACA89648C283559D72/DEB6FC11A498EF9E19FF6D6CC88D297C.jpeg', '1', '2995E89FB4A77E4FB5F56D4991C75850', '1'),
('7BBDB8352CD820EF31739512E0CC3E33', '2013-11-11 15:43:25', '', '../upload/fotos/7BBDB8352CD820EF31739512E0CC3E33/2DC4D9BB82C0201FC15F2393F53C0A5C.jpeg', '1', '2995E89FB4A77E4FB5F56D4991C75850', '0'),
('FE59C4AA99798F6F4120B3102EAB463E', '2013-11-08 20:39:11', 'foto1', '../upload/fotos/FE59C4AA99798F6F4120B3102EAB463E/A3E9C109D1F067EB677964AEBE83F5B3.jpeg', '1', '2995E89FB4A77E4FB5F56D4991C75850', '1'),
('C75D0A6E974A7AE6B5966099EE4E3494', '2013-11-08 20:57:22', 'foto3', '../upload/fotos/C75D0A6E974A7AE6B5966099EE4E3494/0395EAEC2EB6363A9F42CDD5CF181B46.jpeg', '1', '2995E89FB4A77E4FB5F56D4991C75850', '0'),
('4BCB89846909DF1F9F0114266804FBDC', '2013-11-08 20:58:57', 'foto1', '../upload/fotos/4BCB89846909DF1F9F0114266804FBDC/876EE4080F6F123249A2C9BAF12974FE.jpeg', '1', '2995E89FB4A77E4FB5F56D4991C75850', '0'),
('604CC44A231BFB9D6A5E955FD7A9CE5F', '2013-11-08 20:57:08', 'foto2', '../upload/fotos/604CC44A231BFB9D6A5E955FD7A9CE5F/3EEF8A5DEF16CAE7AA373763A69FB4C9.jpeg', '1', '2995E89FB4A77E4FB5F56D4991C75850', '0'),
('99E32027B3F3B9CDF503D33F2ADBCED2', '2013-11-08 21:01:55', 'foto3', '../upload/fotos/99E32027B3F3B9CDF503D33F2ADBCED2/5C31DB57C69AAF5BD9B1A18184FC1634.jpeg', '1', '2995E89FB4A77E4FB5F56D4991C75850', '0'),
('95AD71FB3D85824585816D3A2F36B652', '2013-11-08 21:01:53', 'foto3', '../upload/fotos/95AD71FB3D85824585816D3A2F36B652/6CFD221DEC11A0BE428E14503A885C71.jpeg', '1', '2995E89FB4A77E4FB5F56D4991C75850', '0'),
('FA1C00AAE61130B10F3BD82F1E1A7842', '2013-11-08 21:02:26', 'foto1', '../upload/fotos/FA1C00AAE61130B10F3BD82F1E1A7842/B53CDE090DF96453AE5ED2D4D8BF9282.jpeg', '1', '2995E89FB4A77E4FB5F56D4991C75850', '1'),
('DD5620CA4523AFD23FCF9A3E122C367C', '2013-11-08 20:41:00', 'foto2', '../upload/fotos/DD5620CA4523AFD23FCF9A3E122C367C/626D687981FD053896D02E94F0F6320F.jpeg', '1', '2995E89FB4A77E4FB5F56D4991C75850', '0'),
('B2C770A3786AB391C4298B37B9171684', '2013-11-08 20:39:53', 'foto3', '../upload/fotos/B2C770A3786AB391C4298B37B9171684/5E4F5491FFFD36AD31B1CF2D30E84070.jpeg', '1', '2995E89FB4A77E4FB5F56D4991C75850', '1'),
('57238F5DD611174250DAD26C4BCC6B35', '2013-11-08 20:41:32', 'foto3', '../upload/fotos/57238F5DD611174250DAD26C4BCC6B35/45B94D2182A12C8018D41EF6DA8DA906.jpeg', '1', '2995E89FB4A77E4FB5F56D4991C75850', '0'),
('738B94668AB6088C51D0E9F238C0046F', '2013-11-08 21:03:02', 'foto2', '../upload/fotos/738B94668AB6088C51D0E9F238C0046F/08AAD1ABFBDC27DA059FCCE9BB287CD1.jpeg', '1', '2995E89FB4A77E4FB5F56D4991C75850', '0'),
('BA59FF1019BA2A421CCA847652AF624A', '2013-11-08 20:42:21', 'foto2', '../upload/fotos/BA59FF1019BA2A421CCA847652AF624A/B5CF0FFCB21E6C13BC1EA349E3BDC6B4.jpeg', '1', '2995E89FB4A77E4FB5F56D4991C75850', '1'),
('1022E4F4C9D6703A8A554984DD71B800', '2013-11-11 17:38:47', '', '../upload/fotos/1022E4F4C9D6703A8A554984DD71B800/D000D6215FA1C784586F1E0ED2F28EBE.jpeg', '1', '2995E89FB4A77E4FB5F56D4991C75850', '0'),
('84D06EF530EECFCAFBE4B0E529736471', '2013-11-08 20:43:41', 'foto2', '../upload/fotos/84D06EF530EECFCAFBE4B0E529736471/65B29BE68E9C2B8649156BE6574E566C.jpeg', '1', '2995E89FB4A77E4FB5F56D4991C75850', '1'),
('A213EBD29E4CB2D69D02E18E5EA92E47', '2013-11-08 20:44:51', 'foto2', '../upload/fotos/A213EBD29E4CB2D69D02E18E5EA92E47/FC64A66A42E568C30C79374DB8CDCD3E.jpeg', '1', '2995E89FB4A77E4FB5F56D4991C75850', '0'),
('743EBF798E4398755404AF2A1C5D5213', '2013-11-08 20:45:01', 'foto2', '../upload/fotos/743EBF798E4398755404AF2A1C5D5213/0BF8DE5960C02F4683CEFAED91AC2B13.jpeg', '1', '2995E89FB4A77E4FB5F56D4991C75850', '1'),
('08596F7F4839173AFAEC8949BC434F6C', '2013-11-08 20:45:14', 'foto1', '../upload/fotos/08596F7F4839173AFAEC8949BC434F6C/D63F83619AAB7C58C3256E9ADA6C2016.jpeg', '1', '2995E89FB4A77E4FB5F56D4991C75850', '0'),
('B89DD831E5BFC08DD07BB91B745DFCBC', '2013-11-08 20:45:48', 'foto2', '../upload/fotos/B89DD831E5BFC08DD07BB91B745DFCBC/0280635CD0E5CC6F32121736704083C8.jpeg', '1', '2995E89FB4A77E4FB5F56D4991C75850', '1'),
('840EEDBF2E55D859FD088815AA8F78AB', '2013-11-11 17:37:36', '', '../upload/fotos/840EEDBF2E55D859FD088815AA8F78AB/E48C6EB20FFCF7BCC86569A996B7A2A1.jpeg', '1', '2995E89FB4A77E4FB5F56D4991C75850', '0'),
('1465B1865DE248B4CF3872E3C27F1DC8', '2013-11-08 20:47:45', 'foto2', '../upload/fotos/1465B1865DE248B4CF3872E3C27F1DC8/CCCE4320168612D93A320CD612AAA9BC.jpeg', '1', '2995E89FB4A77E4FB5F56D4991C75850', '0'),
('0E386FC001FC4EFB9BC1FECEA98B75B6', '2013-11-08 20:48:02', 'foto2', '../upload/fotos/0E386FC001FC4EFB9BC1FECEA98B75B6/7B701C5D10111984EA30ABB92F59B559.jpeg', '1', '2995E89FB4A77E4FB5F56D4991C75850', '1'),
('A60B2DE68FE1C3CF0D35CCC6F2211B6F', '2013-11-08 20:50:00', 'foto3', '../upload/fotos/A60B2DE68FE1C3CF0D35CCC6F2211B6F/B4601BA50A75371FC490A22AC53DFC34.jpeg', '1', '2995E89FB4A77E4FB5F56D4991C75850', '0'),
('E9048941E739D72C829DBEEB9D6933DD', '2013-11-08 20:50:12', 'foto4', '../upload/fotos/E9048941E739D72C829DBEEB9D6933DD/DE2F0A7A5953B55DBEDC6FFD94F72497.jpeg', '1', '2995E89FB4A77E4FB5F56D4991C75850', '0'),
('0E69C2E88E3A5E4EC9B7EB66B9104E34', '2013-11-08 20:50:52', 'foto1', '../upload/fotos/0E69C2E88E3A5E4EC9B7EB66B9104E34/4EA5870994858C91D15AFB0FCE8A9E23.jpeg', '1', '2995E89FB4A77E4FB5F56D4991C75850', '1'),
('E019DEE5C7629E2E47ED74B4FA1667AC', '2013-11-08 20:51:25', 'foto2', '../upload/fotos/E019DEE5C7629E2E47ED74B4FA1667AC/AB0DD35BF11BE931FCCAAB4FB84A20F0.jpeg', '1', '2995E89FB4A77E4FB5F56D4991C75850', '0'),
('290AD068523CE3CF8968AE7DDD5C4FCA', '2013-11-08 20:51:39', 'foto2', '../upload/fotos/290AD068523CE3CF8968AE7DDD5C4FCA/829D754EB8D9D75B9D41114DC359F160.jpeg', '1', '2995E89FB4A77E4FB5F56D4991C75850', '0'),
('2063EA99FE6AEF5FC23B1232FFE77410', '2013-11-11 15:43:14', '', '../upload/fotos/2063EA99FE6AEF5FC23B1232FFE77410/15E0BD265163135AD311A37E33841C83.jpeg', '1', '2995E89FB4A77E4FB5F56D4991C75850', '0'),
('F1F4F00CCEFBDE43DD92E364A3A6ADB2', '2013-11-08 21:00:06', 'foto1', '../upload/fotos/F1F4F00CCEFBDE43DD92E364A3A6ADB2/1313E705489352203FCA165FD6FAAD3E.jpeg', '1', '2995E89FB4A77E4FB5F56D4991C75850', '0'),
('1FADCA58AA852F16AD0FDB9660A358F4', '2013-11-08 21:00:16', 'foto2', '../upload/fotos/1FADCA58AA852F16AD0FDB9660A358F4/584021997455BB17CBB8ADDAB850FC9D.jpeg', '1', '2995E89FB4A77E4FB5F56D4991C75850', '1'),
('C5729AFA2982225FC0689F28C5662B12', '2013-11-08 21:00:25', 'foto3', '../upload/fotos/C5729AFA2982225FC0689F28C5662B12/7AB410F3D84B417457C980ED7193CDED.jpeg', '1', '2995E89FB4A77E4FB5F56D4991C75850', '0'),
('8DB3569E3CA1F59FA812AB46A570238D', '2013-11-08 21:00:36', 'foto4', '../upload/fotos/8DB3569E3CA1F59FA812AB46A570238D/491655AA2BFB487D84CA7CC17D88ABED.jpeg', '1', '2995E89FB4A77E4FB5F56D4991C75850', '0'),
('A91284F962D70D2084FA25F91165C5E0', '2013-11-08 21:03:21', 'foto1', '../upload/fotos/A91284F962D70D2084FA25F91165C5E0/F2B4A45E593849C1C05F25C2301CB229.jpeg', '1', '2995E89FB4A77E4FB5F56D4991C75850', '0'),
('26A357A29B80EF851D6A4A73A8EB5606', '2014-01-29 17:23:07', 'Caf&eacute; da Manh&atilde;', '../upload/fotos/26A357A29B80EF851D6A4A73A8EB5606/16C0F7C0A791804A196CE6FD57877E49.jpeg', '1', '2995E89FB4A77E4FB5F56D4991C75850', '0'),
('DACD1B4687C1672654B2B8CBF74D1B31', '2013-12-13 19:36:23', 'Reveillon', '../upload/fotos/DACD1B4687C1672654B2B8CBF74D1B31/AC3CB53E2048CCDAF7FC79D84B2D4B26.jpeg', '1', '2995E89FB4A77E4FB5F56D4991C75850', '1'),
('07C9C0EA81ACEBFFFF9235912DECE443', '2013-12-13 19:28:54', 'Carnaval', '../upload/fotos/07C9C0EA81ACEBFFFF9235912DECE443/76D22B54A53EEFE9CAFA65F9B6EFD9AA.jpeg', '1', '2995E89FB4A77E4FB5F56D4991C75850', '1'),
('29980E3926E98E168BA5DEE192C16113', '2013-11-11 15:43:55', '', '../upload/fotos/29980E3926E98E168BA5DEE192C16113/1387EFF51543E7F6A49D657ADE8C3B5A.jpeg', '1', '2995E89FB4A77E4FB5F56D4991C75850', '1'),
('354D3250FC689BDEB9BA46B5920BAA77', '2013-11-11 15:44:24', '', '../upload/fotos/354D3250FC689BDEB9BA46B5920BAA77/15A1B598A2C7D0A1B87109B292C1D734.jpeg', '1', '2995E89FB4A77E4FB5F56D4991C75850', '0'),
('90EDD95FBC3FE17BAE30348836BAB97E', '2013-11-11 15:45:53', '', '../upload/fotos/90EDD95FBC3FE17BAE30348836BAB97E/C1B3DC91275826700F093BD97730C826.jpeg', '1', '2995E89FB4A77E4FB5F56D4991C75850', '0'),
('725F03210D5FD0AE3153D5148B7FEAE8', '2013-11-11 17:35:50', '', '../upload/fotos/725F03210D5FD0AE3153D5148B7FEAE8/2BDA9D0315A90383F318E94F1ABC7220.jpeg', '1', '2995E89FB4A77E4FB5F56D4991C75850', '1'),
('E1076D047B1BEEE0E2EA7E9E90C90FD1', '2013-11-11 17:36:21', 'banheiro', '../upload/fotos/E1076D047B1BEEE0E2EA7E9E90C90FD1/CC3DE2C07960AB4481899B86F32D3BA5.jpeg', '1', '2995E89FB4A77E4FB5F56D4991C75850', '0'),
('DB92F0D1BA22831178661364073E29D4', '2013-11-11 17:36:33', 'banheiro', '../upload/fotos/DB92F0D1BA22831178661364073E29D4/05244467F65AF596E9D824C20C5DF41C.jpeg', '1', '2995E89FB4A77E4FB5F56D4991C75850', '0'),
('9DDA685C51EB0F493BDEB0B880EF305D', '2013-11-11 17:37:44', '', '../upload/fotos/9DDA685C51EB0F493BDEB0B880EF305D/32DCC57CE7C3E2D4F04398F431483E23.jpeg', '1', '2995E89FB4A77E4FB5F56D4991C75850', '0'),
('C4411D38FA03C32340668590208B449D', '2013-11-11 17:38:40', '', '../upload/fotos/C4411D38FA03C32340668590208B449D/BD65EC8F717873934890C45C73C285EF.jpeg', '1', '2995E89FB4A77E4FB5F56D4991C75850', '0'),
('00FD90187E364C7B22DC77E07A3511A2', '2013-12-02 14:33:58', 'Foto Default Deluxe', '../upload/fotos/00FD90187E364C7B22DC77E07A3511A2/AE518D0BF178925F6273008DBA6D92C7.jpeg', '1', '2995E89FB4A77E4FB5F56D4991C75850', '0'),
('162D3A887EE60F1467E08B452E87F0A6', '2013-12-02 14:37:26', 'Foto Default Standard', '../upload/fotos/162D3A887EE60F1467E08B452E87F0A6/10353BAB61DE746CE608E248DD11322F.jpeg', '1', '2995E89FB4A77E4FB5F56D4991C75850', '1'),
('DE39710ADCB638720891ABE1C1EFC80F', '2013-12-02 14:38:12', 'Fotos Default Suite Master', '../upload/fotos/DE39710ADCB638720891ABE1C1EFC80F/A634A4966900D072FF8492F51E1CD0B4.jpeg', '1', '2995E89FB4A77E4FB5F56D4991C75850', '1'),
('99D30B47886B22F19F94AA257CE3D9BB', '2013-12-02 14:39:25', 'Fotos default Superior', '../upload/fotos/99D30B47886B22F19F94AA257CE3D9BB/5E8E2C26EFF352C5DECC3A375AC84B36.jpeg', '1', '2995E89FB4A77E4FB5F56D4991C75850', '1'),
('4BB083F749CC16CB85D428A17B2EF7EA', '2013-12-04 17:04:14', 'Foto 1', '../upload/fotos/4BB083F749CC16CB85D428A17B2EF7EA/2FFD9D90C7E00350036764A56D6ECBDF.jpeg', '1', '2995E89FB4A77E4FB5F56D4991C75850', '0'),
('F997BA23F2D159F700EB0E080FA367BE', '2013-12-04 17:04:40', 'Foto 2', '../upload/fotos/F997BA23F2D159F700EB0E080FA367BE/4F85BC43CD6B659AEFFA7490A28F1399.jpeg', '1', '2995E89FB4A77E4FB5F56D4991C75850', '1'),
('1AB1D04D1A8DAEEA908C270B02230563', '2013-12-04 17:05:02', 'Foto 3', '../upload/fotos/1AB1D04D1A8DAEEA908C270B02230563/4F8517F27BCE4023A031A125A8806791.jpeg', '1', '2995E89FB4A77E4FB5F56D4991C75850', '0'),
('7C42ADD92668D52907DA0D391DAD8FF2', '2013-12-12 16:28:46', 'Imagem 3', '../upload/fotos/7C42ADD92668D52907DA0D391DAD8FF2/C4D7FB6347C181C4015611F4638F52D1.jpeg', '1', '2995E89FB4A77E4FB5F56D4991C75850', '0'),
('373A3F7315C4C64C980717AD449A8D63', '2013-12-12 16:29:03', 'Imagem 4', '../upload/fotos/373A3F7315C4C64C980717AD449A8D63/18166D3E45D69EC809653308531BDA37.jpeg', '1', '2995E89FB4A77E4FB5F56D4991C75850', '0'),
('DD7F3439F70A557C10E4E99B2F628647', '2013-12-12 17:46:43', 'Imagem Principal', '../upload/fotos/DD7F3439F70A557C10E4E99B2F628647/69CDE6F465FB647F8055381BC368DEC9.jpeg', '1', '2995E89FB4A77E4FB5F56D4991C75850', '1'),
('352D92A5A70DE887D8F6E2F6736FBD41', '2013-12-12 17:27:04', 'Imagem 1', '../upload/fotos/352D92A5A70DE887D8F6E2F6736FBD41/21C81C84675F5CBB5E4F9F63BBE0FE89.jpeg', '1', '2995E89FB4A77E4FB5F56D4991C75850', '0'),
('B2ACA3914D1D4047581829D83E1DE85F', '2013-12-12 17:27:23', 'Imagem 2', '../upload/fotos/B2ACA3914D1D4047581829D83E1DE85F/7B1958130C35D9D7D4590544E38B1A22.jpeg', '1', '2995E89FB4A77E4FB5F56D4991C75850', '0'),
('4C03969DAC640B41900A53DA0D929D09', '2013-12-12 17:27:59', 'Imagem 3', '../upload/fotos/4C03969DAC640B41900A53DA0D929D09/EE4DDBF3B0CC41C434DC67EF17D548BA.jpeg', '1', '2995E89FB4A77E4FB5F56D4991C75850', '0'),
('46205EA4F81540B09AE5C1C89EB4A8C1', '2013-12-12 17:28:13', 'Imagem 5', '../upload/fotos/46205EA4F81540B09AE5C1C89EB4A8C1/F2B9A2A51045657B0C96A8F606EA161C.jpeg', '1', '2995E89FB4A77E4FB5F56D4991C75850', '0'),
('53CBBCFC47A4F9DCAEA9C3E503F7F895', '2013-12-12 17:28:56', 'Imagem 6', '../upload/fotos/53CBBCFC47A4F9DCAEA9C3E503F7F895/295BC23F155BB467D919EDDAD73C40A5.jpeg', '1', '2995E89FB4A77E4FB5F56D4991C75850', '0'),
('C0190C58E821A486D405E9F492089451', '2013-12-12 17:29:10', 'Imagem 8', '../upload/fotos/C0190C58E821A486D405E9F492089451/5CD411C996D6AFE568C3B20B10997626.jpeg', '1', '2995E89FB4A77E4FB5F56D4991C75850', '0'),
('114A665D8BC766F7A4E68540288875D1', '2014-06-25 18:58:36', 'teste', '../upload/fotos/114A665D8BC766F7A4E68540288875D1/B71F0A4AD263DFDF4153CEC5A25E3A1D.jpeg', '1', '2995E89FB4A77E4FB5F56D4991C75850', '0'),
('55EABE9B8CD6B7F4AD95851C9035D2FF', '2014-02-19 19:40:36', '', '../upload/fotos/55EABE9B8CD6B7F4AD95851C9035D2FF/A37B4229AE259E5F62B2FD0A3D3395F5.jpeg', '1', '2995E89FB4A77E4FB5F56D4991C75850', '0'),
('C0C0CDAF8A391BD7E1A10AC5E91957BA', '2014-01-29 17:25:06', 'Caf&eacute; da Manh&atilde;', '../upload/fotos/C0C0CDAF8A391BD7E1A10AC5E91957BA/76C8CCA8E0CD92AB9F55B2D479A8373B.jpeg', '1', '2995E89FB4A77E4FB5F56D4991C75850', '1'),
('B2B4CB81C46FDAF77E4DE0F315001C49', '2014-01-29 17:23:59', 'Caf&eacute; da Manh&atilde;', '../upload/fotos/B2B4CB81C46FDAF77E4DE0F315001C49/A0318F5AA4EA24A4E64E462B4C087974.jpeg', '1', '2995E89FB4A77E4FB5F56D4991C75850', '0'),
('88D6F31F9BCA962574E7E2B26D9A4829', '2014-01-29 17:24:32', 'Caf&eacute; da Manh&atilde;', '../upload/fotos/88D6F31F9BCA962574E7E2B26D9A4829/651A5845B191FA9BBB240CE978CC9545.jpeg', '1', '2995E89FB4A77E4FB5F56D4991C75850', '0'),
('DFA4CD1DDE9BED50884FA2EAB5BF246C', '2014-01-27 15:02:36', '', '../upload/fotos/DFA4CD1DDE9BED50884FA2EAB5BF246C/852CFCA7580B28D570510E963F809964.jpeg', '1', '2995E89FB4A77E4FB5F56D4991C75850', '1'),
('9C5CDCEDD540F9429BD2A8956C76704D', '2014-01-23 21:01:16', '', '../upload/fotos/9C5CDCEDD540F9429BD2A8956C76704D/7D23486EC12E5CA1DB2D958E4D53CF8D.jpeg', '1', '2995E89FB4A77E4FB5F56D4991C75850', '0'),
('20237CDA1FFEAA535147C947022C8ECC', '2014-02-19 19:39:01', '', '../upload/fotos/20237CDA1FFEAA535147C947022C8ECC/E901D07186AA38BAC271A5AAA68E1D32.jpeg', '1', '2995E89FB4A77E4FB5F56D4991C75850', '1'),
('C888588A9356628777C1C2325BF04DB2', '2014-02-13 16:59:15', 'B&uacute;zios', '../upload/fotos/C888588A9356628777C1C2325BF04DB2/EA73827E66F65A125ACFB6A134CD0E7A.jpeg', '1', '2995E89FB4A77E4FB5F56D4991C75850', '1'),
('284187C1D4D9D3048058F56A441FF18A', '2014-02-19 19:39:34', '', '../upload/fotos/284187C1D4D9D3048058F56A441FF18A/572CEFEF030715D826821C1B561DCC37.jpeg', '1', '2995E89FB4A77E4FB5F56D4991C75850', '0'),
('A8E316949F15E79DE899F4837541166A', '2014-02-19 19:34:48', '', '../upload/fotos/A8E316949F15E79DE899F4837541166A/AB36854F9F29015FC9F6A525DC94CB71.jpeg', '1', '2995E89FB4A77E4FB5F56D4991C75850', '1'),
('99E86A9BF79782428CBB31DBED254308', '2014-06-30 15:44:57', 'Casamento-praia-Buzios', '../upload/fotos/99E86A9BF79782428CBB31DBED254308/8D17F69D5DCFF64D1830A0C42744475D.jpeg', '1', 'BC5C0F3AC488544CE6B145A69D5CA268', '1'),
('15D01E6E74AFF15C8FAAAFEB5CFE5573', '2014-02-24 11:31:15', '', '../upload/fotos/15D01E6E74AFF15C8FAAAFEB5CFE5573/DB46D07518E0601FD0DDC184F6C4356C.jpeg', '1', '2995E89FB4A77E4FB5F56D4991C75850', '0'),
('FD0CC9E8A1F7AD0F3C4A7A58CFDA4D78', '2014-02-24 11:32:02', '', '../upload/fotos/FD0CC9E8A1F7AD0F3C4A7A58CFDA4D78/651BAA24CD1561BD61A561A2BF908689.jpeg', '1', '2995E89FB4A77E4FB5F56D4991C75850', '0'),
('2F730F6810A058B825AA2685BD77512D', '2014-02-24 11:33:44', 'Suite Master', '../upload/fotos/2F730F6810A058B825AA2685BD77512D/E1E3507A82662359B45CEFD756F8282D.jpeg', '1', '2995E89FB4A77E4FB5F56D4991C75850', '1'),
('FE565A25357CAA21AE2C5BA146D9C938', '2014-06-29 14:12:25', 'TEST', '../upload/fotos/FE565A25357CAA21AE2C5BA146D9C938/C34A338D400413302A9AC7536FBBAA35.jpeg', '1', 'BC5C0F3AC488544CE6B145A69D5CA268', '0'),
('478618FDCB2552045E5857C2BB68B092', '2014-06-11 16:34:47', 'Piscina', '../upload/fotos/478618FDCB2552045E5857C2BB68B092/B94C2BB40BE559A2D4CE930E501FB32E.jpeg', '1', 'BC5C0F3AC488544CE6B145A69D5CA268', '0'),
('8F04A54B5415653605F15D01881D16AE', '2014-06-11 16:44:44', 'Area social', '../upload/fotos/8F04A54B5415653605F15D01881D16AE/9F01DAA25151EF472145988F180C344B.jpeg', '0', 'BC5C0F3AC488544CE6B145A69D5CA268', '0'),
('52F997794C289ED1EA8E442A5C0D32E6', '2014-06-11 16:59:30', 'Sala de fitness', '../upload/fotos/52F997794C289ED1EA8E442A5C0D32E6/E9B2A0935060800073F6F36ADF07231E.jpeg', '0', 'BC5C0F3AC488544CE6B145A69D5CA268', '0'),
('868EE3E256002EFD2FB5DB66FD20C5DC', '2014-06-11 17:39:15', 'Sala de jogos', '../upload/fotos/868EE3E256002EFD2FB5DB66FD20C5DC/EA267B4781F38AD5DE3F615D83068CB3.jpeg', '0', 'BC5C0F3AC488544CE6B145A69D5CA268', '0'),
('1F4525D2C782E03FC7061CA10EB8FC59', '2014-06-11 18:00:03', 'Jardim frente ao mar', '../upload/fotos/1F4525D2C782E03FC7061CA10EB8FC59/DE8431404FD54EACCB3EA84F678C3916.jpeg', '0', 'BC5C0F3AC488544CE6B145A69D5CA268', '1'),
('E29CB242F21DB200E9E8CBF331F15839', '2014-06-11 17:45:55', 'Sala de estar', '../upload/fotos/E29CB242F21DB200E9E8CBF331F15839/85F00B610B2881D985D9709B51459F3F.jpeg', '0', 'BC5C0F3AC488544CE6B145A69D5CA268', '0'),
('BEF10B407B7589D90968474BBC766972', '2014-06-11 17:48:07', 'Entrada', '../upload/fotos/BEF10B407B7589D90968474BBC766972/3FA2707B82ED7589010E63077434F53B.jpeg', '0', 'BC5C0F3AC488544CE6B145A69D5CA268', '0'),
('689A1B8EA89A9CEBDD3D0C71026D1AC9', '2014-06-11 17:49:54', 'Jardim e piscina frente mar', '../upload/fotos/689A1B8EA89A9CEBDD3D0C71026D1AC9/972F9E9CC37D4A0F85FAC105594AB701.jpeg', '0', 'BC5C0F3AC488544CE6B145A69D5CA268', '0');

-- --------------------------------------------------------

--
-- Estrutura da tabela `galerias`
--

CREATE TABLE IF NOT EXISTS `galerias` (
  `CODGALERIA` char(32) NOT NULL DEFAULT '',
  `DTA` timestamp NOT NULL DEFAULT CURRENT_TIMESTAMP,
  `PORTUGUES` varchar(255) DEFAULT NULL,
  `INGLES` varchar(255) DEFAULT NULL,
  `ESPANHOL` varchar(255) DEFAULT NULL,
  `STATUS` char(1) DEFAULT NULL,
  `OWNER` char(32) DEFAULT NULL,
  `ORDEM` int(11) DEFAULT '0',
  `DESTAQUE` char(1) DEFAULT NULL,
  `CAPA` char(1) DEFAULT '0',
  PRIMARY KEY (`CODGALERIA`)
) ENGINE=MyISAM DEFAULT CHARSET=latin1;

--
-- Extraindo dados da tabela `galerias`
--

INSERT INTO `galerias` (`CODGALERIA`, `DTA`, `PORTUGUES`, `INGLES`, `ESPANHOL`, `STATUS`, `OWNER`, `ORDEM`, `DESTAQUE`, `CAPA`) VALUES
('5284B2CD9C79584F0895098F742BF373', '2013-12-12 14:08:48', 'Caf&eacute; da Manh&atilde;', 'Breakfast', 'Desayuno', '1', '2995E89FB4A77E4FB5F56D4991C75850', 2, '1', '1'),
('1DD08F386F6BCB51F2BBDE9A22DE84F4', '2013-12-12 17:23:09', 'Praia de B&uacute;zios', 'Buzios Beach', 'Playa B&uacute;zios', '1', '2995E89FB4A77E4FB5F56D4991C75850', 4, '1', '0'),
('0EB77D4239254819066B16036B03D12B', '2014-02-24 11:27:48', 'Acomoda&ccedil;&otilde;es', 'Rooms', 'Habitaciones', '1', '2995E89FB4A77E4FB5F56D4991C75850', 1, '1', '1'),
('790074CBAABE0EBF03FE82D39D479109', '2014-06-11 15:43:39', 'A Pousada', 'The Pousada', 'A Posada', '1', 'BC5C0F3AC488544CE6B145A69D5CA268', 3, '1', '0');

-- --------------------------------------------------------

--
-- Estrutura da tabela `galerias_rel_descricao`
--

CREATE TABLE IF NOT EXISTS `galerias_rel_descricao` (
  `CODGALERIA` char(32) NOT NULL DEFAULT '',
  `CODDESCRICAO` char(32) NOT NULL DEFAULT '',
  PRIMARY KEY (`CODGALERIA`,`CODDESCRICAO`)
) ENGINE=MyISAM DEFAULT CHARSET=latin1;

--
-- Extraindo dados da tabela `galerias_rel_descricao`
--

INSERT INTO `galerias_rel_descricao` (`CODGALERIA`, `CODDESCRICAO`) VALUES
('0EB77D4239254819066B16036B03D12B', 'FDB74B9A3CD989941415A3F3529A225C'),
('1DD08F386F6BCB51F2BBDE9A22DE84F4', 'BC0A213206248035B57A7ECF0164BE2B'),
('5284B2CD9C79584F0895098F742BF373', '24824D6CFEDA8773AA4CEA8FB0E18C87'),
('790074CBAABE0EBF03FE82D39D479109', 'C814B31D90C1BBEC1A2BCC240D67E1B4');

-- --------------------------------------------------------

--
-- Estrutura da tabela `galerias_rel_fotos`
--

CREATE TABLE IF NOT EXISTS `galerias_rel_fotos` (
  `CODGALERIA` char(32) NOT NULL DEFAULT '',
  `CODFOTO` char(32) NOT NULL DEFAULT '',
  PRIMARY KEY (`CODGALERIA`,`CODFOTO`)
) ENGINE=MyISAM DEFAULT CHARSET=latin1;

--
-- Extraindo dados da tabela `galerias_rel_fotos`
--

INSERT INTO `galerias_rel_fotos` (`CODGALERIA`, `CODFOTO`) VALUES
('0EB77D4239254819066B16036B03D12B', '15D01E6E74AFF15C8FAAAFEB5CFE5573'),
('0EB77D4239254819066B16036B03D12B', '2F730F6810A058B825AA2685BD77512D'),
('0EB77D4239254819066B16036B03D12B', 'FD0CC9E8A1F7AD0F3C4A7A58CFDA4D78'),
('1DD08F386F6BCB51F2BBDE9A22DE84F4', '352D92A5A70DE887D8F6E2F6736FBD41'),
('1DD08F386F6BCB51F2BBDE9A22DE84F4', '46205EA4F81540B09AE5C1C89EB4A8C1'),
('1DD08F386F6BCB51F2BBDE9A22DE84F4', '4C03969DAC640B41900A53DA0D929D09'),
('1DD08F386F6BCB51F2BBDE9A22DE84F4', '53CBBCFC47A4F9DCAEA9C3E503F7F895'),
('1DD08F386F6BCB51F2BBDE9A22DE84F4', 'B2ACA3914D1D4047581829D83E1DE85F'),
('1DD08F386F6BCB51F2BBDE9A22DE84F4', 'C0190C58E821A486D405E9F492089451'),
('1DD08F386F6BCB51F2BBDE9A22DE84F4', 'DD7F3439F70A557C10E4E99B2F628647'),
('5284B2CD9C79584F0895098F742BF373', '373A3F7315C4C64C980717AD449A8D63'),
('5284B2CD9C79584F0895098F742BF373', '7C42ADD92668D52907DA0D391DAD8FF2'),
('5284B2CD9C79584F0895098F742BF373', 'A3A499D4D12AAF9D89FF842FD5C89A51'),
('5284B2CD9C79584F0895098F742BF373', 'D5E87CC739941D5A6C8B2CA7BF7DB047'),
('5284B2CD9C79584F0895098F742BF373', 'E6984A2818A5C769327A617D85BA3558'),
('790074CBAABE0EBF03FE82D39D479109', '1F4525D2C782E03FC7061CA10EB8FC59'),
('790074CBAABE0EBF03FE82D39D479109', '478618FDCB2552045E5857C2BB68B092'),
('790074CBAABE0EBF03FE82D39D479109', '52F997794C289ED1EA8E442A5C0D32E6'),
('790074CBAABE0EBF03FE82D39D479109', '689A1B8EA89A9CEBDD3D0C71026D1AC9'),
('790074CBAABE0EBF03FE82D39D479109', '868EE3E256002EFD2FB5DB66FD20C5DC'),
('790074CBAABE0EBF03FE82D39D479109', '8F04A54B5415653605F15D01881D16AE'),
('790074CBAABE0EBF03FE82D39D479109', 'BEF10B407B7589D90968474BBC766972'),
('790074CBAABE0EBF03FE82D39D479109', 'E29CB242F21DB200E9E8CBF331F15839');

-- --------------------------------------------------------

--
-- Estrutura da tabela `guest`
--

CREATE TABLE IF NOT EXISTS `guest` (
  `CODGUEST` char(32) DEFAULT NULL,
  `NOME` varchar(70) DEFAULT NULL,
  `FAIXA_ETARIA` char(1) DEFAULT NULL
) ENGINE=MyISAM DEFAULT CHARSET=latin1;

-- --------------------------------------------------------

--
-- Estrutura da tabela `internacionalizacao`
--

CREATE TABLE IF NOT EXISTS `internacionalizacao` (
  `CODINTERNACIONALIZACAO` char(32) NOT NULL DEFAULT '',
  `NOM_LABEL` varchar(70) DEFAULT NULL,
  `INGLES` varchar(255) DEFAULT NULL,
  `PORTUGUES` varchar(255) DEFAULT NULL,
  `ESPANHOL` varchar(255) DEFAULT NULL,
  `STATUS` char(1) DEFAULT NULL,
  `OWNER` char(32) DEFAULT NULL,
  PRIMARY KEY (`CODINTERNACIONALIZACAO`)
) ENGINE=MyISAM DEFAULT CHARSET=latin1;

--
-- Extraindo dados da tabela `internacionalizacao`
--

INSERT INTO `internacionalizacao` (`CODINTERNACIONALIZACAO`, `NOM_LABEL`, `INGLES`, `PORTUGUES`, `ESPANHOL`, `STATUS`, `OWNER`) VALUES
('CC2EA618BF626A6174657213C90F75C7', 'LABEL_ADICIONAR', 'Add', 'Adicionar', 'Añadir', NULL, '2995E89FB4A77E4FB5F56D4991C75850'),
('53E6BD2861830E134D4012FCB2D1CAA0', 'LABEL_EDITAR', 'Edit', 'Editar', 'Editar', NULL, '2995E89FB4A77E4FB5F56D4991C75850'),
('F21514AB966827042282656F2F895D6C', 'LABEL_JS_NENHUM', 'No hay elementos seleccionados', 'Nenhum item selecionado', 'No items selected', NULL, '2995E89FB4A77E4FB5F56D4991C75850'),
('70EE2B5C6B47FDF070D376BBF234D48B', 'LABEL_JS_MAIS_DE_UM', 'More of a selected item', 'Mais de um item selecionado', 'Más de un elemento seleccionado', NULL, '2995E89FB4A77E4FB5F56D4991C75850'),
('58788B50881D00E0F42EC5726221238F', 'LABEL_JS_UPDATE', 'Really want to update this entry', 'Deseja atualizar realmente este registro', 'Realmente quiere actualizar esta entrada', NULL, '2995E89FB4A77E4FB5F56D4991C75850'),
('FE02D70BBF3B9371E5A758EECD69896F', 'ERRO_PREENCHER_TODOS_CAMPOS', 'Rellene todos los campos', 'Preencha todos os campos', 'Fill in all fields', NULL, '2995E89FB4A77E4FB5F56D4991C75850'),
('A363DBCAED68BFF6B7468C5A583F54A9', 'LABEL_ADD_SUCESSO_LABEL', 'Record successfully added', 'Registro adicionado com sucesso', 'Registro añadido correctamente', NULL, '2995E89FB4A77E4FB5F56D4991C75850'),
('803C94567590543231C87C53C0B2BC2A', 'LABEL_ADICIONAR_LABEL', 'Add Label', 'Adicionar Label', 'Añadir Etiqueta', NULL, '2995E89FB4A77E4FB5F56D4991C75850'),
('27D95035C9C4D190142CBA9BDEC4790B', 'LABEL_ENVIAR', 'Send', 'Enviar', 'Enviar', NULL, '2995E89FB4A77E4FB5F56D4991C75850'),
('F1B652FE5BD6CEEE9FEAD505BE4BB230', 'LABEL_PORTUGUES', 'Portuguese', 'Português', 'Portugués', NULL, '2995E89FB4A77E4FB5F56D4991C75850'),
('E8C33A0736278D392D936484780E103B', 'LABEL_ESPANHOL', 'Spanish', 'Espanhol', 'Español', NULL, '2995E89FB4A77E4FB5F56D4991C75850'),
('B89407842BC85E35A5C278D140F2A559', 'LABEL_INGLES', 'English', 'Inglês', 'Inglés', NULL, '2995E89FB4A77E4FB5F56D4991C75850'),
('661F58C8B0D28A090259762E00280E38', 'LABEL_CHAVE_UNICA', 'Unique key', 'Chave única', 'Clave única', NULL, '2995E89FB4A77E4FB5F56D4991C75850'),
('440C2AC153BD39B2F9F8F0BC12CD3BEC', 'LABEL_GERENCIAR_IDIOMAS', 'Manage Internationalization', 'Gerenciar Internacionalização', 'Gestione Internacionalización', NULL, '2995E89FB4A77E4FB5F56D4991C75850'),
('E7A3BCB358F1B0BE4DACE7BBA0CED7AF', 'LABEL_CRIADO_POR', 'Created by', 'Criado por', 'Creado por', NULL, '2995E89FB4A77E4FB5F56D4991C75850'),
('009091E8DBF0B6A11BE27046EF66174F', 'ERRO_CHAVE_JA_EXISTE', 'Provided key already exists', 'Chave fornecida já existe', 'Ya existe llave proporcionada', NULL, '2995E89FB4A77E4FB5F56D4991C75850'),
('452C96988B6B0F9C8D6B4000B023C3DE', 'LABEL_EDITAR_LABEL', 'Edit Label', 'Editar Label', 'Editar Etiquetas', NULL, '2995E89FB4A77E4FB5F56D4991C75850'),
('1A5E1EE44BD7D205E2B8090DF6B27A86', 'LABEL_EDIT_SUCESSO_LABEL', 'Record updated successfully', 'Registro atualizado com sucesso', 'Registro actualizado correctamente', NULL, '2995E89FB4A77E4FB5F56D4991C75850'),
('F2685CF516B0164C10745FA4B8B50E85', 'LABEL_VOLTAR', 'Go Back', 'Voltar', 'Volver', NULL, '2995E89FB4A77E4FB5F56D4991C75850'),
('F1D8A6D8834555685624130C438432B3', 'LABEL_USUARIOS', 'Users', 'Usuários', 'Usuarios', NULL, '2995E89FB4A77E4FB5F56D4991C75850'),
('24E1348FA39C157CB672456C06032AFE', 'LABEL_CADASTROS', 'Signups', 'Cadastros', 'Inscripciones', NULL, '2995E89FB4A77E4FB5F56D4991C75850'),
('1B47D270C60BFCF3311A53B290C9D548', 'LABEL_QUARTOS_TYPE', 'Accommodation Type and Rates', 'Tipo de Acomodação e Tarifas', 'Tipo de Alojamiento y Tarifas', NULL, '2995E89FB4A77E4FB5F56D4991C75850'),
('43566D2EF53EB94D800483A4CB76B3B6', 'LABEL_QUARTOS', 'Rooms', 'Acomodações', 'Habitaciones', NULL, '2995E89FB4A77E4FB5F56D4991C75850'),
('6082B57BFDC66329B283E8E8FCF7DED6', 'LABEL_EXTRAS', 'Extras', 'Extras', 'Extras', NULL, '2995E89FB4A77E4FB5F56D4991C75850'),
('56AAE79D240B377942D165CE41A8CED7', 'LABEL_DICAS', 'Tips', 'Dicas', 'Consejos', NULL, '2995E89FB4A77E4FB5F56D4991C75850'),
('A0349188E139029E39613EC2A0E0EB6A', 'LABEL_EVENTOS', 'Events', 'Eventos', 'Eventos', NULL, '2995E89FB4A77E4FB5F56D4991C75850'),
('3723A99BB50188FA22DACCCE639CEA35', 'LABEL_RESERVAS', 'Reservations', 'Reservas', 'Reservas', NULL, '2995E89FB4A77E4FB5F56D4991C75850'),
('5745E0218570C88F1644394010431E5E', 'LABEL_IDIOMAS', 'Internationalization', 'Internacionalização', 'Internacionalización', NULL, '2995E89FB4A77E4FB5F56D4991C75850'),
('297DC5ADFD6382464D0350F47C5249C8', 'LABEL_FALE_CONOSCO', 'Contact Us', 'Fale conosco', 'Contáctenos', NULL, '2995E89FB4A77E4FB5F56D4991C75850'),
('3E234CEC091DAF24974C483C2B023B16', 'LABEL_BANCO_IMAGE', 'Image Bank', 'Banco de Imagens', 'Banco de Imágenes', NULL, '2995E89FB4A77E4FB5F56D4991C75850'),
('93AD2727BDD98EABF35F52D85A24A8BC', 'LABEL_ALTERAR_SENHA', 'Change Password', 'Alterar Senha', 'Cambiar Contraseña', NULL, '2995E89FB4A77E4FB5F56D4991C75850'),
('C32E7972E69C905417DD7E8A5D76E94D', 'LABEL_SAIR', 'Exit', 'Sair', 'Dejar', NULL, '2995E89FB4A77E4FB5F56D4991C75850'),
('FC6B4EA738F264979DC5503500AA2CA4', 'LABEL_GERENCIAMENTO', 'Restricted Area', 'Área Restrita', 'Zona Prohibida', NULL, '2995E89FB4A77E4FB5F56D4991C75850'),
('246F525AB228AF63DCBF11543BA236C6', 'LABEL_LOGIN', 'Login', 'Login', 'Login', NULL, '2995E89FB4A77E4FB5F56D4991C75850'),
('F149BA2BED64C00627AE88506FC92153', 'LABEL_SENHA', 'Password', 'Senha', 'Contraseña', NULL, '2995E89FB4A77E4FB5F56D4991C75850'),
('7D1E002182AC832DC12BCF6FBE7486E8', 'LABEL_INFORM_LOGIN_SENHA', 'Enter your username and password', 'Informe seu Login e Senha', 'Introduzca su nombre de usuario y contraseña', NULL, '2995E89FB4A77E4FB5F56D4991C75850'),
('3CF727C909A9755EDF86DC35F5DF02EF', 'LABEL_LOGIN_SENHA_NAO_CAD', 'Login or password does not match', 'Login ou senha não confere', 'Usuario o contraseña no coinciden', NULL, '2995E89FB4A77E4FB5F56D4991C75850'),
('EDEBE5C7D1818A59206C0A2C7659B4BC', 'LABEL_SENHA_NAO_CONF', 'Password does not match', 'Senha não confere', 'Contraseña no coincide', NULL, '2995E89FB4A77E4FB5F56D4991C75850'),
('4F4E07B4256C8095EA26156C0E9F8B4A', 'LABEL_USER_DESATIVADO', 'User is disabled, please contact the administrator', 'Usuário desabilitado, entre em contato com o administrador', 'El usuario está desactivada, por favor póngase en contacto con el admi', NULL, '2995E89FB4A77E4FB5F56D4991C75850'),
('32D84CB79F2BF1418A539D00FAA4E38A', 'LABEL_ALO', 'Hello', 'Olá', '¡Hola', NULL, '2995E89FB4A77E4FB5F56D4991C75850'),
('D81F31F77EDFD187AA04317A71A4EB67', 'LABEL_DADOS_CONTA', 'Account data', 'Dados da conta', 'Datos de la cuenta', NULL, '2995E89FB4A77E4FB5F56D4991C75850'),
('C8DFCF9A63256747EB1D020EB3B7A81B', 'LABEL_NAME', 'Name', 'Nome', 'Nombre', NULL, '2995E89FB4A77E4FB5F56D4991C75850'),
('AB2FBC1C59B11A13B8234AE1E78947DE', 'LABEL_BEM_VINDO_1', 'If you are not', 'Caso você não seja', 'Si no está', NULL, '2995E89FB4A77E4FB5F56D4991C75850'),
('33C9C038D338F193E67EE4374CC38C1D', 'LABEL_BEM_VINDO_2', 'click here', 'clique aqui', 'haga clic aquí', NULL, '2995E89FB4A77E4FB5F56D4991C75850'),
('4B82E551EC911F71DC28CCE49F941548', 'LABEL_POR_FAVOR', 'please', 'por favor', 'complacer', NULL, '2995E89FB4A77E4FB5F56D4991C75850'),
('EAC40B7EADD2BF42FB46355DC255A74A', 'LABEL_BEM_VINDO_3', 'to exit this session', 'para sair desta sessão', 'para salir de la sesión', NULL, '2995E89FB4A77E4FB5F56D4991C75850'),
('B865A630B7CC615CEC773440FB939051', 'LABEL_DTA_CADASTRO', 'Registration date', 'Data cadastro', 'Fecha de Registro', NULL, '2995E89FB4A77E4FB5F56D4991C75850'),
('2FB20B7C9D2C229BE2C3F45B4116A859', 'LABEL_SITUACAO', 'Situation', 'Situação', 'Situación', NULL, '2995E89FB4A77E4FB5F56D4991C75850'),
('441EAE1754F6929A8D0343729F1B6AC2', 'LABEL_GERENCIAR_USUARIOS', 'Manage Users', 'Gerenciar Usuários', 'Administrar Usuarios', NULL, '2995E89FB4A77E4FB5F56D4991C75850'),
('0E94EC5D615F4687A30DF8166BE291BD', 'LABEL_ADD_USUARIO', 'Add User', 'Adicionar Usuário', 'Añadir usuario', NULL, '2995E89FB4A77E4FB5F56D4991C75850'),
('A0CEF9310660D0AA618794981780FBAB', 'LABEL_ADMINISTRADOR', 'Administrator', 'Administrador', 'Administrador', NULL, '2995E89FB4A77E4FB5F56D4991C75850'),
('13A351C30AEA79ABC3DB0D313078B68D', 'LABEL_GUEST', 'Visitor', 'Visitante', 'Visitante', NULL, '2995E89FB4A77E4FB5F56D4991C75850'),
('5B906249D1FCE59A5EC3B49742D24984', 'LABEL_ATIVO', '<img src="../image/CommentStarOn.gif" alt="" title="" border=""/>', '<img src="../image/CommentStarOn.gif" alt="" title="" border=""/>', '<img src="../image/CommentStarOn.gif" alt="" title="" border=""/>', NULL, '2995E89FB4A77E4FB5F56D4991C75850'),
('2960C516E5DC5CB1E41E5DD4D6DC0B75', 'LABEL_REPETIR_SENHA', 'Repeat password', 'Repetir senha', 'Repita su contraseña', NULL, '2995E89FB4A77E4FB5F56D4991C75850'),
('9A5BDADF52A3A6ECEA61AD7FD0F47870', 'LABEL_MASCULINO', 'Male', 'Masculino', 'Macho', NULL, '2995E89FB4A77E4FB5F56D4991C75850'),
('F3BE4F59610564D192FF984FB30C338A', 'LABEL_FEMININO', 'Female', 'Feminino', 'Feminino', NULL, '2995E89FB4A77E4FB5F56D4991C75850'),
('6DE2B371B9CE25A13841BA20A6C0053E', 'LABEL_SEXO', 'Sex', 'Sexo', 'Sexo', NULL, '2995E89FB4A77E4FB5F56D4991C75850'),
('D52FF4A1AFD03B04458FAE36EF1CD087', 'LABEL_SOBRENOME', 'Surname', 'Sobrenome', 'Apellido', NULL, '2995E89FB4A77E4FB5F56D4991C75850'),
('8FA022026216F2B2EB38052FF654A23A', 'ERRO_LOGIN_JA_EXISTE', 'Login already registered', 'Login já cadastrado', 'Ingresa ya registrado', NULL, '2995E89FB4A77E4FB5F56D4991C75850'),
('4237EF25D4AAC55D7075242712BDBC5F', 'ERRO_EMAIL_JA_EXISTE', 'Email already registered', 'E-mail já cadastrado', 'Email registrada', NULL, '2995E89FB4A77E4FB5F56D4991C75850'),
('7FAC09C15D99B19B7BF4EA15DA87B6DB', 'LABEL_GERENTE', 'Manager', 'Gerente', 'Gerente', NULL, '2995E89FB4A77E4FB5F56D4991C75850'),
('43E104A056DC36724DAFC8EFB8A62D75', 'LABEL_INATIVO', '<img src="../image/CommentStarOff.gif" alt="" title="" border=""/>', '<img src="../image/CommentStarOff.gif" alt="" title="" border=""/>', '<img src="../image/CommentStarOff.gif" alt="" title="" border=""/>', NULL, '2995E89FB4A77E4FB5F56D4991C75850'),
('AEC54971E83912765FFAE1D91FDB9195', 'LABEL_JS_REGISTRO', 'Record updated successfully', 'Registro atualizado com sucesso', 'Registro actualizado correctamente', NULL, '2995E89FB4A77E4FB5F56D4991C75850'),
('C20DE3C7702487A330A98A1701639905', 'ERRO_NOME_SEM_ESPACOS', 'Enter only the name without spaces', 'Insira apenas o nome sem espaços', 'Escriba sólo el nombre sin espacios', NULL, '2995E89FB4A77E4FB5F56D4991C75850'),
('DFF1CF6DD28584E18489688C8F1276D0', 'ERRO_SOBRENOME_SEM_ESPACOS', 'Enter only the last name without spaces', 'Insira apenas o sobrenome sem espaços', 'Introduzca solamente el apellido sin espacios', NULL, '2995E89FB4A77E4FB5F56D4991C75850'),
('293F0425B4203DE235DAC4DC1921D2CE', 'ERRO_LOGIN_OBRIGATORIO', 'Login required', 'Login requerido', 'Se requiere ingresar', NULL, '2995E89FB4A77E4FB5F56D4991C75850'),
('C0735B04C55E16B0C3F77758D1C4AAA8', 'ERRO_LOGIN_SEM_ESPACOS', 'Login can not contain spaces', 'Login não pode conter espaços', 'Login no puede contener espacios', NULL, '2995E89FB4A77E4FB5F56D4991C75850'),
('03F5D57AA2676CAC7C5D3A963571D9B0', 'ERRO_EMIAL_FORM_INVALIDO', 'Format Invalid email', 'Formato de e-mail inválido', 'Formato de correo electrónico no es válido', NULL, '2995E89FB4A77E4FB5F56D4991C75850'),
('FB57EBA492501DB91B04E31843AE8494', 'LABEL_EDITAR_USUARIO', 'Edit User', 'Editar Usuário', 'Editar Usuario', NULL, '2995E89FB4A77E4FB5F56D4991C75850'),
('459A8C475D09C621B780BC1FC943ED78', 'LABEL_DESEJA_UPDATE_PASSWORD', 'Reload this user password', 'Atualizar senha deste usuário', 'Actualizar esta contraseña de usuario', NULL, '2995E89FB4A77E4FB5F56D4991C75850'),
('AB01753622D4A88E1320781049ED52FF', 'LABEL_NAO', 'No', 'Não', 'No', NULL, '2995E89FB4A77E4FB5F56D4991C75850'),
('4D7BEF3FBB91CD15BEECDE849A28207A', 'LABEL_SIM', 'Yes', 'Sim', 'Sí', NULL, '2995E89FB4A77E4FB5F56D4991C75850'),
('DF3525FD5EC02B004486FA7CE333A1BD', 'LABEL_ULTIMA_ATUALIZACAO', 'Last updated', 'Última atualização', 'Última actualización', NULL, '2995E89FB4A77E4FB5F56D4991C75850'),
('CF64001D76099B3E5F0B03283AA38BF3', 'LABEL_SIGLA', 'Acronym', 'Sigla', 'Siglas', NULL, '2995E89FB4A77E4FB5F56D4991C75850'),
('6490D237D07040B0614B341CCB9628CD', 'LABEL_GER_QUARTOS_TIPOS', 'Manage Accommodation Type', 'Gerenciar Tipo de Acomodação', 'Gestione Tipo de Alojamiento', NULL, '2995E89FB4A77E4FB5F56D4991C75850'),
('256A3694E8BB40E49D0602F2EB8DEB94', 'LABEL_ADD_TIPO_QUARTO', 'Add Accommodation Type', 'Adicionar Tipo de Acomodação', 'Añadir Tipo de Alojamiento', NULL, '2995E89FB4A77E4FB5F56D4991C75850'),
('8F94B868D93D9E83C7B3471962BDC93E', 'LABEL_EDIT_QUATRO_TIPO', 'Edit Accommodation Type', 'Editar Tipo de Acomodação', 'Editar Tipo de Alojamiento', NULL, '2995E89FB4A77E4FB5F56D4991C75850'),
('289D7898DA88F7B91C086C22DB095FA8', 'LABEL_GER_QUARTOS', 'Manage Rooms', 'Gerenciar Quartos', 'Gestione Habitaciones', NULL, '2995E89FB4A77E4FB5F56D4991C75850'),
('342A7A1109F22C30873758651E0DC923', 'LABEL_TIPO', 'Type', 'Tipo', 'Tipo', NULL, '2995E89FB4A77E4FB5F56D4991C75850'),
('7B5476DBB92AAD53E0955DBB949D29DD', 'LABEL_ADD_QUARTO', 'Add Rooms', 'Adicionar Quartos', 'Añadir Habitaciones', NULL, '2995E89FB4A77E4FB5F56D4991C75850'),
('88731A6D05511FDEFF75C88FE285E38D', 'LABEL_DESCRICAO', 'Description', 'Descrição', 'Descripción', NULL, '2995E89FB4A77E4FB5F56D4991C75850'),
('68E61E16A70DCCEA8F02AA10B6621E0A', 'LABEL_LIST_FOTOS', 'Manage Photos', 'Gerenciar Fotos', 'Gestione Fotos', NULL, '2995E89FB4A77E4FB5F56D4991C75850'),
('97D0708EB6CA694E89A2E06D52A2F53B', 'LABEL_EDIT_QUARTO', 'Edit Room', 'Editar Quarto', 'Editar Habitación', NULL, '2995E89FB4A77E4FB5F56D4991C75850'),
('3E29A48BDA761A111E40B71025015642', 'LABEL_QUARTOS_DESC', 'Descripción de la Habitación', 'Descrição do Quarto', 'Room Description', NULL, '2995E89FB4A77E4FB5F56D4991C75850'),
('3126EA71E8A1760891B74001213FD9C6', 'LABEL_TITULO', 'Title', 'Título', 'Título', NULL, '2995E89FB4A77E4FB5F56D4991C75850'),
('6F540CC19A3806E2E790220BEB93BEFE', 'LABEL_LINK', 'Link', 'Link', 'Enlace', NULL, '2995E89FB4A77E4FB5F56D4991C75850'),
('F533FB26C19BD43CA13AC05807034801', 'LABAL_EXCLUIR', 'Borrar', 'Excluir', 'Delete', NULL, '2995E89FB4A77E4FB5F56D4991C75850'),
('78B3FE9AC4C1D0ECCDAC31181B7665AE', 'LABEL_ADD_FOTOS', 'Add Photos', 'Adicionar Fotos', 'Añadir fotos', NULL, '2995E89FB4A77E4FB5F56D4991C75850'),
('B2EF8DFCF921B26A81E40FE7F1F2871F', 'LABEL_IMAGEM', 'Image', 'Imagem', 'Imagen', NULL, '2995E89FB4A77E4FB5F56D4991C75850'),
('3F9B9A9A483FFA6334C136E464E128E9', 'LEBEL_SELECT_NEW_IMAGE', 'Select an image from a directory on your computer', 'Selecione uma imagem a partir de um diretório do seu computador', 'Seleccione una imagen de un directorio en el equipo', NULL, '2995E89FB4A77E4FB5F56D4991C75850'),
('990570F0DE65455C89A0FAA005DD1F60', 'LABEL_SELECT_NEW_IMAGE', 'Select an image from a directory on your computer', 'Selecione uma imagem a partir de um diretório do seu computador', 'Seleccione una imagen de un directorio en el equipo', NULL, '2995E89FB4A77E4FB5F56D4991C75850'),
('FACAB46AD8B83797DADE4344A9214922', 'LABEL_FORMATOS_SAO', 'Formats accepted are', 'Formatos aceitos são', 'Formatos aceptados son', NULL, '2995E89FB4A77E4FB5F56D4991C75850'),
('C560E58E3ED9DEAF88091FF75FC01823', 'LABEL_SELECT_IMAGE', 'Select an image', 'Selecione uma imagem', 'Seleccione una imagen', NULL, '2995E89FB4A77E4FB5F56D4991C75850'),
('32B03AAA48E3BA5745BC4A0AA1B24563', 'LABEL_FORMATOS_SAO_ESTES', 'Invalid image, try: ".bmp", ".gif", ".jpg", ".jpeg" e ".png"', 'Imagem inválida, tente: ".bmp", ".gif", ".jpg", ".jpeg" e ".png"', 'Invalid imagen, pruebe: ".bmp", ".gif", ".jpg", ".jpeg" e ".png"', NULL, '2995E89FB4A77E4FB5F56D4991C75850'),
('D295AD4923400F7888C576C2403F1155', 'LABET_ERRO_TITLE_LIMITE255', 'Title exceeds 255 characters', 'Título excede a 255 caracteres', 'Título supera los 255 caracteres', NULL, '2995E89FB4A77E4FB5F56D4991C75850'),
('D98C0F7DE3A9F8508117BFFCC9F9415A', 'LABEL_IMAGE_REQUERIDA', 'Image required', 'Imagem requerida', 'Imagen requiere', NULL, '2995E89FB4A77E4FB5F56D4991C75850'),
('B24F84BC0DBD8022D7D48E46C1C15472', 'LABAL_ICO_DEL', '<img src="../image/Cancel.gif" alt="" titule=""/>', '<img src="../image/Cancel.gif" alt="" titule=""/>', '<img src="../image/Cancel.gif" alt="" titule=""/>', NULL, '2995E89FB4A77E4FB5F56D4991C75850'),
('BFD8D109010801036F4C262F39B7FC75', 'LABEL_DESTAQUE', 'Featured', 'Destaque', 'Destacado', NULL, '2995E89FB4A77E4FB5F56D4991C75850'),
('1F9F295E97BD91E6F45A64B20321FB68', 'LABEL_ATIVO_TEXT', 'Active', 'Ativo', 'Activo', NULL, '2995E89FB4A77E4FB5F56D4991C75850'),
('E2C769BF608862E9CE2D94D330BCCB09', 'LABEL_EXTRAS_ADD', 'Add Extra Service', 'Adicionar Serviço Extra', 'Agregar servicio adicional', NULL, '2995E89FB4A77E4FB5F56D4991C75850'),
('391069398A80B167E2A1F5FA8582E86C', 'LABEL_GER_EXTRAS', 'Manage Service Extras', 'Gerenciar Serviços Extras', 'Gestione Servicio Extras', NULL, '2995E89FB4A77E4FB5F56D4991C75850'),
('2CB455CBCA8064F269CF8C3A82E0D13E', 'LABEL_ISPGTO', 'Rate', 'Tarifa', 'Tarifa', NULL, '2995E89FB4A77E4FB5F56D4991C75850'),
('3884F9BDEEB36444190A0451C014B398', 'LABEL_DISPONIVEL', 'Available', 'Disponível', 'Disponible', NULL, '2995E89FB4A77E4FB5F56D4991C75850'),
('4A6412F4A794ED5BDEBE9DB2202DB689', 'LABEL_VALOR', 'Value', 'Valor', 'Valor', NULL, '2995E89FB4A77E4FB5F56D4991C75850'),
('FC1D418C92E77F4E9357A3818C30F7BB', 'LABEL_EDIT_EXTRAS', 'Edit Extra Service', 'Editar Serviço Extra', 'Edición Extra Service', NULL, '2995E89FB4A77E4FB5F56D4991C75850'),
('494695E33327DCCC1CF173181754AD13', 'LABEL_NOM_QUARTO', 'Name of Room', 'Nome do Quarto', 'Nombre del Habitaciones', NULL, '2995E89FB4A77E4FB5F56D4991C75850'),
('47A2B5511E5B7EB15109FF915DE821E1', 'LABEL_NOM_SERV_EXTRA', 'Service Name', 'Nome do Serviço', 'Nombre del Servicio', NULL, '2995E89FB4A77E4FB5F56D4991C75850'),
('C8618AEEAD4B1398D59AC524C94B5DF5', 'LABEL_SENHA_NOVA', 'New password', 'Nova senha', 'Nueva contraseña', NULL, '2995E89FB4A77E4FB5F56D4991C75850'),
('6E5CEC99DC7C1F9EAFBAF04A775F82CC', 'LABEL_QUANTIDADE', 'Amount', 'Quantidade', 'Cantidad', NULL, '2995E89FB4A77E4FB5F56D4991C75850'),
('3052E9B22E25242C0DC2163D78190A25', 'LABEL_PACOTES', 'Packages', 'Pacotes', 'Paquetes', NULL, '2995E89FB4A77E4FB5F56D4991C75850'),
('0977FDC9541E8D92314AC72056A5D0FB', 'LABEL_GER_PACOTES', 'Manage Packages', 'Gerenciar Pacotes', 'Administrar Paquetes', NULL, '2995E89FB4A77E4FB5F56D4991C75850'),
('D7DFF391617FFA7DD694A11BE9A152EA', 'LABEL_PACOTES_ADD', 'Add Packages', 'Adicionar Pacotes', 'Agregar Paquetes', NULL, '2995E89FB4A77E4FB5F56D4991C75850'),
('F8CE09E79BC2B5F5B4E5061DBAE785F1', 'LABEL_BAIXA_TEMPORADA', 'Low Season', 'Baixa Temporada', 'Baja Temporada', NULL, '2995E89FB4A77E4FB5F56D4991C75850'),
('E9AECA3978538B21566A8C113EC7AA55', 'LABEL_VALOR_DE', 'of', 'de', 'de', NULL, '2995E89FB4A77E4FB5F56D4991C75850'),
('CDD94AE765858D7323968226F0894E2F', 'LABEL_VALOR_PARA', 'to', 'para', 'a', NULL, '2995E89FB4A77E4FB5F56D4991C75850'),
('88611CE858B2563C50F25DCEA27DFE10', 'LABEL_VALOR_PROM_PACOTES', 'Value Promotion Package', 'Valor da Promoção do Pacote', 'Paquete Promoción Valor', NULL, '2995E89FB4A77E4FB5F56D4991C75850'),
('6C824DC4CBBB5E4D36F73C9A77E5388A', 'LABEL_PACOTES_EDIT', 'Edit Package', 'Editar Pacote', 'Editar Paquete', NULL, '2995E89FB4A77E4FB5F56D4991C75850'),
('52D95C7DB0A09CD8F842AEF91E1F8C27', 'LABEL_NOM_PACOTE', 'Package Name', 'Nome do Pacote', 'Nombre del Paquete', NULL, '2995E89FB4A77E4FB5F56D4991C75850'),
('02D8B1A67B2757687134C0C4700589F4', 'LABEL_PACOTE_DESC', 'Description Package', 'Descrição do Pacote', 'Descripción del Paquete', NULL, '2995E89FB4A77E4FB5F56D4991C75850'),
('8901B2B3F607FD5D997D0C88137E127F', 'LABEL_DATAS', 'Dates', 'Datas', 'Fechas', NULL, '2995E89FB4A77E4FB5F56D4991C75850'),
('7C9B723F3FD414D101C2A2D60DE5D798', 'LABEL_PACOTE_DATAS', 'Dates Package', 'Datas do Pacote', 'Fechas del Paquete', NULL, '2995E89FB4A77E4FB5F56D4991C75850'),
('0321E7645AE60B5341E47EDC7B0B68E1', 'LABEL_DTA_INICIO', 'Start date', 'Data inicial', 'Fecha de inicio', NULL, '2995E89FB4A77E4FB5F56D4991C75850'),
('CF6D7668C9178D2BAF6BFFDB7251F610', 'LABEL_DTA_FIM', 'End date', 'Data final', 'Fecha de finalización', NULL, '2995E89FB4A77E4FB5F56D4991C75850'),
('C0A54B804988A2BFB7FD381B838A8630', 'LABEL_DIA_INVALIDO', 'Day invalid date', 'Dia de data inválido', 'Fecha no válida Día', NULL, '2995E89FB4A77E4FB5F56D4991C75850'),
('C9042B013160852AF5775F34405205BB', 'LABEL_MES_INVALIDO', 'Month Invalid date', 'Mês de data inválido', 'Fecha no válida Mes', NULL, '2995E89FB4A77E4FB5F56D4991C75850'),
('FC4E61FA4572DF823147263A41348861', 'LABEL_ANO_INVALIDO', 'Year invalid date, enter the 4-digit', 'Ano de data inválido, forneça com 4 dígitos', 'Año fecha no válida, introduzca los 4 dígitos', NULL, '2995E89FB4A77E4FB5F56D4991C75850'),
('0508F4CCFAF05CA962468CE54768CF37', 'LABEL_DTA_CORRETAMENTE', 'Provide date corretemente', 'Forneça data corretemente', 'Proporcionar fecha corretemente', NULL, '2995E89FB4A77E4FB5F56D4991C75850'),
('C111D8B9281FFA7D62D06624533C7BB6', 'LABEL_DATAS_IGUAIS', 'Dates equal', 'Datas iguais', 'Fechas iguales', NULL, '2995E89FB4A77E4FB5F56D4991C75850'),
('47BE89EDBCA8DCA194D01E5C8289646B', 'LABEL_LISTA_DATAS', 'List of Dates Package', 'Lista das Datas do Pacote', 'Lista de fechas del paquete', NULL, '2995E89FB4A77E4FB5F56D4991C75850'),
('AB0F4F3DAAAAAD0AADE81B6733498ED4', 'LABEL_GER_DICAS', 'Manage Tips', 'Gerenciar Dicas', 'Gestione Consejos', NULL, '2995E89FB4A77E4FB5F56D4991C75850'),
('CCE806EBA5290069A519AA2518801F43', 'LABEL_DICAS_ADD', 'Add Tip', 'Adicionar Dica', 'Añadir Consejo', NULL, '2995E89FB4A77E4FB5F56D4991C75850'),
('54CC59E5520884F615A7EDC1024BFC24', 'LABEL_ORDEM', 'Order', 'Ordem', 'Orden', NULL, '2995E89FB4A77E4FB5F56D4991C75850'),
('345E450C952E5F7C000D8E07F0E4A87D', 'LABEL_DICAS_EDIT', 'Edit Tip', 'Editar Dica', 'Editar Consejo', NULL, '2995E89FB4A77E4FB5F56D4991C75850'),
('73F9D70B07A4DEC2DF6133EAADB215CD', 'LABEL_DICAS_DESC', 'Description Tip', 'Descrição da Dica', 'Descripción Tip', NULL, '2995E89FB4A77E4FB5F56D4991C75850'),
('81B00986D2C7BBD1D21271A83DC66FAA', 'LABEL_NOM_DICA', 'Title of Tip', 'Título da Dica', 'Título del Consejo', NULL, '2995E89FB4A77E4FB5F56D4991C75850'),
('4F7289B0B66CCCD65640FC240392E0AF', 'LABEL_DICAS_MENU', 'Tips', 'Dicas', 'Consejos', NULL, '2995E89FB4A77E4FB5F56D4991C75850'),
('F8BD0891A8EEB7DFA648C4A6EE71317B', 'LABEL_DEL_IMAGE', 'Picture successfully excluded', 'Imagem excluida com sucesso', 'Picture excluido con éxito', NULL, '2995E89FB4A77E4FB5F56D4991C75850'),
('8A90167E48CED1BFD4A12CE5C08224F6', 'LABEL_TERMOS', 'Terms and Services', 'Termos e Serviços', 'Términos y Servicios', NULL, '2995E89FB4A77E4FB5F56D4991C75850'),
('D9A2FDCD5528C5D53868DAEFA4F23408', 'LABEL_GER_TERMOS_SERVICO', 'Manage Terms and Services', 'Gerenciar Termos e Serviços', 'Gestione Términos y Servicios', NULL, '2995E89FB4A77E4FB5F56D4991C75850'),
('1456121A68B2F7CDBC1A773631DD34BB', 'LABEL_CARROSSEL', 'Carousel Images', 'Carrossel de Imagens', 'Imágenes del Carrusel', NULL, '2995E89FB4A77E4FB5F56D4991C75850'),
('F3AE6CD7982E4DA5025B1EDC8A8FC087', 'LABEL_POUZADA', 'A beachfront hotel in Geribá - Búzios.', 'Uma pousada nas areias de Geribá - Búzios.', 'Una posada en las arenas de Geribá - Búzios.', NULL, '2995E89FB4A77E4FB5F56D4991C75850'),
('AB89843744054B481E13343183DE5642', 'LABEL_RESERVE', 'BOOKING', 'RESERVE', 'RESERVA', NULL, '2995E89FB4A77E4FB5F56D4991C75850'),
('026711AA44B7CE487DF4563FA31DDB87', 'LABEL_SEU_QUARTO', 'YOUR ROOM', 'SEU QUARTO', 'TU HABITACIÓN', NULL, '2995E89FB4A77E4FB5F56D4991C75850'),
('7191730285C19104BA7BA819CB61DF34', 'LABEL_MENU_ADMINISTRATIVO', 'Menu Administrative', 'Menu Administrativo', 'Menú Administrativo', NULL, '2995E89FB4A77E4FB5F56D4991C75850'),
('62A93F7F0B332B196F934E7599217B42', 'LABEL_BUSCAR', 'Search ...', 'Pesquisar ...', 'Buscar...', NULL, '2995E89FB4A77E4FB5F56D4991C75850'),
('36D5104FD229EC21A9CB5F5AFA835488', 'LABEL_GER_EVENTOS', 'Manage Events and Promotions', 'Gerenciar Eventos e Promoções', 'Gestión de Eventos y Promociones', NULL, '2995E89FB4A77E4FB5F56D4991C75850'),
('665D12A596B75B15A5EE8E2A57925E57', 'LABEL_EVENTOS_ADD', 'Add Event or Promotion', 'Adicionar Evento ou Promoção', 'Añadir Evento o Promoción', NULL, '2995E89FB4A77E4FB5F56D4991C75850'),
('EABFF55E8D8ACCB005BB563C807C63A1', 'LABEL_NOM_EVENTO', 'Event Name or Promotion', 'Nome do Evento ou Promoção', 'Nombre del Evento o Promoción', NULL, '2995E89FB4A77E4FB5F56D4991C75850'),
('B4CA98A6A1E5848E379161F62F268B71', 'LABEL_EVENTOS_DESC', 'Description of Event or Promotion', 'Descrição do Evento ou Promoção', 'Descripción del Evento o Promoción', NULL, '2995E89FB4A77E4FB5F56D4991C75850'),
('99E6EA5BBCB7D38916E6046A9682D2CD', 'LABEL_SIZE_750x370', 'Ideal size for the banner: 750px (x) 370px.', 'Tamanho ideal para o banner: 750px (x) 370px .', 'Tamaño ideal para el banner: 750px (x) 370px.', NULL, '2995E89FB4A77E4FB5F56D4991C75850'),
('8D732281238C26AF08690325EC6B120E', 'LABEL_EVENTO', 'Event and Promotions', 'Evento e Promoções', 'Eventos y Promociones', NULL, '2995E89FB4A77E4FB5F56D4991C75850'),
('BCC27CDCF87F75D3B678C56CD87E8EC6', 'LABEL_EVENTO_LIST', 'List of Events and Promotions', 'Lista de Eventos e Promoções', 'Lista de Eventos e Promoções', NULL, '2995E89FB4A77E4FB5F56D4991C75850'),
('25951D0E98469E68E2965BEF030F9B8A', 'LABEL_MAIS_EVENTOS', 'More Events and Promotions', 'Mais Eventos e Promoções', 'Más Eventos y Promociones', NULL, '2995E89FB4A77E4FB5F56D4991C75850'),
('E75561A07FC27B5E97D746DCE3759A8E', 'LABEL_CHEGADA', 'Check-in', 'Chegada', 'Entrada', NULL, '2995E89FB4A77E4FB5F56D4991C75850'),
('9B864B663BFED5F27AED4558012F53FD', 'LABEL_SAIDA_FORM', 'Check-out', 'Saída', 'Salida', NULL, '2995E89FB4A77E4FB5F56D4991C75850'),
('726208FD505BAC99525EEBAA4B8A89E3', 'LABEL_ACOMODACOES', 'Accommodations', 'Acomodações', 'Alojamientos', NULL, '2995E89FB4A77E4FB5F56D4991C75850'),
('D34EEAA2FCFCD70A91DFEC67983D5979', 'LABEL_NO_HOTEL', 'In the hostel there', 'Na pousada há', 'En el albergue hay', NULL, '2995E89FB4A77E4FB5F56D4991C75850'),
('4B785D9342524FFA569E4DFD24C251F4', 'LABEL_PESSOAS', 'People', 'Pessoas', 'Personas', NULL, '2995E89FB4A77E4FB5F56D4991C75850'),
('A10A2BD64410A4B9BC87D6786A4518C3', 'LABEL_BERCOS', 'Crib', 'Berço', 'Cuna', NULL, '2995E89FB4A77E4FB5F56D4991C75850'),
('F06FBCB792B69857F9F36CB357EDEE15', 'LABEL_ADULTOS', 'Adults', 'Adultos', 'Adultos', NULL, '2995E89FB4A77E4FB5F56D4991C75850'),
('8F1D8203573A62A3FEA99AF75B36DFDA', 'LABEL_CRIANCAS', 'Children', 'Crianças', 'Niños', NULL, '2995E89FB4A77E4FB5F56D4991C75850'),
('871A08C3D6DB8A03B74709550FCFB650', 'LABEL_CRIANCAS_5ANOS', 'Child up to 5 years', 'Criança até 5 anos', 'Niño hasta 5 años', NULL, '2995E89FB4A77E4FB5F56D4991C75850'),
('5FF94A788961228960FA33AA702F63C4', 'LABEL_CRIANCAS_6A12', '6 to 12 years', '6 a 12 anos', '6 to 12 years', NULL, '2995E89FB4A77E4FB5F56D4991C75850'),
('D82C0B8961E95BF601E694E04BDD0CCD', 'LABEL_CRIANCAS_ACIMA12', 'Over 12 years', 'Acima de 12 anos', 'Mayores de 12 años', NULL, '2995E89FB4A77E4FB5F56D4991C75850'),
('01652F869DE78AF592F53ED7752D675A', 'LABEL_ERRO_CRIANCA', 'Number of children incompatible with the reservation request', 'Número de crianças imcompatível com a solicitação da reserva', 'Número de niños incompatible con la solicitud de reserva', NULL, '2995E89FB4A77E4FB5F56D4991C75850'),
('FF2CE6AEE1018B8D50BE7DF23E85F85D', 'LABEL_DTA_IGUAIS', 'Dates are not valid for booking', 'As datas não são válidas para reserva', 'Las fechas no son válidos para reservas', NULL, '2995E89FB4A77E4FB5F56D4991C75850'),
('52214997C602399DCA61BF9A0BBA7AE2', 'LABEL_FORMULACAO_INVALIDA', 'Invalid formulation of booking', 'Formulação inválida da reserva', 'Invalid formulación de la reserva', NULL, '2995E89FB4A77E4FB5F56D4991C75850'),
('ECEEBBA6D878F32173D720B5EE24FA88', 'LABEL_DIARIA', 'Daily Rate', 'Diária', 'Precio Diario', NULL, '2995E89FB4A77E4FB5F56D4991C75850'),
('4239EAD49759B679931B3420C3F86F02', 'LABEL_VERIFICAR_RESERVA', 'Checking Your disponibilidade', 'Verificar disponibilidade', 'Comprobación de la disponibilidade', NULL, '2995E89FB4A77E4FB5F56D4991C75850'),
('403DCE82A6E11B83F9BFBFE350BED2EA', 'LABEL_CLIQUEAQUI', 'Click here', 'Clique aqui', 'Clique aqui', NULL, '2995E89FB4A77E4FB5F56D4991C75850'),
('AB7F01B8544B2730A4A5A91ABB97840B', 'LABEL_VALOR_TOTAL', 'Total', 'Total', 'Total', NULL, '2995E89FB4A77E4FB5F56D4991C75850'),
('B23A3A3A375FF37B18405FBFDB6F3B3A', 'LABEL_FAZER_RESERVA', 'Book', 'Reservar', 'Reservar', NULL, '2995E89FB4A77E4FB5F56D4991C75850'),
('A265040C714492305D8DD281C509401D', 'LABEL_MELHORES_PRECOS', 'Best Rates Guaranteed', 'Melhores taxas garantidas', 'Mejor Precio Garantizado', NULL, '2995E89FB4A77E4FB5F56D4991C75850'),
('2A752836303E74289264E81F7994528E', 'LABEL_BEM_VINDOA', 'Welcome to the', 'Bem-vindo à', '¡Bienvenido a la', NULL, '2995E89FB4A77E4FB5F56D4991C75850'),
('7A1F7BB0B70F67373206B5F08DDBA9D8', 'LABEL_POUSADA_MARAVISTA', 'Pousada Maravista', 'Pousada Maravista', 'Posada Maravista', NULL, '2995E89FB4A77E4FB5F56D4991C75850'),
('D9A2E281F6F796492D1FAF9CA72EDD54', 'LABEL_DOMINGO', 'Sunday', 'Domingo', 'Domingo', NULL, '2995E89FB4A77E4FB5F56D4991C75850'),
('32BE14626D7B40B3ED6FC7BE6DDC1B0B', 'LABEL_SEGUNDA', 'Monday', 'Segunda', 'Lunes', NULL, '2995E89FB4A77E4FB5F56D4991C75850'),
('32D476FA5526402DF3385E7CE6814489', 'LABEL_TERCA', 'Tuesday', 'Terça', 'Martes', NULL, '2995E89FB4A77E4FB5F56D4991C75850'),
('4F430FE949B46D923EBB03C8819EDB2B', 'LABEL_QUARTA', 'Wednesday', 'Quarta', 'Miércoles', NULL, '2995E89FB4A77E4FB5F56D4991C75850'),
('AF728941988EF7BDB34697D914B39139', 'LABEL_QUINTA', 'Thursday', 'Quinta', 'Jueves', NULL, '2995E89FB4A77E4FB5F56D4991C75850'),
('1CFD8DA14C1AEBBF5CC1E899782E0A2A', 'LABEL_SEXTA', 'Friday', 'Sexta', 'Viernes', NULL, '2995E89FB4A77E4FB5F56D4991C75850'),
('236B4B453D227D8D287DA3074CC207C7', 'LABEL_SABADO', 'Saturday', 'Sábado', 'Saturday', NULL, '2995E89FB4A77E4FB5F56D4991C75850'),
('1CFEFF8BF9AD235C1F5117DE8FFF48FA', 'LABEL_D1', 'S', 'D', 'D', NULL, '2995E89FB4A77E4FB5F56D4991C75850'),
('66C02D3121B90EA3A0366C596B0A84AB', 'LABEL_D2', 'M', 'S', 'L', NULL, '2995E89FB4A77E4FB5F56D4991C75850'),
('DAD295BC45271C96BB79A531779D1136', 'LABEL_D3', 'T', 'T', 'M', NULL, '2995E89FB4A77E4FB5F56D4991C75850'),
('D769F6FF1E278A8C065B32676D51D1D7', 'LABEL_D4', 'W', 'Q', 'M', NULL, '2995E89FB4A77E4FB5F56D4991C75850'),
('A626AABEA037B62FEE96C49E2045253D', 'LABEL_D5', 'T', 'Q', 'J', NULL, '2995E89FB4A77E4FB5F56D4991C75850'),
('40708EE10D5E7912A0CE5AA12FFCCE0A', 'LABEL_D6', 'F', 'S', 'V', NULL, '2995E89FB4A77E4FB5F56D4991C75850'),
('9C698F61276F8F9E3D488D0FFC6C7BAF', 'LABEL_D7', 'S', 'S', 'S', NULL, '2995E89FB4A77E4FB5F56D4991C75850'),
('D4E9FC7166C96632542AE9DFDFB9658E', 'LABEL_DOM', 'Sun', 'Dom', 'Dom', NULL, '2995E89FB4A77E4FB5F56D4991C75850'),
('67D45016CACE62C584DE22AB231EA5F5', 'LABEL_SEG', 'Mon', 'Seg', 'Lun', NULL, '2995E89FB4A77E4FB5F56D4991C75850'),
('1DD616AAAD70FE75CECCF97349A038F7', 'LABEL_TER', 'Tue', 'Ter', 'Mar', NULL, '2995E89FB4A77E4FB5F56D4991C75850'),
('A1CD74D5DB144164FEBD9E30870807B2', 'LABEL_QUA', 'Wed', 'Qua', 'Mié', NULL, '2995E89FB4A77E4FB5F56D4991C75850'),
('2E38361B2DA7695DF515120EF93200AE', 'LABEL_QUI', 'Thu', 'Qui', 'Jue', NULL, '2995E89FB4A77E4FB5F56D4991C75850'),
('D1AF83635BD940E4E4925D362334AA48', 'LABEL_SEX', 'Fri', 'Sex', 'Vie', NULL, '2995E89FB4A77E4FB5F56D4991C75850'),
('656F89BFF92204C0DB17529866FAC04C', 'LABEL_SAB', 'Sat', 'Sáb', 'Sáb', NULL, '2995E89FB4A77E4FB5F56D4991C75850'),
('CL2EA618BF626A6174657213C90F75C7', 'LABEL_JUL', 'Jul', 'Jul', 'Jul', NULL, '2995E89FB4A77E4FB5F56D4991C75850'),
('CJ2EA618BF626A6174657213C90F75C7', 'LABEL_JUN', 'Jun', 'Jun', 'Jun', NULL, '2995E89FB4A77E4FB5F56D4991C75850'),
('CI2EA618BF626A6174657213C90F75C7', 'LABEL_MAI', 'May', 'Mai', 'May', NULL, '2995E89FB4A77E4FB5F56D4991C75850'),
('CH2EA618BF626A6174657213C90F75C7', 'LABEL_ABR', 'Apr', 'Abr', 'Abr', NULL, '2995E89FB4A77E4FB5F56D4991C75850'),
('CG2EA618BF626A6174657213C90F75C7', 'LABEL_MAR', 'Mar', 'Mar', 'Mar', NULL, '2995E89FB4A77E4FB5F56D4991C75850'),
('CF2EA618BF626A6174657213C90F75C7', 'LABEL_FEV', 'Feb', 'Fev', 'Feb', NULL, '2995E89FB4A77E4FB5F56D4991C75850'),
('CE2EA618BF626A6174657213C90F75C7', 'LABEL_JAN', 'Jan', 'Jan', 'Ene', NULL, '2995E89FB4A77E4FB5F56D4991C75850'),
('CD2EA618BF626A6174657213C90F75C7', 'LABEL_DEZEMBRO', 'December', 'Dezembro', 'Diciembre', NULL, '2995E89FB4A77E4FB5F56D4991C75850'),
('CB2EA618BF626A6174657213C90F75C7', 'LABEL_NOVEMBRO', 'November', 'Novembro', 'Noviembre', NULL, '2995E89FB4A77E4FB5F56D4991C75850'),
('CA2EA618BF626A6174657213C90F75C7', 'LABEL_OUTUBRO', 'October', 'Outubro', 'Octubre', NULL, '2995E89FB4A77E4FB5F56D4991C75850'),
('C92EA618BF626A6174657213C90F75C7', 'LABEL_SETEMBRO', 'September', 'Setembro', 'Septiembre', NULL, '2995E89FB4A77E4FB5F56D4991C75850'),
('C82EA618BF626A6174657213C90F75C7', 'LABEL_AGOSTO', 'August', 'Agosto', 'Agosto', NULL, '2995E89FB4A77E4FB5F56D4991C75850'),
('C72EA618BF626A6174657213C90F75C7', 'LABEL_JULHO', 'July', 'Julho', 'Julio', NULL, '2995E89FB4A77E4FB5F56D4991C75850'),
('C62EA618BF626A6174657213C90F75C7', 'LABEL_JUNHO', 'June', 'Junho', 'Junio', NULL, '2995E89FB4A77E4FB5F56D4991C75850'),
('C52EA618BF626A6174657213C90F75C7', 'LABEL_MAIO', 'May', 'Maio', 'Mayo', NULL, '2995E89FB4A77E4FB5F56D4991C75850'),
('C42EA618BF626A6174657213C90F75C7', 'LABEL_ABRIL', 'April', 'Abril', 'Abril', NULL, '2995E89FB4A77E4FB5F56D4991C75850'),
('C32EA618BF626A6174657213C90F75C7', 'LABEL_MARCO', 'March', 'Mar&ccedil;o', 'Marzo', NULL, '2995E89FB4A77E4FB5F56D4991C75850'),
('C22EA618BF626A6174657213C90F75C7', 'LABEL_FEVEREIRO', 'February', 'Fevereiro', 'Febrero', NULL, '2995E89FB4A77E4FB5F56D4991C75850'),
('C12EA618BF626A6174657213C90F75C7', 'LABEL_JANEIRO', 'January', 'Janeiro', 'Enero', NULL, '2995E89FB4A77E4FB5F56D4991C75850'),
('C12EA618B1626A6174657213C90F75C7', 'LABEL_NEXT', 'Pr&oacute;ximo', 'Pr&oacute;ximo', 'Next', NULL, '2995E89FB4A77E4FB5F56D4991C75850'),
('C22EA618B2626A6174657213C90F75C7', 'LABEL_PREVIOUS', 'Anterior', 'Anterior', 'Previous', NULL, '2995E89FB4A77E4FB5F56D4991C75850'),
('CM2EA618BF626A6174657213C90F75C7', 'LABEL_AGO', 'Aug', 'Ago', 'Ago', NULL, '2995E89FB4A77E4FB5F56D4991C75850'),
('CN2EA618BF626A6174657213C90F75C7', 'LABEL_SET', 'Sep', 'Set', 'Sep', NULL, '2995E89FB4A77E4FB5F56D4991C75850'),
('CO2EA618BF626A6174657213C90F75C7', 'LABEL_OUT', 'Oct', 'Out', 'Oct', NULL, '2995E89FB4A77E4FB5F56D4991C75850'),
('CP2EA618BF626A6174657213C90F75C7', 'LABEL_NOV', 'Nov', 'Nov', 'Nov', NULL, '2995E89FB4A77E4FB5F56D4991C75850'),
('CQ2EA618BF626A6174657213C90F75C7', 'LABEL_DEZ', 'Dec', 'Dez', 'Dic', NULL, '2995E89FB4A77E4FB5F56D4991C75850'),
('3423CE5372EF2225B4DC95AFC930FEBB', 'LABEL_NAO_INFORMADO', 'uninformed', 'não informado', 'no informado', NULL, '2995E89FB4A77E4FB5F56D4991C75850'),
('B6C864D8C3F07C5013FBE653F5ACA08C', 'LABEL_FALHA_REQUISICAO', 'A failure occurred on this reservation request, please try again later', 'Ocorreu uma falha na requisição desta reserva, por favor tente mais tarde', 'Se produjo un error en esta solicitud de reserva, por favor intente de nuevo más tarde', NULL, '2995E89FB4A77E4FB5F56D4991C75850'),
('29DD3A3040EE6647AB966397620E2875', 'LABEL_ADULTOS_EXCEDENTES', 'Excess Adults', 'Adultos Excedentes', 'Adultos Excedentes', NULL, '2995E89FB4A77E4FB5F56D4991C75850'),
('913058E2B22C4B818C7A5C2144CFB5FA', 'LABEL_ADULTOS_EXCEDENTES_VALOR', 'Adult Surplus 30%', 'Adulto Excedente 30%', 'Adulto Excedente 30%', NULL, '2995E89FB4A77E4FB5F56D4991C75850'),
('99334BB187CFA5E735E9B2EF3F2D7204', 'LABEL_OK', 'Ok', 'Ok', 'Ok', NULL, '2995E89FB4A77E4FB5F56D4991C75850'),
('277C6E9F5737EB58BC79D13DE61B8F06', 'LABEL_CONTATO', 'Contact', 'Contato', 'Contato', NULL, '2995E89FB4A77E4FB5F56D4991C75850'),
('D054B0A521496ED1E4A8B71A2C0D2049', 'LABEL_PROMOCOES', 'Deals', 'Promoções', 'Ofertas', NULL, '2995E89FB4A77E4FB5F56D4991C75850'),
('8E3F3C0E0DF360D684E426DB1BE49A14', 'LABEL_APOUSADA', 'The Pousada', 'A Pousada', 'La Posada', NULL, '2995E89FB4A77E4FB5F56D4991C75850'),
('8F10F14D471CD4108FE1FE72E2EC30E1', 'LABEL_PROGRAMESE', 'Set up', 'Programe-se', 'Establecer', NULL, '2995E89FB4A77E4FB5F56D4991C75850'),
('F19FC859AE3C263FC488D7177F3B1632', 'LABEL_TARIFASERESERVAS', 'Rates and reservations', 'Tarifas e reservas', 'Precios y reservas', NULL, '2995E89FB4A77E4FB5F56D4991C75850'),
('640F7EF21DFB654D381578ACE3D793EC', 'LABEL_LOCALIZACAO', 'Location', 'Localização', 'Ubicación', NULL, '2995E89FB4A77E4FB5F56D4991C75850'),
('0ABF20C4FB9C6360BAE6FFF0942A71F4', 'LABEL_EXCEDENTES', 'excess', 'Excedentes', 'Excedente', NULL, '2995E89FB4A77E4FB5F56D4991C75850'),
('46CCCEABF2B757E53C89FC863E37304F', 'LABEL_PROXIMO', 'Next', 'Próximo', 'siguiente', NULL, '2995E89FB4A77E4FB5F56D4991C75850'),
('3A171E310942EBBC5123862113B90FD9', 'LABEL_HOME_SUBTITULO', 'Relax and unwind in the sands of Geribá.', 'Relaxe à beira-mar de Geribá', 'Relájese en las arenas de Geribá.', NULL, '2995E89FB4A77E4FB5F56D4991C75850'),
('8EFCB94BB9CF1B23A27A59F434D57C0F', 'LABEL_TIPO_QUARTO_DESC', 'Description Accommodation Type', 'Descrição do Tipo de Acomodação', 'Tipo Descripción Alojamiento', NULL, '2995E89FB4A77E4FB5F56D4991C75850'),
('7CE686D3ED4B1CF1F1E9D248A262203E', 'LABEL_ACOMODACAO', 'Accommodation', 'Acomodação', 'Alojamiento', NULL, '2995E89FB4A77E4FB5F56D4991C75850'),
('842F373AC440BCC84C497C02D7D042F6', 'LABEL_CONTINUACAO', 'Next Step', 'Próximo passo', 'Siguiente Paso', NULL, '2995E89FB4A77E4FB5F56D4991C75850'),
('5C06915C341E2B740A9C5D3C8FA8BD78', 'LABEL_VER_ACOMODACOES', 'See more photos', 'Ver mais fotos', 'Ver más fotos', NULL, '2995E89FB4A77E4FB5F56D4991C75850'),
('B11F2F1CE3BA5E47093E33BC0094C5C9', 'LABEL_GER_FALECONOSCO', 'Gerenciar Fale Know', 'Gerenciar Fale Conosco', 'Gerenciar Fale Sabe', NULL, '2995E89FB4A77E4FB5F56D4991C75850'),
('EFE1BC03E2B55CC3E0BB30D15EB48049', 'LABEL_GER_FALECONOSCO_ADD', 'Add Contact Us', 'Adicionar Fale Conosco', 'Añadir Contacto', NULL, '2995E89FB4A77E4FB5F56D4991C75850'),
('AB1124E7937453F4C9288BECF2674AB1', 'LABEL_GER_FALECONOSCO_EDIT', 'Editor Fale know', 'Editar Fale Conosco', 'Editor Fale sabe', NULL, '2995E89FB4A77E4FB5F56D4991C75850'),
('35BEB80A7B9EAA7388F83AC65859E567', 'LABEL_DEPARTAMENTO', 'Department', 'Departamento', 'Departamento', NULL, '2995E89FB4A77E4FB5F56D4991C75850'),
('A736B74F0F79D86F9D943A1C5FC600FC', 'LABEL_EMAIL', 'E-mail', 'E-mail', 'E-mail', NULL, '2995E89FB4A77E4FB5F56D4991C75850'),
('E60DE98BA97D5A23F542C282AC420259', 'LABEL_RESERVE_UM', 'Book a', 'Reserve um', 'Reservar una', NULL, '2995E89FB4A77E4FB5F56D4991C75850'),
('6103C921AB2EBE884FA56C75204F3841', 'LABEL_1_QUARTO', 'Room', 'Quarto', 'Habitación', NULL, '2995E89FB4A77E4FB5F56D4991C75850'),
('25693438DEEA562984A335169096DF76', 'LABEL_ENTRE_CONTATO', 'Contact [55] [22] <strong> 2623-2130 </ strong>', 'Entre em contato [55] [22] <strong>2623-2130</strong>', 'Contacto [55] [22] <strong> 2623-2130 </ strong>', NULL, '2995E89FB4A77E4FB5F56D4991C75850'),
('AF57B1A8122E3190702CBA879D0CBE55', 'LABEL_TEL', '+55 22 2623-2130', '+55 22 2623-2130', '+55 22 2623-2130', NULL, '2995E89FB4A77E4FB5F56D4991C75850'),
('0B6F54C4ED4777BD2CDAB5B26C68CEA7', 'LABEL_FAX', '+55 22 2623-2130', '+55 22 2623-2130', '+55 22 2623-2130', NULL, '2995E89FB4A77E4FB5F56D4991C75850'),
('FB78B79B01A47098E208BCE27C5733E5', 'LABEL_EMAIL_FOOTER', 'pousada@maravista.com.br', 'pousada@maravista.com.br', 'pousada@maravista.com.br', NULL, '2995E89FB4A77E4FB5F56D4991C75850'),
('FD7A19934E925DF68591026885F5BE46', 'LABEL_RODAPE', 'footer', 'Rodapé', 'Pie de Página', NULL, '2995E89FB4A77E4FB5F56D4991C75850'),
('0B3646EDFAA67DF7C7919BD19EF554FE', 'LABEL_GALERIA', 'Gallery', 'Galeria', 'Galería', NULL, '2995E89FB4A77E4FB5F56D4991C75850'),
('AE96F602E76C7E71403BADDD56B87D1A', 'LABEL_GER_GALERIA', 'Manage Galleries', 'Gerenciar Galerias', 'Gestione Galerías', NULL, '2995E89FB4A77E4FB5F56D4991C75850'),
('60F85091C85A55C4121BB1E6D3047BB3', 'LABEL_GALERIA_ADD', 'Add Gallery', 'Adicionar Galeria', 'Añadir Gallery', NULL, '2995E89FB4A77E4FB5F56D4991C75850'),
('18CF231BB725ED21EFA2F1172A3C340E', 'LABEL_GALERIA_EDIT', 'Edit Gallery', 'Editar Galeria', 'Editar Galería', NULL, '2995E89FB4A77E4FB5F56D4991C75850'),
('88DF742CD2C7555C20C9527762720039', 'LABEL_NOM_GALERIA', 'Name of Gallery', 'Nome da Galeria', 'Nombre de la Galería', NULL, '2995E89FB4A77E4FB5F56D4991C75850'),
('5B0637FFE43D628C15850E52DE30202E', 'LABEL_GALERIA_DESC', 'Description Gallery', 'Descrição da Galeria', 'Descripción Galería', NULL, '2995E89FB4A77E4FB5F56D4991C75850'),
('1E4B68BAD74EE27BE3E192A0C560400E', 'LABEL_EVENTOS_EDIT', 'Edit Event or Promotion', 'Editar Evento ou Promoção', 'Editar Evento o Promoción', NULL, '2995E89FB4A77E4FB5F56D4991C75850'),
('2735D0234ADDB432F04E384C52BF4DCC', 'LABEL_MAISINFO', 'More info', 'Mais Informações', 'Más información', NULL, '2995E89FB4A77E4FB5F56D4991C75850'),
('6177B623D78D9091691F341E4C868020', 'LABEL_ESC_ACOMODACOES', 'Choosing Accommodations', 'Escolher Acomodações', 'Alojamiento Elegir', NULL, '2995E89FB4A77E4FB5F56D4991C75850'),
('BA3B047A7653AD6AF1F99626B71BDC74', 'LABEL_NOSSAS_ACOMODACOES', 'Our Accommodations', 'Nossas Acomodações', 'Nuestros Alojamientos', NULL, '2995E89FB4A77E4FB5F56D4991C75850'),
('FB0D6C012674E96C35F034E8F5D2E109', 'LABEL_ONDEFICA', 'Our Location', 'Onde Estamos', 'Dónde Estamos', NULL, '2995E89FB4A77E4FB5F56D4991C75850'),
('00871464C0CEAAD25BFF3E55075490B5', 'LABEL_RESP_RESERVA', 'Responsible for Booking', 'Responsável pela Reserva', 'Responsable de La Reserva', NULL, '2995E89FB4A77E4FB5F56D4991C75850'),
('922B610B2D40711A6EA4F6CE56C02601', 'LABEL_NOME_EMPRESA', 'Name or company', 'Nome ou empresa', 'Nombre o empresa', NULL, '2995E89FB4A77E4FB5F56D4991C75850'),
('90C32B686D252933583A7230750E4777', 'LABEL_FONE_CEL', 'Phone or mobile', 'Telefone ou celular', 'Teléfono o móvil', NULL, '2995E89FB4A77E4FB5F56D4991C75850'),
('6CF2CDE70CB2AF7D942175217DCAFA66', 'LABEL_DECL_TERMOS', 'I certify that I know the Terms and Services  of this establishment.', 'Declaro que conheço os Termos e Serviços deste estabelecimento.', 'Certifico que conozco las Términos y Servicios  de este estableci.', NULL, '2995E89FB4A77E4FB5F56D4991C75850'),
('DB902E282EF16F7FE51ED761D77AFAE5', 'LABEL_PREENCHA_CAMPOS', '* Please complete all fields!', '* Preencha todos os campos!', '* Por favor, complete todos los campos!', NULL, '2995E89FB4A77E4FB5F56D4991C75850'),
('66ACCC53BC07CC573ACB128D353A41F4', 'LABEL_VERIF_CAMPO', 'Please check the field:', 'Por favor, verifique o campo:', 'Por favor, compruebe el campo:', NULL, '2995E89FB4A77E4FB5F56D4991C75850'),
('F2038F139126890A50B2595978CFD4EC', 'LABEL_HOSPEDES', 'Guests and Accommodation', 'Hóspedes e Acomodações', 'Hóspedes e Acomodações', NULL, '2995E89FB4A77E4FB5F56D4991C75850'),
('51EA48FD3A4477E412915D45BB44152A', 'LABEL_LEIA_MAIS', 'Read more', 'Leia mais', 'Leer más', NULL, '2995E89FB4A77E4FB5F56D4991C75850'),
('951CE9F32C724494FED0FF6C92A7DAC5', 'LABEL_FORMA_PGTO', 'Payment', 'Forma de Pagamento', 'Pago', NULL, '2995E89FB4A77E4FB5F56D4991C75850'),
('DE5905D844102AD8D28BF11CA3056E41', 'LABEL_DEPOSITO', 'Deposit account', 'Depósito em conta corrente', 'Cuenta de depósitos', NULL, '2995E89FB4A77E4FB5F56D4991C75850'),
('833E9B830146248C11A1B5FAE98F2972', 'LABEL_CARTAO_CREDITO', 'Credit Card', 'Cartão de crédito', 'Tarjeta de Crédito', NULL, '2995E89FB4A77E4FB5F56D4991C75850'),
('284719DCCFAA317610FAE139F141BD62', 'LABEL_ADULTO', 'Adult', 'Adulto', 'Adulto', NULL, '2995E89FB4A77E4FB5F56D4991C75850'),
('5939E3CEBB92FF3E786E397AC025E68D', 'LABEL_CRIANCAS_5ANOS_2', 'Children up to 5 years', 'Criança de até 5 anos', 'Los niños de hasta 5 años', NULL, '2995E89FB4A77E4FB5F56D4991C75850'),
('CBB280A8CDBCA412EFB65FC46D715AA2', 'LABEL_CRIANCAS_6A12_2', 'Children between 6 and 12 years', 'Criança entre 6 e 12 anos', 'Los niños entre 6 y 12 años', NULL, '2995E89FB4A77E4FB5F56D4991C75850'),
('9D46462EFF9BD48D80342C5AB806CD77', 'LABEL_CRIANCAS_ACIMA12_2', 'Children over 12 years', 'Criança acima de 12 anos', 'Los niños mayores de 12 años', NULL, '2995E89FB4A77E4FB5F56D4991C75850'),
('104ACF57578594099CB277CA64D24204', 'LABEL_DIAS', 'Nights', 'Noites', 'Noches', NULL, '2995E89FB4A77E4FB5F56D4991C75850'),
('DE016DE80CDDAE26664C9C44F11F80F0', 'LABEL_TOTAL', 'Total', 'Total', 'Total', NULL, '2995E89FB4A77E4FB5F56D4991C75850'),
('CCAACDEA8C8B377004F0EAB42F52921E', 'LABEL_SOLICITACOES', 'Comments / Requests', 'Observações / Solicitações', 'Comentarios / Solicitudes', NULL, '2995E89FB4A77E4FB5F56D4991C75850'),
('FA50F00A1A654B8E7439CBE06247709D', 'LABEL_ATENCAO', 'Caution!', 'Atenção!', 'Atención!', NULL, '2995E89FB4A77E4FB5F56D4991C75850'),
('F473C987F8DDC937BCA0D87CC4396A52', 'LABEL_DIFF_SOLICITACAO', '* Number of guests of different request!', '* Número de hospedes diferente da solicitação!', '* Número de personas de diversa petición!', NULL, '2995E89FB4A77E4FB5F56D4991C75850'),
('49B44FA75862663045ACE387F5FAFB15', 'LABEL_PERSON', 'person(s)', 'pessoa(s)', 'persona(s)', NULL, '2995E89FB4A77E4FB5F56D4991C75850'),
('06289C32DDC1AF80920FEE6793B546A3', 'LABEL_BOOKING', 'Booking for', 'Reserva para', 'Reserva para', NULL, '2995E89FB4A77E4FB5F56D4991C75850'),
('1D9F2E92C0A895CB0B233F26C18A506C', 'LABEL_ACRESCIMO', 'accrued % by', '% de acrécimo por', 'devengados al % en', NULL, ''),
('DBE554BAFC107A537D90463C93D9E707', 'LABEL_CRIANCAS_5ANOS_2_CORTESIA', 'Children up to 5 years and 1 complimentary', 'Criança de até 5 anos sendo 1 cortesia', 'Los niños menores de 5 años y 1 de cortesía', NULL, '2995E89FB4A77E4FB5F56D4991C75850'),
('1424980D3C43964F46AA4E5EAD7B2D9F', 'LABEL_RESERVAS_PRE', 'Pre-reservation', 'Pré-reserva', 'Pre-reserva', NULL, '2995E89FB4A77E4FB5F56D4991C75850'),
('DC68C719475BA99DAF47A197ADF6AC71', 'LABEL_SINAL_1', 'To guarantee your reservation will be charged at your credit card only 50% (', 'Para garantir sua reserva será tarifado no seu cartão de crédito apenas 50% (', 'Para asegurar su reserva se cargará a su tarjeta de crédito sólo 50% (', NULL, '2995E89FB4A77E4FB5F56D4991C75850'),
('4B2082664D222B402D4245896FA1914B', 'LABEL_SINAL_2', ') of the total. The rest should be paid at check out.', ') do total. O restante deverá ser pago no check out.', ') del total. El resto debe ser pagado a la salida.', NULL, '2995E89FB4A77E4FB5F56D4991C75850'),
('73F49A6247036CA84D9B340283FDB2A0', 'VALOR_TOTAL', 'Total', 'Total', 'Total', NULL, '2995E89FB4A77E4FB5F56D4991C75850'),
('8EFE721CD7A4852C51C29F32D2CB9C38', 'LABEL_RESPS_AUTOMATICA', 'Auto Answer', 'Resposta automática', 'Respuesta automática', NULL, '2995E89FB4A77E4FB5F56D4991C75850'),
('649EA26572F1060357CCEA949E2737DD', 'LABEL_CENTRAL_EMAILS', 'Emails Central', 'Central de Emails', 'Emails Centrales', NULL, '2995E89FB4A77E4FB5F56D4991C75850'),
('8D20D5047AD6907696D5DA8B223FAE4C', 'LABEL_CENTRAL_EMAILS_GER', 'Central Manage Emails', 'Gerenciar Central de Emails', 'Gestionar Emails Centrales', NULL, '2995E89FB4A77E4FB5F56D4991C75850'),
('15A4E30DEEB9A045219F0FA330B189F5', 'LABEL_ADD_EMAIL', 'Add Email', 'Adicionar Email', 'Añadir Email', NULL, '2995E89FB4A77E4FB5F56D4991C75850'),
('BD750751C5703BDFC1FD6149899EF19E', 'LABEL_EDIT_EMAIL', 'Edit Email', 'Editar Email', 'Editar Email', NULL, '2995E89FB4A77E4FB5F56D4991C75850'),
('576D6BDE0E1745DF66377B366F6CB752', 'LABEL_EMAILS_DESC', 'Description Email', 'Descrição do Email', 'Descripción Email', NULL, '2995E89FB4A77E4FB5F56D4991C75850'),
('F7CDD44E7CFC2AF3BA30DC2819977063', 'LABEL_ESC_ACOMODACAO', 'Choosing Accommodation', 'Escolher Acomodação', 'Alojamiento Elegir', NULL, '2995E89FB4A77E4FB5F56D4991C75850'),
('3E2682C4D50F5031C8BCA6910D43F6C4', 'LABEL_PRE_RESERV_CONFIRM', 'Pre confirmed booking', 'Pré-reserva confirmada', 'Pre reserva confirmada', NULL, '2995E89FB4A77E4FB5F56D4991C75850'),
('8260892B91E758CF4DB374A3CCB96670', 'LABEL_CONFIRM_PGTO', 'Upon confirmation of payment', 'Após a confirmação do pagamento', 'Una vez confirmado el pago', NULL, '2995E89FB4A77E4FB5F56D4991C75850'),
('4CABA3F483CB9C6D197EBEED193F9B05', 'LABEL_VOUCHER', '50% of the total amount, we will send the voucher of your booking to your email registration on our', 'de 50% do valor total, enviaremos o voucher de sua reserva para seu e-mail de cadastro em nosso site', '50% del importe total, le enviaremos el comprobante de su reserva a su registro de correo electrónic', NULL, '2995E89FB4A77E4FB5F56D4991C75850'),
('09A8E5D655A3C9A89ED38814C5FECF9D', 'LABEL_COMPROVANTE', 'Please send proof of deposit to <b>reserva@maravista.com.br.</b>', 'Favor enviar o comprovante de depósito para <b>reserva@maravista.com.br.</b>', 'Por favor, envíe comprobante de depósito a <b>reserva@maravista.com.br.</b>', NULL, '2995E89FB4A77E4FB5F56D4991C75850'),
('F9197EEF0E64CCE8AC8FC699663908CF', 'LABEL_DUVIDAS', 'For questions or clarifications, please contact us via e-mail', 'Para dúvidas ou esclarecimentos, entre em contato conosco através do e-mail', 'Si tiene preguntas o aclaraciones, por favor póngase en contacto con nosotros vía e-mail', NULL, '2995E89FB4A77E4FB5F56D4991C75850'),
('B1DD826EA8A47C0350DC2B29DF7200F6', 'LABEL_DUVIDAS2', '<b class="_email">pousada@maravista.com.br</b> or telephone <b  class="_tel">+55 22 2623-2130</b>.', '<b class="_email">pousada@maravista.com.br</b> ou do telefone <b class="_tel">+55 22 2623-2130</b>.', '<b class="_email">pousada@maravista.com.br</b> o teléfono <b class="_tel">+55 22 2623-2130</b>.', NULL, '2995E89FB4A77E4FB5F56D4991C75850'),
('57118E491BEE26AA4145668D1F059EB6', 'LABEL_GER_RESERVAS', 'Manage Reservations', 'Gerenciar Reservas', 'Administrar Reservaciones', NULL, '2995E89FB4A77E4FB5F56D4991C75850'),
('38D4984C7FEEC87FE785A3B6A67AF772', 'LABEL_VISUALIZAR', 'Visualize', 'Visualizar', 'Visualizar', NULL, '2995E89FB4A77E4FB5F56D4991C75850'),
('0794CBC5C7F567DF79D04D723B74BC1E', 'LABEL_RESERVA_CONFIRMADA', 'Confirmed booking', 'Reserva confirmada', 'Reserva confirmada', NULL, '2995E89FB4A77E4FB5F56D4991C75850'),
('32A40A5DB1E3F1A9498C59F65956312D', 'LABEL_RESERVA_CANCELADA', 'Reservation canceled', 'Reserva cancelada', 'Reserva cancelada', NULL, '2995E89FB4A77E4FB5F56D4991C75850');
INSERT INTO `internacionalizacao` (`CODINTERNACIONALIZACAO`, `NOM_LABEL`, `INGLES`, `PORTUGUES`, `ESPANHOL`, `STATUS`, `OWNER`) VALUES
('A537D893E104BCCE98AAEB092A47379A', 'LABEL_ESCOLHER_QUARTO', 'Choosing room', 'Escolher quarto', 'Elija habitación', NULL, '2995E89FB4A77E4FB5F56D4991C75850'),
('5DBAFC579E851C4F29318206C717F605', 'LABEL_ESC', 'Choose', 'Escolher', 'Elegir', NULL, '2995E89FB4A77E4FB5F56D4991C75850'),
('46CA708E44096ED39FACACE483B42EB9', 'LABEL_RESERVAS_EXTERNAS', 'External Reserves', 'Reservas Externas', 'Reservas Externas', NULL, '2995E89FB4A77E4FB5F56D4991C75850'),
('CC5E2F4E21CD162D759811A024C9B716', 'LABEL_GERENCIAR_RESERVAS_EXTERNAS', 'Manage External Reserves', 'Gerenciar Reservas Externas', 'Administrar Las Reservas Exteriores', NULL, '2995E89FB4A77E4FB5F56D4991C75850'),
('2CC3401973A0AA330EC49902BFD6F3FB', 'LABEL_ADD_RESERVA_EXTERNA', 'Add External Book', 'Adicionar Reserva Externa', 'Añadir Reserva Externa', NULL, '2995E89FB4A77E4FB5F56D4991C75850'),
('198FD27D3203C3E271768EDD576D251F', 'LABEL_INDISPONIVEL', 'There are no rooms available for these dates', 'Não há quartos disponíveis para estas datas', 'No hay habitaciones disponibles para estas fechas', NULL, '2995E89FB4A77E4FB5F56D4991C75850'),
('7735BEFA3318A34C7C9428B588084F41', 'LABEL_EVENTOSECASAMENTOS', 'Events and Weddings', 'Eventos e casamentos', 'Eventos y Matrimonios', NULL, '2995E89FB4A77E4FB5F56D4991C75850'),
('0CE8BD97EBE0B6BD4A52CE28C49934A1', 'LABEL_FACILIDADESESERVICOES', 'Service and Entertainment', 'Serviços e lazer', 'Servicios y entretenimiento', NULL, '2995E89FB4A77E4FB5F56D4991C75850'),
('B49BE0157F7E41B5A399030BF673F176', 'LABEL_TARIFASEPROMOCOES', 'Rates and promotions', 'Tarifas e promoções', 'Tarifas y promociones', NULL, '2995E89FB4A77E4FB5F56D4991C75850'),
('5D93A18DF31E62A0E152BC25F790A5A6', 'LABEL_GER_LOCALIZACAO', 'Manage Location', 'Gerenciar Localização', 'Gestione Ubicación', NULL, '2995E89FB4A77E4FB5F56D4991C75850'),
('C6CF717F797594A71F867B92F86A9FD9', 'LABEL_FALECONOSCO', 'Contact Us', 'Fale conosco', 'Contáctenos', NULL, '2995E89FB4A77E4FB5F56D4991C75850'),
('43B1AC6C32C11365DD2A391674EC32BC', 'LABEL_SIGANOS', 'Follow us', 'Siga-nos', 'Síguenos', NULL, '2995E89FB4A77E4FB5F56D4991C75850'),
('FEA15154DDFD22A3680B5DDB84A9245C', 'LABEL_QUEMSOMOS', 'About Us', 'Quem somos', 'Quem somos', NULL, '2995E89FB4A77E4FB5F56D4991C75850'),
('97CD9AFF5F53230F4A91D2AA98ED0927', 'LABEL_NOFACEBOOK', 'on Facebook', 'no Facebook', 'en facebook', NULL, '2995E89FB4A77E4FB5F56D4991C75850'),
('EFC7317379DC621FB79DB0F488774115', 'LABEL_SAIBAMAIS', 'Learn more', 'Saiba mais', 'Aprender más', NULL, '2995E89FB4A77E4FB5F56D4991C75850'),
('331955D85764BB38C5DF9C5DADB3F4CA', 'LABEL_COMOCHEGAR', 'How to get there?', 'Como chegar?', '¿Cómo llegar?', NULL, '2995E89FB4A77E4FB5F56D4991C75850'),
('04FD4AF961712EA1A03FFA5F198F0179', 'LABEL_ABEIRAMAREMGERIBA', 'Seaside Inn in Geribá, in Buzios', 'Pousada à beira-mar na praia de Geribá, em Búzios', 'Seaside Inn Geribá, en Buzios', NULL, '2995E89FB4A77E4FB5F56D4991C75850'),
('CBEB8E9EE223CF3000694C4CB20D99AE', 'LABEL_FACILIDADESE', 'Facilities and', 'Facilidades e', 'Instalaciones y', NULL, '2995E89FB4A77E4FB5F56D4991C75850'),
('6A048949EAB5CAC1C97A3FEB8E9479D9', 'LABEL_SERVICOS', 'Services', 'Serviços', 'Servicio', NULL, '2995E89FB4A77E4FB5F56D4991C75850'),
('D8C981BB4204FFAFD56AF884617F1AFD', 'LABEL_MOMENTOSINESQUECIVEIS', 'unforgettable moments', 'Momentos inesquecíveis', 'momentos inolvidables', NULL, '2995E89FB4A77E4FB5F56D4991C75850'),
('995A4CB3A459F787A6B2EEF553C99E75', 'LABEL_CAFEDAMANHA', 'Breakfast', 'Café da manhã', 'Desayuno', NULL, '2995E89FB4A77E4FB5F56D4991C75850'),
('F6A0191949B8874E4D9AD19131AD5C95', 'LABEL_PARAMAISINFO', 'For more information', 'Para mais informações', 'Para obtener más información', NULL, '2995E89FB4A77E4FB5F56D4991C75850'),
('18594F7B54352C06AC370DA1810DC780', 'LABEL_EVENTO_CASA', 'Events and Weddings', 'Eventos e casamentos', 'Eventos y Matrimonios', NULL, '2995E89FB4A77E4FB5F56D4991C75850'),
('4BE83976D1B6ABAD0BA53318AC8BDB56', 'LABEL_JANTAR', 'Dinner', 'Jantar', 'Cena', NULL, '2995E89FB4A77E4FB5F56D4991C75850'),
('1103A939B200A5E891F25BE2454FE5C6', 'LABEL_RESTAURANTE', 'Restaurant', 'Restaurante', 'Restaurante', NULL, '2995E89FB4A77E4FB5F56D4991C75850'),
('07B28E8B42C53DFAFE7042435B628458', 'LABEL_RELACIONAR', 'Link', 'Relacionar', 'Relacionar', NULL, '2995E89FB4A77E4FB5F56D4991C75850'),
('626D48557106FEE422A9248EA3C7187D', 'LABEL_ALTA_TEMPORADA', 'High Season', 'Alta Temporada', 'Alta Temporada', NULL, '2995E89FB4A77E4FB5F56D4991C75850'),
('1BEE95E24567D10A639D41E5BCD980A4', 'LABEL_NOITE', 'night', 'noite', 'noche', NULL, '2995E89FB4A77E4FB5F56D4991C75850'),
('97B312136DE5F246CE2BAAB843C603F9', 'LABEL_NOITES', 'nights', 'noites', 'noches', NULL, '2995E89FB4A77E4FB5F56D4991C75850'),
('D3F6345D8A5E1F8969247A6202DB6178', 'LABEL_TARIFAS', 'Rates', 'Tarifas', 'Tarifas', NULL, '2995E89FB4A77E4FB5F56D4991C75850'),
('8D3CB552600F91A767612D6E683FA1CF', 'LABEL_PACOTE_PROMOCIONAL', 'Pacote Promotional', 'Pacote Promocional', 'Pacote Promocional', NULL, '2995E89FB4A77E4FB5F56D4991C75850'),
('D478B22634AE9AA5E8EE5F9110708904', 'LABEL_MAIS', 'More', 'Mais', 'Más', NULL, '2995E89FB4A77E4FB5F56D4991C75850'),
('803902F09B8AE3DF08B20C2CB7E95C2E', 'LABEL_TERMO_SERVICO_CARTOES', 'Cancellation of Reservations with Card please see our', 'Para cancelamento de Reservas com Cartões favor veja os nossos', 'La cancelación de reservas con tarjeta, por favor consulte nuestra', NULL, '2995E89FB4A77E4FB5F56D4991C75850'),
('4DE7ED4ED627761465ABB0B388A85FF8', 'LABEL_DEBITO', 'Debt', 'Débito', 'Tarjeta de Débito', NULL, '2995E89FB4A77E4FB5F56D4991C75850'),
('837D4A6524BBDCA6F470D114153CAC0F', 'LABEL_CREDITO_AVISTA', 'Credit in full', 'Crédito à Vista', 'Credito pago al contado', NULL, '2995E89FB4A77E4FB5F56D4991C75850'),
('2EDFB955DB8B3B2CC420EF103A1B65FD', 'LABEL_DTA_VENCIMENTO', 'Expiry Date', 'Data de vencimento', 'Fecha de caducidad', NULL, '2995E89FB4A77E4FB5F56D4991C75850'),
('1F908D513183D963B52A79004F7D3851', 'LABEL_COD_SEGURANCA', 'Security Code', 'Código de segurança', 'Código de Seguridad', NULL, '2995E89FB4A77E4FB5F56D4991C75850'),
('F94F31A0136E4975E751D2CCFD7462B2', 'LABEL_NUMBER_CARD', 'Number of credit or debit card', 'Número do cartão de crédito ou débito', 'Número de la tarjeta de crédito o débito', NULL, '2995E89FB4A77E4FB5F56D4991C75850'),
('CE5459595940CEEACB3993496C0013BC', 'CARTAO_00', 'Authorized transaction', 'Transação autorizada', 'Transacción autorizada', NULL, '2995E89FB4A77E4FB5F56D4991C75850'),
('8D37F0D2C3DAF7D6D795ECE5E678A8E1', 'CARTAO_01', 'Transaction referred by issuer', 'Transação referida pelo emissor', 'Transacción referida por el emisor', NULL, '2995E89FB4A77E4FB5F56D4991C75850'),
('01E883F6760102D50362C323D3C4460D', 'CARTAO_04', 'Card restriction', 'Cartão com restrição', 'Tarjeta con restricción', NULL, '2995E89FB4A77E4FB5F56D4991C75850'),
('3EFA04C024B29754BC9BEA68F426FEB3', 'CARTAO_05', 'Unauthorized transaction', 'Transação não autorizada', 'Transacción no autorizada', NULL, '2995E89FB4A77E4FB5F56D4991C75850'),
('42804EA0977214231224549E77FB5B89', 'CARTAO_06', 'Try again', 'Tente novamente', 'Inténtalo otra vez', NULL, '2995E89FB4A77E4FB5F56D4991C75850'),
('5EABCD9811D0DF9DC9D979650CE1515B', 'CARTAO_07', 'Card restriction', 'Cartão com restrição', 'Tarjeta con restricción', NULL, '2995E89FB4A77E4FB5F56D4991C75850'),
('D043B86360034B0941AFDFB79956B372', 'CARTAO_12', 'Invalid transaction', 'Transação inválida', 'Transacción inválida', NULL, '2995E89FB4A77E4FB5F56D4991C75850'),
('DF797F20C56F12FBA96E107581ACE18A', 'CARTAO_13', 'Invalid amount', 'Valor inválido', 'Valor inválido', NULL, '2995E89FB4A77E4FB5F56D4991C75850'),
('BE96532377E9EB5430FDC0DF1694B394', 'CARTAO_14', 'Invalid card', 'Cartão inválido', 'Tarjeta inválida', NULL, '2995E89FB4A77E4FB5F56D4991C75850'),
('AFF0FE72A72AFBA5CC43FD1732E81385', 'LABEL_NOME_TITULAR', 'Name of cardholder equal', 'Nome do titular igual do cartão', 'Nombre del titular de igualdad', NULL, '2995E89FB4A77E4FB5F56D4991C75850'),
('61CA57A8AE9BCC5ECA3F1C478E851DA8', 'CARTAO_15', 'Invalid issuer', 'Emissor inválido', 'Emisor inválido', NULL, '2995E89FB4A77E4FB5F56D4991C75850'),
('ED09B3A5C54CC57EB50BC8D1CF8EA719', 'CARTAO_41', 'Card restriction', 'Cartão com restrição', 'Tarjeta con restricción', NULL, '2995E89FB4A77E4FB5F56D4991C75850'),
('FAB06909FF2E791C7A905F7CFBDFD03B', 'CARTAO_51', 'Insufficient balance', 'Saldo insuficiente', 'Saldo insuficiente', NULL, '2995E89FB4A77E4FB5F56D4991C75850'),
('8284334788F200F5BE7481E28845058B', 'CARTAO_54', 'Expired card', 'Cartão vencido', 'Tarjeta vencida', NULL, '2995E89FB4A77E4FB5F56D4991C75850'),
('3C9136760F93C926B36E56FAB7ABA69A', 'CARTAO_57', 'Transaction not permitted', 'Transação não permitida', 'Transacción no permitida', NULL, '2995E89FB4A77E4FB5F56D4991C75850'),
('A9C1838C90C36C0EC8232D9F59DFB472', 'CARTAO_58', 'Transaction not permitted', 'Transação não permitida', 'Transacción no permitida', NULL, '2995E89FB4A77E4FB5F56D4991C75850'),
('198840A31D5A8F899917F795E8F8C4B1', 'CARTAO_62', 'Card restriction', 'Cartão com restrição', 'Tarjeta con restricción', NULL, '2995E89FB4A77E4FB5F56D4991C75850'),
('B9B01AC6E00B3EE72BDD8F127CDB813A', 'CARTAO_63', 'Card restriction', 'Cartão com restrição', 'Tarjeta con restricción', NULL, '2995E89FB4A77E4FB5F56D4991C75850'),
('A979255A7051864D34A33AA4030D8B65', 'CARTAO_76', 'Try again', 'Tente novamente', 'Inténtalo otra vez', NULL, '2995E89FB4A77E4FB5F56D4991C75850'),
('9E4CF6A8EC4B365590D98D9B56789F92', 'CARTAO_78', 'Card is not unlocked by the holder', 'Cartão não foi desbloqueado pelo portador', 'Tarjeta no desbloqueada por el portador', NULL, '2995E89FB4A77E4FB5F56D4991C75850'),
('13ABE03B455716D466BC1C26C71334E2', 'CARTAO_82', 'Invalid transaction', 'Transação inválida', 'Transacción inválida', NULL, '2995E89FB4A77E4FB5F56D4991C75850'),
('BE84FDA8EB21A625BEBCE5E72DCBC00A', 'CARTAO_91', 'Bank not available', 'Banco indisponível', 'Banco no disponible', NULL, '2995E89FB4A77E4FB5F56D4991C75850'),
('BC0568EAA4272666276401ED8136665B', 'CARTAO_96', 'Try again', 'Tente novamente', 'Inténtalo otra vez', NULL, '2995E89FB4A77E4FB5F56D4991C75850'),
('35F50400553D5B325F3A0ACF4C4807C3', 'CARTAO_AA', 'Try again', 'Tente novamente', 'Inténtalo otra vez', NULL, '2995E89FB4A77E4FB5F56D4991C75850'),
('10450C269E769DEBEEE7E77745C5FED7', 'CARTAO_AC', 'Debit card trying to use credit product', 'Cartão de débito tentando utilizar produto crédito', 'Tarjeta de débito intentando utilizar el producto crédito', NULL, '2995E89FB4A77E4FB5F56D4991C75850'),
('D0E00AE48C3ACC14DE981ED89E72CC7B', 'CARTAO_GA', 'Transaction referred by Cielo', 'Transação referida pela Cielo', 'Transacción referida por Cielo', NULL, '2995E89FB4A77E4FB5F56D4991C75850'),
('C9B935FC540229F4DCDC7C49AB286F00', 'CARTAO_N7', 'Invalid Security Code (Visa)', 'Código de segurança inválido (Visa)', 'Código de seguridad inválido (Visa)', NULL, '2995E89FB4A77E4FB5F56D4991C75850'),
('6A9141F6F4DE03B228C0B4FDA5200D6C', 'CARTAO_001', 'Invalid message', 'Mensagem inválida', 'Mensaje inválido', NULL, '2995E89FB4A77E4FB5F56D4991C75850'),
('29C8D80EBBBD243E22C6DF8661B38195', 'CARTAO_002', 'Invalid credentials', 'Credenciais inválidas', 'Credenciales inválidas', NULL, '2995E89FB4A77E4FB5F56D4991C75850'),
('10C866418B5FF10C39BD7BD06DB9742F', 'CARTAO_003', 'Nonexistent transaction', 'Transação inexistente', 'Transacción inexistente', NULL, '2995E89FB4A77E4FB5F56D4991C75850'),
('204317302D7CEEB0A9EBE3726348B97E', 'CARTAO_010', 'Inconsistency in card sending', 'Inconsistência no envio do cartão', 'Inconsistencia en el envío de la tarjeta', NULL, '2995E89FB4A77E4FB5F56D4991C75850'),
('9FFF17BAF844B88FDCEF045AFEA17219', 'CARTAO_011', 'Modality not enabled', 'Modalidade não habilitada', 'Modalidad no habilitada', NULL, '2995E89FB4A77E4FB5F56D4991C75850'),
('F5F4F48AB0DFD32759D7430E992278A5', 'CARTAO_012', 'Invalid number of parcels', 'Número de parcelas inválido', 'Número de parcelas inválido', NULL, '2995E89FB4A77E4FB5F56D4991C75850'),
('DAB73AFD94C75DB4303CFC34368D9572', 'LABEL_REFAZER', 'Redo the transaction', 'Refazer a transação', 'Vuelva a realizar la transacción', NULL, '2995E89FB4A77E4FB5F56D4991C75850'),
('25973B39F3D112B747A5456617580FEC', 'CARTAO_013', 'Flag authorization automatic invalid', 'Flag de autorização automática inválida', 'Autorización inválida de la bandera automática', NULL, '2995E89FB4A77E4FB5F56D4991C75850'),
('F5DF66C2281E732DC0093B17CFA2666E', 'CARTAO_014', 'Direct permission invalid', 'Autorização direta inválida', 'Autorización directa inválida', NULL, '2995E89FB4A77E4FB5F56D4991C75850'),
('E2626ECF88B3939E4A1BC5CFF1A0D2BD', 'CARTAO_015', 'Direct authorization without card', 'Autorização direta sem Cartão', 'Autorización directa sin tarjeta', NULL, '2995E89FB4A77E4FB5F56D4991C75850'),
('F2DD1900D041AC965493FC09515D8F8F', 'CARTAO_016', 'Identifier, TID, invalid', 'Identificador, TID, inválido', 'Identificador, TID, inválido', NULL, '2995E89FB4A77E4FB5F56D4991C75850'),
('9A640B259DB3369F4E20124ECAB22D3F', 'CARTAO_017', 'Absent security code', 'Código de segurança ausente', 'Código de seguridad ausente', NULL, '2995E89FB4A77E4FB5F56D4991C75850'),
('0860DA2CF791ABF5E947BCAF8DCA740C', 'CARTAO_018', 'Inconsistent indicator code security', 'Indicador de código de segurança inconsistente', 'Indicador de código de seguridad inconsistente', NULL, '2995E89FB4A77E4FB5F56D4991C75850'),
('135415071C78074F6E34DC3CA2ACB014', 'CARTAO_019', 'Return URL not provided', 'URL de retorno não fornecida', 'URL de retorno no prevista', NULL, '2995E89FB4A77E4FB5F56D4991C75850'),
('BD5EDBC9308BCCCA518B1FDF4DCA460F', 'CARTAO_020', 'Status does not allow authorization', 'Status não permite autorização', 'Status no permite autorización', NULL, '2995E89FB4A77E4FB5F56D4991C75850'),
('4EE882B7E4913D2233E1D2FBF106AE53', 'CARTAO_021', 'Period of authorization expired', 'Prazo de autorização vencido', 'Plazo de autorización expirado', NULL, '2995E89FB4A77E4FB5F56D4991C75850'),
('A5D8213343FADC62D4095C821DFCBC8C', 'CARTAO_025', 'Authorization forward not allowed', 'Encaminhamento à autorização não permitido', 'Envío a la autorización no permitido', NULL, '2995E89FB4A77E4FB5F56D4991C75850'),
('B6ABBB34CEC95AB873CF9EDE06A54681', 'CARTAO_030', 'Invalid status for capture', 'Status inválido para captura', 'Status inválido para la captura', NULL, '2995E89FB4A77E4FB5F56D4991C75850'),
('810DB830C7A2C244812305A6E6F72027', 'CARTAO_031', 'Capture&lsquo;s deadline expired', 'Prazo de captura vencido', 'Plazo de captura vencido', NULL, '2995E89FB4A77E4FB5F56D4991C75850'),
('4C24297C46E935B30AFCC81A2D7DBDA8', 'CARTAO_032', 'Invalid capture&lsquo;s amount', 'Valor de captura inválido', 'Valor de captura inválido', NULL, '2995E89FB4A77E4FB5F56D4991C75850'),
('CB277DC076F982A8C56EA4A4FDE8BE06', 'CARTAO_033', 'Failed to capture', 'Falha ao capturar', 'Error al capturar', NULL, '2995E89FB4A77E4FB5F56D4991C75850'),
('1F7D85DFCE10C31A60DD34C7D387542F', 'CARTAO_034', 'Boarding tax&lsquo;s amount required', 'Valor da taxa de embarque obrigatório', 'Valor de la tasa de embarque requerido', NULL, '2995E89FB4A77E4FB5F56D4991C75850'),
('9EBFC2EFAD854B859F4C7A284BC5A7DA', 'CARTAO_035', 'Invalid flag for Boarding Tax&lsquo;s use', 'Bandeira inválida para utilização da Taxa de Embarque', 'Bandera inválida para el uso de la Tasa de Embarque', NULL, '2995E89FB4A77E4FB5F56D4991C75850'),
('2E66E18444EFBCDED41910F530F37A90', 'CARTAO_036', 'Invalid product for Boarding Tax&lsquo;s use', 'Produto inválido para utilização da Taxa de Embarque', 'Producto inválido para el uso de la Tasa de Embarque', NULL, '2995E89FB4A77E4FB5F56D4991C75850'),
('413A6084F6F1063A608D71CA7D982C5E', 'CARTAO_040', 'Cancellation deadline&lsquo;s expired', 'Prazo de cancelamento vencido', 'Plazo de cancelación vencido', NULL, '2995E89FB4A77E4FB5F56D4991C75850'),
('F2D87088F6BCC7E3F2BCE68A916667C3', 'CARTAO_041', 'Status does not allow cancellation', 'Status não permite cancelamento', 'Status no permite la cancelación', NULL, '2995E89FB4A77E4FB5F56D4991C75850'),
('38EA0DA9D87386D89C786F7626C3CE7B', 'CARTAO_042', 'Failure to cancel', 'Falha ao cancelar', 'Hubo una falla para cancelar', NULL, '2995E89FB4A77E4FB5F56D4991C75850'),
('28254F2779B583E6DE3BE565EC3E5722', 'CARTAO_043', 'Cancellation&lsquo;s fee is bigger than the authorized amount', 'Valor de cancelamento é maior que valor autorizado', 'Valor de cancelación es mayor que el valor autorizado', NULL, '2995E89FB4A77E4FB5F56D4991C75850'),
('7CE1ADE2EE66FEA0FB8BA10238F393B6', 'CARTAO_051', 'Invalid recurrence', 'Recorrência Inválida', 'Recurrencia inválida', NULL, '2995E89FB4A77E4FB5F56D4991C75850'),
('59407BCF174F8293952C6532D2E9E576', 'CARTAO_052', 'Invalid Token', 'Token Inválido', 'Token inválido', NULL, '2995E89FB4A77E4FB5F56D4991C75850'),
('CB997F84341EEFEB770DF115348056BD', 'CARTAO_053', 'Not enabled recurrence', 'Recorrência não habilitada', 'Recurrencia no habilitada', NULL, '2995E89FB4A77E4FB5F56D4991C75850'),
('157208E3A883EB29AC4E3956A65B3A9C', 'CARTAO_054', 'Transaction with Token is invalid', 'Transação com Token inválida', 'Transacción con Token inválida', NULL, '2995E89FB4A77E4FB5F56D4991C75850'),
('786EB955A402CC974E54743E7EA4A0A2', 'CARTAO_055', 'Card number not provided', 'Número do cartão não fornecido', 'Número de la tarjeta no suministrado', NULL, '2995E89FB4A77E4FB5F56D4991C75850'),
('B5636D4BC56C9BBD50749A3297577269', 'CARTAO_056', 'Card validity not provided', 'Validade do cartão não fornecida', 'Validez de la tarjeta no suministrada', NULL, '2995E89FB4A77E4FB5F56D4991C75850'),
('79A95C57354F6840AE5BFC76B44B35F4', 'CARTAO_057', 'Unexpected error generating Token', 'Erro inesperado gerando Token', 'Error inesperado al generar Token', NULL, '2995E89FB4A77E4FB5F56D4991C75850'),
('4F2FF346EA88BB70679ACAFA421B9FD8', 'CARTAO_061', 'Invalid Transaction Recurring', 'Transação Recorrente Inválida', 'Transacción recurrente inválida', NULL, '2995E89FB4A77E4FB5F56D4991C75850'),
('431C006630DE6D60F29F8C284CABA814', 'CARTAO_097', 'System not available', 'Sistema indisponível', 'Sistema indisponible', NULL, '2995E89FB4A77E4FB5F56D4991C75850'),
('3EFB7FEF3BAA4DF600EC6E000E52A9B2', 'CARTAO_098', 'Timeout', 'Timeout', 'Tiempo de espera expirado', NULL, '2995E89FB4A77E4FB5F56D4991C75850'),
('B8826C5DDB296A0339019020D96B9F1F', 'CARTAO_099', 'Unexpected error', 'Erro inesperado', 'Error inesperado', NULL, '2995E89FB4A77E4FB5F56D4991C75850'),
('5B87A19BC6D8B080FAE1EBEE5E4433DF', 'LABEL_ADMINISTRACAO', 'Administration', 'Administração', 'administración', NULL, '2995E89FB4A77E4FB5F56D4991C75850'),
('CE5081600C5D132EF3FB1EAB91448908', 'LABEL_CONTEUDO', 'Content', 'Conteúdo', 'contenido', NULL, '2995E89FB4A77E4FB5F56D4991C75850'),
('FEEBEFCA6921772425B2B9C1B252FEBA', 'LABEL_GER_FACILIDADE_SERVICOS', 'Manage Facilities and Services', 'Gerenciar Facilidades e Serviços', 'Administre Instalaciones y Servicios', NULL, '2995E89FB4A77E4FB5F56D4991C75850'),
('D6366BAEFCAC328763CCFC8A306F79E5', 'LABEL_GER_FACILIDADE_SERVICOS_ADD', 'Add Facilities and Services', 'Adicionar Facilidades e Serviços', 'Añadir Instalaciones y Servicios', NULL, '2995E89FB4A77E4FB5F56D4991C75850'),
('F46945071D128328223AF47F34EDF555', 'LABEL_GER_FACILIDADE_SERVICOS_EDIT', 'Edit Facilities and Services', 'Editar Facilidades e Serviços', 'Editar Instalaciones y Servicios', NULL, '2995E89FB4A77E4FB5F56D4991C75850'),
('05677B64707FBEBECB1260B11DFACFE9', 'LABEL_GER_FACILIDADE_SERVICOS_DESC', 'Description of Facilities and Services', 'Descrição das Facilidades e Serviços', 'Descripción de las Instalaciones y Servicios', NULL, '2995E89FB4A77E4FB5F56D4991C75850'),
('0F92B04C2486182C456FFAD38BD213A9', 'LABEL_DIADESEMANA', 'Weekday', 'Dia de semana', 'Día laborable', NULL, '2995E89FB4A77E4FB5F56D4991C75850'),
('583E887FB703AD82BB18308CD773E8AC', 'LABEL_FIMDESEMANA', 'weekend', 'Final de semana', 'fin de semana', NULL, '2995E89FB4A77E4FB5F56D4991C75850'),
('F149CB37D0AC3D11B01BC3E106193B9E', 'LABEL_BAIXATEMPORADA', 'Low season', 'Baixa temporada', 'Baja temporada', NULL, '2995E89FB4A77E4FB5F56D4991C75850'),
('8796000ED6FFB3C59604CC7F02F4E15A', 'LABEL_ALTATEMPORADA', 'Season', 'Alta temporada', 'Temporada', NULL, '2995E89FB4A77E4FB5F56D4991C75850'),
('34FE5AC8B870DD11D110A7A851C43E41', 'LABEL_MEDIATEMPORADA', 'Average season', 'Média temporada', 'Temporada media', NULL, '2995E89FB4A77E4FB5F56D4991C75850'),
('6FFFAA42156606DC0DAEEB216BD468E4', 'LABEL_1_MENSAGEM', 'Transaction completed, a message was sent to your email!', 'Transação finalizada, uma mensagem foi enviada para seu e-mail!', 'Transacción completada, se envió un mensaje a su correo electrónico!', NULL, '2995E89FB4A77E4FB5F56D4991C75850'),
('E3079DF0243F832E0E3703240A2DB76D', 'LABEL_BAIXA_TEMPORADA_FDS', 'Baixa Temporada<br/>Finais de Semana', 'Baixa Temporada<br/>Finais de Semana', 'Baixa Temporada<br/>Finais de Semana', NULL, '2995E89FB4A77E4FB5F56D4991C75850'),
('D49115293D6DDBF7445F2A6A366E1E2C', 'LABEL_BAIXA_MEDIA', 'Média Temporada', 'Média Temporada', 'Média Temporada', NULL, '2995E89FB4A77E4FB5F56D4991C75850'),
('BF1714E4DEDAB9CA8887E9E667D04910', 'LABEL_BAIXA_MEDIA_FDS', 'Média Temporada<br/>Finais de Semana', 'Média Temporada<br/>Finais de Semana', 'Média Temporada<br/>Finais de Semana', NULL, '2995E89FB4A77E4FB5F56D4991C75850'),
('AF07C9A7D61F87073A58FFEA91D778FC', 'LABEL_TITLE_POUSADA_MARAVISTA', 'Pousada Maravista', 'Pousada Maravista', 'Posada Maravista', NULL, '2995E89FB4A77E4FB5F56D4991C75850'),
('668AE1BDB43C513FFBCCFB05921D02F0', 'LABEL_DECONTAR_DIAS', 'Discounting days', 'Descontar dias', 'Dias descontar', NULL, '2995E89FB4A77E4FB5F56D4991C75850'),
('C1B1E80A95DB34ADC7142FBCBCEAC55D', 'LABEL_ATE', 'until', 'até', 'el', NULL, '2995E89FB4A77E4FB5F56D4991C75850'),
('969067CE7C1A31315E4F0F52886B4E48', 'LABEL_NUMERO_DO_CARTAO', 'Card number', 'Número do cartão', 'Número de tarjeta', NULL, '2995E89FB4A77E4FB5F56D4991C75850'),
('40C009CCD06F526A8BE51A0EF9E5B05A', 'LABEL_NOME', 'Name', 'Nome', 'Nombre', NULL, '2995E89FB4A77E4FB5F56D4991C75850'),
('9C3B8B4D7C2B00108F520E961C1ECB4B', 'LABEL_CODIGO_SEGURANCA', 'Security Code', 'Código de Segurança', 'Código de Seguridad', NULL, '2995E89FB4A77E4FB5F56D4991C75850'),
('F356AF77E78BFC3772ED1178618868F4', 'LABEL_PAGAR', 'Pay', 'Pagar', 'Pagar', NULL, '2995E89FB4A77E4FB5F56D4991C75850'),
('825C208700302F84D8A2AF3CC040F479', 'LABEL_DATA_DE_VENCIMENTO', 'Expiry date', 'Data de vencimento', 'Fecha de caducidad', NULL, '2995E89FB4A77E4FB5F56D4991C75850'),
('1B4A3005A784A1E5E7E414702C000D85', 'LABEL_SOBRE_BUZIOS', 'About Búzios', 'Sobre Búzios', 'Acerca de Búzios', NULL, '2995E89FB4A77E4FB5F56D4991C75850'),
('D89EE98937D1F0028A66098A86E35392', 'LABEL_TITLE_HOME', 'A beachfront hotel in Geribá - Búzios', 'Uma pousada nas areias de Geribá - Búzios', 'Una posada en las arenas de Geribá - Búzios', NULL, '2995E89FB4A77E4FB5F56D4991C75850'),
('7759619B3B9E36BD4256BC1F8A8FFA53', 'LABEL_TITLE_QUARTOS', 'Comfortable and luxurious suites Geriba', 'Suites confortaveis e luxuosas em Geriba', 'Suites confortables y lujosas Geribá', NULL, '2995E89FB4A77E4FB5F56D4991C75850'),
('AA158E8E27A58C9AA6AA916C886F226A', 'LABEL_TITLE_EVENTOS', 'Events and beach weddings Geriba - Buzios', 'Eventos e casamentos na praia de Geriba - Buzios', 'Eventos y bodas en la playa de Geribá - Buzios', NULL, '2995E89FB4A77E4FB5F56D4991C75850'),
('7BE7D197DE6D7902B21BC10A97B77AE3', 'LABEL_TITLE_TARIFAS', 'Best rates and prices Geriba Beach - Buzios', 'Melhores tarifas e precos da praia de Geriba - Buzios', 'Mejores precios y tarifas en la playa de Geribá - Búzios', NULL, '2995E89FB4A77E4FB5F56D4991C75850'),
('59EE26B14B6F3A75D7E7C0826268AA2D', 'LABEL_TITLE_APOUSADA', 'A beachfront hotel in Geribá - Búzios', 'Uma pousada nas areias de Geribá - Búzios', 'Una posada en las arenas de Geribá - Búzios', NULL, '2995E89FB4A77E4FB5F56D4991C75850'),
('E9EA441CC72A4CA091C9BFD7079E815D', 'LABEL_TITLE_LOCALIZACAO', 'The best beach location Geribá - Buzios', 'A melhor localizacao da praia de Geribá - Buzios', 'La mejor ubicación en la playa de Geribá - Buzios', NULL, '2995E89FB4A77E4FB5F56D4991C75850'),
('E39B6299056EACB0AE8B25F735F2C9EF', 'LABEL_TITLE_GALERIA', 'Photo gallery Hotel seaside Geribá - Buzios', 'Galeria de fotos pousada beira-mar Geribá - Búzios', 'Galería de fotos posada Geribá marino - Buzios', NULL, '2995E89FB4A77E4FB5F56D4991C75850'),
('C702D015A10940F0DF9E6F3CC4C58062', 'LABEL_1CRIANCA', '1 child up to 5 years (1 is free)', '1 criança até 5 anos (1 é cortesia)', '1 niño de hasta 5 años (1 es cortesía)', NULL, '2995E89FB4A77E4FB5F56D4991C75850'),
('913DB5E7F830BEEC3F6123E474F5E1CD', 'LABEL_2CRIANCA', '2 children up to 5 years: +15%', '2 crianças até 5 anos: +15%', '2 niños de hasta 5 años: 15%', NULL, '2995E89FB4A77E4FB5F56D4991C75850'),
('77689C3550429402366D9EA4246755F7', 'LABEL_3CRIANCA', 'Children 5 years to 12 years (+15%)', 'Crianças de 5 anos até 12 anos (+15%)', 'Niños de 5 años a 12 años (15%)', NULL, '2995E89FB4A77E4FB5F56D4991C75850'),
('E28645CF26896F9618BD7614A732691D', 'LABEL_4CRIANCA', 'After 12 years adult', 'Depois de 12 anos: adulto', 'Después de los 12 años: adulto', NULL, '2995E89FB4A77E4FB5F56D4991C75850'),
('B0D748D1474B22D44A64EAAB776966F6', 'LABEL_5CRIANCA', 'Extra Adult: 30%', 'Adulto extra: +30%', 'Adulto Extra: 30%', NULL, '2995E89FB4A77E4FB5F56D4991C75850'),
('B0359E47364DD8DE9E18E76DB848DA1B', 'LABEL_DESENVOLVIDOPOR', 'Developed by', 'Desenvolvido por', 'Desarrollado por', NULL, '2995E89FB4A77E4FB5F56D4991C75850'),
('410565617EBC8EC027DF195325EF8AAA', 'LABEL_DTA_RESERVAS', '* The selected dates come in a special package. Please contact us by phone or email to receive a quote.', '* As datas selecionadas entram em um pacote especial. Para receber um orçamento, favor nos contactar por telefone ou email.', '* Las fechas seleccionadas vienen en un paquete especial. Para recibir una cotización, por favor póngase en contacto con nosotros por teléfono o correo electrónico.', NULL, '2995E89FB4A77E4FB5F56D4991C75850'),
('E0F300688D4A50337838F719D7DB0F28', 'LABEL_CONFIG', 'Configuration', 'Configuração', 'Configuración', NULL, '2995E89FB4A77E4FB5F56D4991C75850'),
('8B5091B425178C01E6068743A1FF365E', 'LABEL_VALOR_X', 'High season from Monday to Thursday', 'Alta temporada de segunda-feira a quinta-feira', 'Temporada alta de lunes a jueves', NULL, '2995E89FB4A77E4FB5F56D4991C75850'),
('46503F415437D4F2114E0A77B00585C8', 'LABEL_VALOR_FINAL_X', 'High season from Friday to Sunday', 'Alta temporada de sexta-feira a domingo', 'Temporada alta de viernes a domingo', NULL, '2995E89FB4A77E4FB5F56D4991C75850'),
('D88AC28BAA101BAEEF3EBCC98ED6AC4F', 'LABEL_ACIMA12ANOS', 'over 12 anos', 'acima de 12 anos', 'mayores de 12 años', NULL, '2995E89FB4A77E4FB5F56D4991C75850'),
('10937BFC9D82ADC697DCCA21379EB18D', 'LABEL_VALOR_MEDIA_X', 'Medium Season from Monday to Thursday', 'Média temporada de segunda-feira a quinta-feira', 'Temporada Media de lunes a jueves', NULL, '2995E89FB4A77E4FB5F56D4991C75850'),
('65269AF12468AD28D54BF258ACB46AA5', 'LABEL_VALOR_MEDIA_FINAL_X', 'Medium Season Friday to Sunday', 'Média temporada de sexta-feira a domingo', 'Temporada Media Viernes a Domingo', NULL, '2995E89FB4A77E4FB5F56D4991C75850'),
('43745702512896506C155B57621DA408', 'LABEL_VALOR_BAIXA_X', 'Low season from Monday to Thursday', 'Baixa temporada de segunda-feira a quinta feira', 'Temporada baja de lunes a jueves', NULL, '2995E89FB4A77E4FB5F56D4991C75850'),
('9C098A9E70916E5E328F0D3425C4F7D0', 'LABEL_VALOR_BAIXA_FINAL_X', 'Low season from Friday to Sunday', 'Baixa temporada de sexta-feira a domingo', 'Temporada baja de viernes a domingo', NULL, '2995E89FB4A77E4FB5F56D4991C75850'),
('FDA395D5DA3D61D2B3BC593CF1AFEF8B', 'LABEL_MEDIA_TEMPORADA', 'Medium Season', 'Média Temporada', 'Temporada Media', NULL, '2995E89FB4A77E4FB5F56D4991C75850'),
('5859FA32D557E6264DD3CCB87E600CFC', 'LABEL_SEGASEX', 'Monday to thursday', 'Segunda a quinta', 'Lunes a jueves', NULL, '2995E89FB4A77E4FB5F56D4991C75850'),
('8051B10D7BD1F9FE5E096B726BD9903D', 'LABEL_SABADOM', 'Friday to Sunday', 'Sexta a domingo', 'Viernes a Domingo', NULL, '2995E89FB4A77E4FB5F56D4991C75850'),
('E4AD4DBE9EF939890CC4DF7764757D43', 'LABEL_CRIANCAS_ATE5ANOS', 'Up to 5 years', 'Até 5 anos', 'Hasta 5 años', NULL, '2995E89FB4A77E4FB5F56D4991C75850'),
('8603E01F90B8C21A035AA75343CAAE8C', 'LABEL_PACOTESEPROMOCOES', 'Packages and promotions', 'Pacotes e promoções', 'Paquetes y promociones', NULL, '2995E89FB4A77E4FB5F56D4991C75850'),
('E21AC3BD091F8B943C6839DF01D796F2', 'LABEL_SERVICOSE', 'Discover', 'Serviços e', 'Servicios y', NULL, '2995E89FB4A77E4FB5F56D4991C75850'),
('4EBB6F46432CCF4313753AEE2A575862', 'LABEL_LAZER', 'The Pousada', 'Lazer', 'Entretenimiento', NULL, '2995E89FB4A77E4FB5F56D4991C75850'),
('9CF43D224DD557434DE4527F458D169D', 'LABEL_INSTALACOES', 'Services and Facilities', 'Instalações', 'Instalaciones', NULL, '2995E89FB4A77E4FB5F56D4991C75850'),
('C73B165CB376F4B401138EB052A595D8', 'LABEL_RESTAURANTE_ALACARTE', 'À la carte Restaurant', 'Restaurante a lá carte', 'Restaurante a la carta', NULL, '2995E89FB4A77E4FB5F56D4991C75850'),
('200AF40626C6049C726AD3658CAE70BF', 'LABEL_DIAS_DESCONTO', 'Cashing days', 'Descontar dias', 'Días de descuento', NULL, '2995E89FB4A77E4FB5F56D4991C75850'),
('DA43745E98F22CA1FC17123599388E73', 'LABEL_RESERVA_ACRESCIMO', 'Extra', 'Acréscimo', 'Aumentar', NULL, '2995E89FB4A77E4FB5F56D4991C75850'),
('62D787666F2E5B0EDCDBE38D53812FD4', 'LABEL_RESERVA', 'Booking', 'Reserva', 'Reserva', NULL, '2995E89FB4A77E4FB5F56D4991C75850'),
('F00590ABE1274ADF1E286C955804B6C6', 'LABEL_NAO_TEMOS_QUARTOS', 'This room does not support the number of people requested.', 'Este quarto não suporta o número de pessoas solicitado.', 'Esta habitación no admite el número de personas solicitadas.', NULL, '2995E89FB4A77E4FB5F56D4991C75850'),
('3E1D98B8D8BB8B073F50D1D66BEC134E', 'LABEL_PREZADOA', 'Dear', 'Prezado(a)', 'Querido', NULL, '2995E89FB4A77E4FB5F56D4991C75850'),
('6802D944A70976FB47CAEDAF95F7CC78', 'LABEL_RECEBEMOSCOMSATISFACAO', 'We welcome your message.', 'Recebemos com satisfação a sua mensagem.', 'Damos la bienvenida a su mensaje.', NULL, '2995E89FB4A77E4FB5F56D4991C75850'),
('AB430451D0BE783BD96AC713D0556FF0', 'LABEL_EMBREVE_RETORNAREMOS', 'Soon we will return the contact.', 'Em breve retornaremos o contato.', 'Luego retornaremos al contacto.', NULL, '2995E89FB4A77E4FB5F56D4991C75850'),
('A50BA664E5030C8544E04687DB4A7DDA', 'LABEL_ATENCIOSAMENTE', 'Regards', 'Atenciosamente', 'Graciosamente', NULL, '2995E89FB4A77E4FB5F56D4991C75850'),
('0D1E9CF3E41A592F5DCF81A23F571EE4', 'LABEL_MENSAGEM_ENVIADA', 'Message sent successfully', 'Mensagem enviada com sucesso', 'Mensaje enviado con éxito', NULL, '2995E89FB4A77E4FB5F56D4991C75850'),
('830CFE3AE7F68EBEAFB8B327407262DF', 'LABEL_FORM_CONTATO', 'Contact form', 'Formulário de Contato', 'Formulario de contacto', NULL, '2995E89FB4A77E4FB5F56D4991C75850'),
('6D5F85DF8EDF08166406283BDB8B0431', 'LABEL_APARTIR_DE', 'From', 'A partir de', 'Desde', NULL, '2995E89FB4A77E4FB5F56D4991C75850'),
('CE425C459EAE0C16B31C5071B04BD319', 'LABEL_TOTAL_PARCIAL', 'Full amount', 'Total parcial', 'Total parcial', NULL, '2995E89FB4A77E4FB5F56D4991C75850'),
('4F43320ADB6ADC3E0DC3BA7FB6A61A72', 'LABEL_NOM_REQUERIDO', 'Please enter a name', 'Por favor, preencha o nome', 'Por favor, introduzca un nombre', NULL, '2995E89FB4A77E4FB5F56D4991C75850'),
('FCE7F7A4B2E4A415AE1FDFFFCB3A8E8E', 'LABEL_EMAIL_REQUERIDO', 'Please enter the e-mail', 'Por favor, preencha o e-mail', 'Por favor rellene el correo electrónico', NULL, '2995E89FB4A77E4FB5F56D4991C75850'),
('52064856E46512F7A8B11243B96D0684', 'LABEL_TEL_REQUERIDO', 'Please enter the phone', 'Por favor, preencha o telefone', 'Por favor introduce el teléfono', NULL, '2995E89FB4A77E4FB5F56D4991C75850'),
('0AF626D6218ADAE3D7C52785E15A99B5', 'LABEL_DIA', 'Night', 'Noite', 'Noche', NULL, '2995E89FB4A77E4FB5F56D4991C75850'),
('96E96701C154B3B7ECC2E01EDD361395', 'LABEL_RESERVAS_REVIEW', 'Please check your reservation', 'Por favor confira sua reserva', 'Por favor revise su reserva', NULL, '2995E89FB4A77E4FB5F56D4991C75850'),
('DEC1420C8AE921C7C00E6C3E08FB8350', 'LABEL_HOSPEDE_REQUERIDO', 'Guest required!', 'Hóspede requerido!', 'Invitado requerido!', NULL, '2995E89FB4A77E4FB5F56D4991C75850'),
('900A03304A4B7274799172E51FBDD360', 'LABEL_NAO_TEMOS_QUARTOS_1', 'There are no rooms in this category available on the chosen date. Please select another date or category.', 'Não existem quartos desta categoria disponíveis na data escolhida. Por favor, selecione outra data ou categoria.', 'No hay habitaciones disponibles en esta categoría disponibles en la fecha elegida. Por favor, seleccione otra fecha o categoría.', NULL, '2995E89FB4A77E4FB5F56D4991C75850'),
('EAAB251884154703C334D8CC41D0414E', 'LABEL_ASSUNTO', 'Subject', 'Assunto', 'Assunto', NULL, '2995E89FB4A77E4FB5F56D4991C75850'),
('85E7760ED2B9A093F541F982F55E1DFC', 'LABEL_BY_MENSAGEM', 'Message', 'Mensagem', 'Mensaje', NULL, '2995E89FB4A77E4FB5F56D4991C75850'),
('810B686D2A6DADA402181E40AF7AE10C', 'LABEL_NAO_RESP_EMAIL', 'Do not respond to this email', 'Não responder a este e-mail', 'No responda a este correo electrónico', NULL, '2995E89FB4A77E4FB5F56D4991C75850'),
('7431D5C714D5D9AEBF6824F42C3951C5', 'LABEL_ACESSE', 'Access', 'Acesse', 'Acceso', NULL, '2995E89FB4A77E4FB5F56D4991C75850'),
('AF146FFB6AC2F7134E9A2C312F2BDB8D', 'LABEL_MENSAGEM_FALECONOSCO', 'Message Contact Us', 'Mensagem Fale conosco', 'Mensaje Contáctenos', NULL, '2995E89FB4A77E4FB5F56D4991C75850'),
('78EB44624A0B946299A9E4D68451BB3B', 'LABEL_PREENCHA_ASSUNTO', 'Fill in the subject field correctly', 'Preencha o campo assunto corretamente', 'Complete el campo asunto correctamente', NULL, '2995E89FB4A77E4FB5F56D4991C75850'),
('C5CEE653F91F20A5CE0A9B507FA0C49D', 'LABEL_PREENCHA_MENSAGEM', 'Fill out the message field correctly', 'Preencha o campo mensagem corretamente', 'Rellene el campo del mensaje correctamente', NULL, '2995E89FB4A77E4FB5F56D4991C75850'),
('9604705D41195AE9EEBA7C782A553C8F', 'LABEL_AGRADECIDO', 'Thank you for contacting us.<br/>We will get in touch with you shortly.', 'Obrigado por nos contatar.<br/>Entraremos em contato o mais breve possível.', 'Gracias por contactar nosotros.<br/>Pondremos en contacto con usted lo antes posible', NULL, '2995E89FB4A77E4FB5F56D4991C75850'),
('37BAD159945D3B68A2CBA0D0C3C21EA4', 'LABEL_USER_MSG', 'Thank you for contacting us.<br/> We will get in touch with you shortly.<br/> <br/><br/> Best regards,', 'Obrigado por nos contatar.<br/> Nós entraremos em contato com você em breve.<br/>  <br/><br/> Com os melhores cumprimentos,', 'Gracias por contactar con nosotros.<br/>  Nos pondremos en contacto con usted en breve. <br/> <br/><br/> Saludos cordiales,', NULL, '2995E89FB4A77E4FB5F56D4991C75850'),
('43F1644CAC45947D7DB946DB8275E521', 'LABEL_AUTORIZADA_CARTAO', 'Transaction authorized by the card company', 'Transação autorizada pela operadora do cartão', 'Transacción autorizada por la compañía de la tarjeta', NULL, '2995E89FB4A77E4FB5F56D4991C75850'),
('457A96409434897F81359F59074A9433', 'LABEL_DEPARTAMENTO_2', 'Department', 'Departamento', 'Departamento', NULL, '2995E89FB4A77E4FB5F56D4991C75850'),
('3828058558CD59957DA7FD616F96D6BF', 'LABEL_ERRO_VOLTAR_RESERVA', 'Expired session: <a href="index.php?actionType=reservas">click here</a> to begin your reservation.', 'Sessão expirada:  <a href="index.php?actionType=reservas">clique aqui</a> para recomeçar sua reserva', 'Sesión caducada: haga <a href="index.php?actionType=reservas">clic aquí</a> para comenzar tu reserva', NULL, '2995E89FB4A77E4FB5F56D4991C75850'),
('1D070E126E6A8920204DBB43FEAE9ECC', 'LABEL_DEL', 'Delete', 'Excluir', 'Borrar', NULL, '2995E89FB4A77E4FB5F56D4991C75850'),
('BB002EE94AFD58D7BD12721EA424D002', 'LABEL_MENSAGEM', 'Message', 'Mensagem', 'Mensaje', NULL, '2995E89FB4A77E4FB5F56D4991C75850'),
('EB4AF4FCC898654B3A64C4094ECB9F39', 'LABEL_TEXT_RATES', 'Text Rates', 'Texto Tarifas', 'Texto Precios', NULL, '2995E89FB4A77E4FB5F56D4991C75850');

-- --------------------------------------------------------

--
-- Estrutura da tabela `localizacao`
--

CREATE TABLE IF NOT EXISTS `localizacao` (
  `INGLES` blob,
  `PORTUGUES` blob,
  `ESPANHOL` blob
) ENGINE=MyISAM DEFAULT CHARSET=latin1 COLLATE=latin1_general_ci;

--
-- Extraindo dados da tabela `localizacao`
--

INSERT INTO `localizacao` (`INGLES`, `PORTUGUES`, `ESPANHOL`) VALUES
(0x3c703e54686520506f7573616461204d6172617669737461206973206c6f636174656420696e2074686520626573742073706f74206f662042757a696f733a207468652062656163682073616e6473206f66204765726962266161637574653b2e2057656c6c20617474656e6465642c207468652062656163682068617320312c32206d696c6573206f6620657874656e73696f6e2c2077617665732c20636c65617220776174657220616e6420612077696465207374726970206f662077686974652073616e642e2054686520706c61636520697320737572726f756e646564206279206e61747572652c207661636174696f6e20686f6d65732c20696e6e7320616e642072657374617572616e74732e205468652064697374616e636520746f207468652063656e746572206f662042757a696f73206973206a75737420612035206d696e75746520647269766520696e206e6f726d616c207472616666696320646179732e3c2f703e, 0x3c703e4120506f7573616461204d617261766973746120657374266161637574653b206c6f63616c697a61646f206e6f206d656c686f7220706f6e746f2064652042267561637574653b7a696f73206e617320617265696173206461207072616961206465204765726962266161637574653b2e2042656d206672657175656e746164612c20612070726169612074656d2032206b6d206f6e646173206c6f6e6761732c20266161637574653b67756173206372697374616c696e6173206520756d61206c6f6e6761206661697861206465206172656961206272616e63612e2041206361736120266561637574653b206365726361646120706f72206e61747572657a612c20636173617320646520766572616e65696f2c20706f75736164617320652072657374617572616e7465732e204120646973742661636972633b6e6369612070617261206f2063656e74726f2064652042267561637574653b7a696f7320666963612061206170656e61732035206d696e75746f7320646520636172726f2c20656d2064696173206e6f726d616973206465207472266161637574653b6665676f2e3c2f703e, 0x3c703e4c6120506f73616461204d617261766973746120657374266161637574653b207562696361646120656e20656c206d656a6f722070756e746f2064652042267561637574653b7a696f733a20656e206c6173206172656e6173206465206c6120706c617961206465204765726962266161637574653b2e204269656e206672656375656e746164612c206c6120706c61796120706f7365652032206b6d20646520657874656e7369266f61637574653b6e2c206f6c61732c20616775617320636c61726173207920756e61206c617267612062616e6461206465206172656e617320626c616e6361732e20456c206c6f63616c20657320726f646561646f20706f72206e61747572616c657a612c20636173617320646520766572616e656f2c20706f736164617320792072657374617572616e7465732e204c612064697374616e636961207061726120656c2063656e74726f2064652042267561637574653b7a696f7320657320646520736f6c6f2035206d696e75746f7320646520636f63686520656e2064266961637574653b6173206465207472266161637574653b6669636f206e6f726d616c2e3c2f703e);

-- --------------------------------------------------------

--
-- Estrutura da tabela `login`
--

CREATE TABLE IF NOT EXISTS `login` (
  `CODLOGIN` char(32) NOT NULL,
  `DTA` timestamp NOT NULL DEFAULT CURRENT_TIMESTAMP,
  `LOGIN` varchar(70) DEFAULT NULL,
  `SENHA` char(32) DEFAULT NULL,
  `PAPEL` varchar(255) DEFAULT NULL,
  `STATUS` char(1) DEFAULT NULL,
  `OWNER` char(32) DEFAULT NULL,
  PRIMARY KEY (`CODLOGIN`)
) ENGINE=MyISAM DEFAULT CHARSET=latin1;

--
-- Extraindo dados da tabela `login`
--

INSERT INTO `login` (`CODLOGIN`, `DTA`, `LOGIN`, `SENHA`, `PAPEL`, `STATUS`, `OWNER`) VALUES
('71F8F8E9B09606EE49C65E9CC20F5927', '2011-10-17 15:33:28', 'admin', '9241E1A4CAD0A7D0BDD5E24DED3B3B8E', 'ADMINISTRADOR;SINDICO;', '1', '2995E89FB4A77E4FB5F56D4991C75850'),
('202CB962AC59075B964B07152D234B70', '2013-01-04 23:21:35', 'internet', '202CB962AC59075B964B07152D234B70', 'ADMINISTRADOR;', '1', '2995E89FB4A77E4FB5F56D4991C75850');

-- --------------------------------------------------------

--
-- Estrutura da tabela `login_rel_pessoa`
--

CREATE TABLE IF NOT EXISTS `login_rel_pessoa` (
  `CODPESSOA` char(32) NOT NULL DEFAULT '',
  `CODLOGIN` char(32) NOT NULL,
  PRIMARY KEY (`CODLOGIN`,`CODPESSOA`)
) ENGINE=MyISAM DEFAULT CHARSET=latin1;

--
-- Extraindo dados da tabela `login_rel_pessoa`
--

INSERT INTO `login_rel_pessoa` (`CODPESSOA`, `CODLOGIN`) VALUES
('B4EC91ED6E6C92AC52099D19C0B1A40E', '202CB962AC59075B964B07152D234B70'),
('2995E89FB4A77E4FB5F56D4991C75850', '71F8F8E9B09606EE49C65E9CC20F5927');

-- --------------------------------------------------------

--
-- Estrutura da tabela `pacotes`
--

CREATE TABLE IF NOT EXISTS `pacotes` (
  `CODPACOTE` char(32) NOT NULL DEFAULT '',
  `CODQUARTOTIPO` char(32) DEFAULT NULL,
  `DTA` timestamp NOT NULL DEFAULT CURRENT_TIMESTAMP,
  `PORTUGUES` varchar(255) DEFAULT NULL,
  `INGLES` varchar(255) DEFAULT NULL,
  `ESPANHOL` varchar(255) DEFAULT NULL,
  `DISPONIVEL` char(1) DEFAULT NULL,
  `ISPGTO` char(1) DEFAULT NULL,
  `ISTEMPORADA` char(1) DEFAULT NULL,
  `VALOR_DE` int(11) DEFAULT NULL,
  `VALOR_PARA` int(11) DEFAULT NULL,
  `STATUS` char(1) DEFAULT NULL,
  `OWNER` char(32) DEFAULT NULL,
  `DIAS_DESCONTO` int(11) DEFAULT '0',
  PRIMARY KEY (`CODPACOTE`)
) ENGINE=MyISAM DEFAULT CHARSET=latin1;

--
-- Extraindo dados da tabela `pacotes`
--

INSERT INTO `pacotes` (`CODPACOTE`, `CODQUARTOTIPO`, `DTA`, `PORTUGUES`, `INGLES`, `ESPANHOL`, `DISPONIVEL`, `ISPGTO`, `ISTEMPORADA`, `VALOR_DE`, `VALOR_PARA`, `STATUS`, `OWNER`, `DIAS_DESCONTO`) VALUES
('FBCD542F7F0EFB3D37344BF6BBC756DF', '6CAC28B1DFC2B870670CCF9609F8ED36', '2014-06-29 23:19:19', 'Fica 4, paga 3', 'Stay 4, pay 3', 'Alojate 4, paga 3', '1', '1', '0', 0, 25875, '1', 'BC5C0F3AC488544CE6B145A69D5CA268', 1),
('B31A4833B70D7255CDE9BE138C4C0E05', '8C1D19C6DA8E36CF70BA5D29F03893C7', '2014-06-29 14:07:08', 'Reveillon', 'New Year', 'An&otilde; Nuevo', '1', '0', '0', 0, 0, '0', 'BC5C0F3AC488544CE6B145A69D5CA268', 0),
('376D5EA18C2305EA1CCF8BFC276A074F', 'E8493102B7E20E78B162C13F4ABB668A', '2014-06-29 14:05:15', 'Reveillon', 'New Year', 'An&otilde; Nuevo', '1', '0', '0', 0, 0, '0', 'BC5C0F3AC488544CE6B145A69D5CA268', 0),
('F22A6951482E2060E743A1E02F70099A', '3CFFCD5822534F90893EA96EF51FAAC4', '2014-06-29 13:58:24', 'Reveillon', 'New Year', 'An&otilde; Nuevo', '1', '1', '0', 549000, 549000, '1', 'BC5C0F3AC488544CE6B145A69D5CA268', 0),
('D4EA4EF831896A15FA4225C3B945CF7D', '6CAC28B1DFC2B870670CCF9609F8ED36', '2014-06-29 14:03:22', 'Reveillon', 'New Year', 'An&otilde; Nuevo', '1', '0', '0', 0, 0, '0', 'BC5C0F3AC488544CE6B145A69D5CA268', 0),
('D3B33989AAE272FCB58081C5E67A256E', '5B5E6E55EB49F2AC331C7C03BBA13A03', '2014-06-29 14:04:36', 'Reveillon', 'New Year', 'An&otilde; Nuevo', '1', '0', '0', 0, 0, '0', 'BC5C0F3AC488544CE6B145A69D5CA268', 0);

-- --------------------------------------------------------

--
-- Estrutura da tabela `pacotes_rel_datas`
--

CREATE TABLE IF NOT EXISTS `pacotes_rel_datas` (
  `CODPACOTE` char(32) DEFAULT NULL,
  `CODDTA` char(32) DEFAULT NULL
) ENGINE=MyISAM DEFAULT CHARSET=latin1;

--
-- Extraindo dados da tabela `pacotes_rel_datas`
--

INSERT INTO `pacotes_rel_datas` (`CODPACOTE`, `CODDTA`) VALUES
('FBCD542F7F0EFB3D37344BF6BBC756DF', '818E018261E3EB8DB285C84B927746D8'),
('B31A4833B70D7255CDE9BE138C4C0E05', 'BD21BA59F92492892004437C57D704C3'),
('376D5EA18C2305EA1CCF8BFC276A074F', 'C5DE0017C9EB1055AC9EA8D6499DA4AC'),
('D3B33989AAE272FCB58081C5E67A256E', 'DEE06203073E3EAA75784BEC77805B80'),
('D4EA4EF831896A15FA4225C3B945CF7D', '7236988B3F6D620AE26D33E06E3FEECF'),
('F22A6951482E2060E743A1E02F70099A', '4BB9FCCED02EA57F855B4368E0CB75E0'),
('7D0863F5A4C6221CDB224961AA4E72D4', '1773F892F98798669AD4E07BA514C532'),
('5A7DC4A03D6C361D607968DA130EE622', 'F6ACB12B9BD515A27486DAD3CFA0B43E'),
('8592CAC393D778CB82A9755E8007C5A6', 'BE3AAB550CC50D661C0189BBF175F72C'),
('8592CAC393D778CB82A9755E8007C5A6', '0678A8E78A739D7C6EB5A70C6BC1B45C');

-- --------------------------------------------------------

--
-- Estrutura da tabela `pacotes_rel_descricao`
--

CREATE TABLE IF NOT EXISTS `pacotes_rel_descricao` (
  `CODPACOTE` char(32) NOT NULL DEFAULT '',
  `CODDESCRICAO` char(32) NOT NULL DEFAULT '',
  PRIMARY KEY (`CODPACOTE`,`CODDESCRICAO`)
) ENGINE=MyISAM DEFAULT CHARSET=latin1;

--
-- Extraindo dados da tabela `pacotes_rel_descricao`
--

INSERT INTO `pacotes_rel_descricao` (`CODPACOTE`, `CODDESCRICAO`) VALUES
('F22A6951482E2060E743A1E02F70099A', '22E1E52A02E70182503439F4A7D1AB68'),
('FBCD542F7F0EFB3D37344BF6BBC756DF', 'EC1564663C5558107A23BBA5594E9497');

-- --------------------------------------------------------

--
-- Estrutura da tabela `pacotes_rel_eventos`
--

CREATE TABLE IF NOT EXISTS `pacotes_rel_eventos` (
  `CODPACOTE` char(32) NOT NULL DEFAULT '',
  `CODEVENTO` char(32) NOT NULL DEFAULT '',
  PRIMARY KEY (`CODPACOTE`,`CODEVENTO`)
) ENGINE=MyISAM DEFAULT CHARSET=latin1;

--
-- Extraindo dados da tabela `pacotes_rel_eventos`
--

INSERT INTO `pacotes_rel_eventos` (`CODPACOTE`, `CODEVENTO`) VALUES
('FB6AFECC8FA7CAD0D28393217BB74BDE', '27C3321139D58FE45740D859EE191AB6'),
('FB6AFECC8FA7CAD0D28393217BB74BDE', '815F0F3821C07D220E5527B516EE6431');

-- --------------------------------------------------------

--
-- Estrutura da tabela `pacotes_rel_fotos`
--

CREATE TABLE IF NOT EXISTS `pacotes_rel_fotos` (
  `CODPACOTE` char(32) NOT NULL DEFAULT '',
  `CODFOTO` char(32) NOT NULL DEFAULT '',
  PRIMARY KEY (`CODPACOTE`,`CODFOTO`)
) ENGINE=MyISAM DEFAULT CHARSET=latin1;

--
-- Extraindo dados da tabela `pacotes_rel_fotos`
--

INSERT INTO `pacotes_rel_fotos` (`CODPACOTE`, `CODFOTO`) VALUES
('CB6503A6BD5813D878B21211EFA698A6', '34CB1C3F5C2F6739F5CA2870F1D83840'),
('CBEC0204B501892445417BD220731AE7', '04CFBC06D7C2B35ABCEBA9340D15899E'),
('CBEC0204B501892445417BD220731AE7', '5D82894022549AA5869386046795C2FB'),
('CBEC0204B501892445417BD220731AE7', '699FF66113C3FBC20399321CBDC0F7E3'),
('CBEC0204B501892445417BD220731AE7', '7DC48FBE0F2DE103D7326781BF3798B6'),
('CBEC0204B501892445417BD220731AE7', 'E828F9BB5BE1B2B206773F55598D84BB'),
('FB6AFECC8FA7CAD0D28393217BB74BDE', '60842B567FC58E64039ACC194CC5255D'),
('FB6AFECC8FA7CAD0D28393217BB74BDE', '7690A7B2B195F7E819F599C9568F41EF'),
('FB6AFECC8FA7CAD0D28393217BB74BDE', '9C5CDCEDD540F9429BD2A8956C76704D'),
('FB6AFECC8FA7CAD0D28393217BB74BDE', 'EABF7FBAD8FCAAC26CB773FBEB231EAA');

-- --------------------------------------------------------

--
-- Estrutura da tabela `pessoa`
--

CREATE TABLE IF NOT EXISTS `pessoa` (
  `CODPESSOA` char(32) NOT NULL DEFAULT '',
  `DTA` timestamp NOT NULL DEFAULT CURRENT_TIMESTAMP,
  `NOME` varchar(70) DEFAULT NULL,
  `SOBRENOME` varchar(70) DEFAULT NULL,
  `EMAIL` varchar(32) DEFAULT NULL,
  `SEXO` char(1) DEFAULT NULL,
  `STATUS` char(1) DEFAULT NULL,
  `OWNER` char(32) DEFAULT NULL,
  PRIMARY KEY (`CODPESSOA`)
) ENGINE=MyISAM DEFAULT CHARSET=latin1;

--
-- Extraindo dados da tabela `pessoa`
--

INSERT INTO `pessoa` (`CODPESSOA`, `DTA`, `NOME`, `SOBRENOME`, `EMAIL`, `SEXO`, `STATUS`, `OWNER`) VALUES
('2995E89FB4A77E4FB5F56D4991C75850', '2013-11-03 19:55:03', 'Admin', NULL, NULL, NULL, NULL, '2995E89FB4A77E4FB5F56D4991C75850'),
('B4EC91ED6E6C92AC52099D19C0B1A40E', '2013-11-03 19:55:03', 'Internet', NULL, NULL, NULL, NULL, '2995E89FB4A77E4FB5F56D4991C75850');

-- --------------------------------------------------------

--
-- Estrutura da tabela `pessoa_rel_telefones`
--

CREATE TABLE IF NOT EXISTS `pessoa_rel_telefones` (
  `CODPESSOA` char(32) NOT NULL DEFAULT '',
  `CODTELEFONE` char(32) NOT NULL DEFAULT '',
  PRIMARY KEY (`CODTELEFONE`,`CODPESSOA`)
) ENGINE=MyISAM DEFAULT CHARSET=latin1;

--
-- Extraindo dados da tabela `pessoa_rel_telefones`
--

INSERT INTO `pessoa_rel_telefones` (`CODPESSOA`, `CODTELEFONE`) VALUES
('BC5C0F3AC488544CE6B145A69D5CA268', '00FFE7A96FA0D9A744620B9CB354BE66'),
('78A4836A4A0EFF910FAA9BFB20641758', '018537444799D927A5AC4A4FE1337AC7'),
('1927AEF529BFE2497E47E6A1016D9293', '01935156E187CEF8E8F37B727DF4AA74'),
('78A4836A4A0EFF910FAA9BFB20641758', '02705F967137FFFD54B8954D8AC6FCAF'),
('BC5C0F3AC488544CE6B145A69D5CA268', '030923BE2D5CF755085001CF3773A953'),
('0BBB32E1A962071C010DC10CD856ECC9', '030AF6DAEB17BA255B12F475204B8F1B'),
('DFA95E24964D8771813BF5556FB7389F', '0501A4A49B4C71D9482F6AC823A2413D'),
('BC5C0F3AC488544CE6B145A69D5CA268', '05E91764C726ED21065F7172D9CB9873'),
('BC5C0F3AC488544CE6B145A69D5CA268', '068EFB21CD70BC4006EA5F9DE2E5147E'),
('0BBB32E1A962071C010DC10CD856ECC9', '0744E4CCE4547091FB32F2913B35D67F'),
('78A4836A4A0EFF910FAA9BFB20641758', '077C9E686FB46D6BBC2F861A0041696F'),
('78A4836A4A0EFF910FAA9BFB20641758', '07D1CC82C4217A4A726550D88F24DA15'),
('0BBB32E1A962071C010DC10CD856ECC9', '084A5C967FEA32E7B5D4A8E2E9753930'),
('0BBB32E1A962071C010DC10CD856ECC9', '093194539F6992914872D4E1385D977D'),
('51E0111999B427B751D81887CA21E50E', '0A48A758BBCEEFF77376FAE3CF2582BB'),
('DFA95E24964D8771813BF5556FB7389F', '0BBA80CBACE9FEA6AB6C6C0DE3D89E64'),
('0BBB32E1A962071C010DC10CD856ECC9', '0BE237DB551C84CC6A4B13B01091C916'),
('0BBB32E1A962071C010DC10CD856ECC9', '0C80497A7E86E11412FC1382C090E4C0'),
('DFA95E24964D8771813BF5556FB7389F', '0D2AB51D43FF8B800616BC87CEF1A33E'),
('4C2013652DC2DF24E9A9E8327FB9108D', '0D3B8DA4DA23ECA9C39EDAF50593E35F'),
('0BBB32E1A962071C010DC10CD856ECC9', '0E0858D3C80C633A112C8E38BFEA4BED'),
('BC5C0F3AC488544CE6B145A69D5CA268', '0E16C842F1FC902483787D6CF1A0D05E'),
('0BBB32E1A962071C010DC10CD856ECC9', '0E74ED379CE918D44F1E341E294EA725'),
('4C2013652DC2DF24E9A9E8327FB9108D', '0E9B73169FF78298864EE14706C0B324'),
('4C2013652DC2DF24E9A9E8327FB9108D', '0F1370779088FB594790B857802E2D25'),
('E1BE0435318E25DCB5972E37D75A0388', '0F76D58BDB35556A035CFC0D2AC01664'),
('5DA74797577FE273CFE3A2652BB2F7A4', '10597EF192FDB57D07A5F48A683BB21C'),
('1FFD683F884E94D990BB5DB58A34397D', '12F1EA755F8EC284442D6CC2B1C08BE2'),
('0BBB32E1A962071C010DC10CD856ECC9', '13AA642F4B148D06475BAF01B250A338'),
('1927AEF529BFE2497E47E6A1016D9293', '155E02D4E1E39DBF329B1E10B699B297'),
('E2F58BDEFA4250939D4BCDAD2B33D945', '15C21546EAC93425F847E1EAB81D235C'),
('78A4836A4A0EFF910FAA9BFB20641758', '171A18B29325FB03D71216B190A09B15'),
('0BBB32E1A962071C010DC10CD856ECC9', '1777B2ABC7F201D38291F5EE830FD00F'),
('BC5C0F3AC488544CE6B145A69D5CA268', '18052EA8E72DE76D071ED57A8A180AB7'),
('DFA95E24964D8771813BF5556FB7389F', '18BEF678BD784E0A54B3CBA801D98642'),
('DFA95E24964D8771813BF5556FB7389F', '1983386ECB549CFAD477D1604C141818'),
('78A4836A4A0EFF910FAA9BFB20641758', '19E8B5A2B489EE0B61B59C71124F0C05'),
('0BBB32E1A962071C010DC10CD856ECC9', '1A1C5E469B4BABFDDAE9DF2E9135BFCE'),
('78A4836A4A0EFF910FAA9BFB20641758', '1BE319C73B65C16290661C2530FE4CE5'),
('DFA95E24964D8771813BF5556FB7389F', '1CE9AE94F4C268D6EECB470F33CE392D'),
('78A4836A4A0EFF910FAA9BFB20641758', '1D7F1830B20BA808F4A868D909892091'),
('1FFD683F884E94D990BB5DB58A34397D', '1F65B9DF612899F5CBEC285645E8F05F'),
('78A4836A4A0EFF910FAA9BFB20641758', '2017630B553C43FFBBE527FFBA38961E'),
('DFA95E24964D8771813BF5556FB7389F', '23580026AE0F3683900DF7FBD7273FB5'),
('0BBB32E1A962071C010DC10CD856ECC9', '255E212D94967B5D6E51F9AAD2E1AE28'),
('BC5C0F3AC488544CE6B145A69D5CA268', '276F03A842D5D855EDE50CEA7CCDDC35'),
('DFA95E24964D8771813BF5556FB7389F', '27FA23A9598DB5BD01BBB1708B7B879C'),
('0BBB32E1A962071C010DC10CD856ECC9', '29BDA2F9A1DEA3BCD6CDE231268B8049'),
('78A4836A4A0EFF910FAA9BFB20641758', '2A3EA06ED26CB617B9E548FC7681D0AB'),
('4C2013652DC2DF24E9A9E8327FB9108D', '2AA4F5255CACF4D7E2083B1D402CADF7'),
('0BBB32E1A962071C010DC10CD856ECC9', '2C88B26CE7B69DB402AF07124E2FB793'),
('0BBB32E1A962071C010DC10CD856ECC9', '2D5BAF1E4849CE50F093667E8D5CE0A4'),
('0BBB32E1A962071C010DC10CD856ECC9', '2DB7A94A8B10B1F325DBE910EC38A507'),
('6341D486E5BC033E28B6644CF4AA3F03', '2E3A10C9DB17868A03D774B3B6885366'),
('0BBB32E1A962071C010DC10CD856ECC9', '2E3D9EDE1245D0289374DDDB55EBD9B0'),
('4C2013652DC2DF24E9A9E8327FB9108D', '2E514CC731044AD9FA4E67A9658512EE'),
('DFA95E24964D8771813BF5556FB7389F', '2E74DC3C131F4196D7A7ECFDE7EA7C68'),
('78A4836A4A0EFF910FAA9BFB20641758', '2EB13FDB08C09CB69DC85D66043054D5'),
('0BBB32E1A962071C010DC10CD856ECC9', '2F1628EDCEA9A58A635F893B4112AE46'),
('78A4836A4A0EFF910FAA9BFB20641758', '2F305C1FF0C72520D683045DBC61ECC9'),
('1927AEF529BFE2497E47E6A1016D9293', '307B7D4162C9392CFAF8F625833BFA31'),
('4C2013652DC2DF24E9A9E8327FB9108D', '30A2D577A61D92F92A8DE46F7FDF5C30'),
('78A4836A4A0EFF910FAA9BFB20641758', '3212220F3240B61753EF5D1FDAF57F81'),
('DFA95E24964D8771813BF5556FB7389F', '326333D129BDEAB6C847676C7C6B8061'),
('0BBB32E1A962071C010DC10CD856ECC9', '333C245824F67CE8D48652BAF99F60F0'),
('DFA95E24964D8771813BF5556FB7389F', '354164EE2DFF3E7DE9283BD63FF7C7F4'),
('7C3F8242C6447015C05C356435EDC2D4', '35CE57D0C965B208C0A7836E50524012'),
('DFA95E24964D8771813BF5556FB7389F', '3603240210B4C5C35EB7B4FFA9B6108B'),
('257404847BA288DBEDB11302AAA4FE6F', '3650FF55C45C334CDAC3AFB61EBB9A98'),
('0BBB32E1A962071C010DC10CD856ECC9', '37559B8F1024F308F1AAAB49FD7ADC09'),
('1927AEF529BFE2497E47E6A1016D9293', '375A6DAEBE1E46B10CEA3F3CA81E614E'),
('0BBB32E1A962071C010DC10CD856ECC9', '384C4EA5A875FD8222A8DDAD56246A7D'),
('0BBB32E1A962071C010DC10CD856ECC9', '395806543F8C51E488509EA84BA999BB'),
('0BBB32E1A962071C010DC10CD856ECC9', '3AFA191D2A50E4ADE299899194A83A42'),
('0BBB32E1A962071C010DC10CD856ECC9', '3B23C592F1EC5C0764A5EF75168BA545'),
('0BBB32E1A962071C010DC10CD856ECC9', '3B2C5610F6819AA74DA12C7F83243C8A'),
('0BBB32E1A962071C010DC10CD856ECC9', '3B7561EB78CE6FF207CD9C475118096C'),
('DFA95E24964D8771813BF5556FB7389F', '3C2863D6D795CEB25B72747C9345B2BA'),
('BC5C0F3AC488544CE6B145A69D5CA268', '3C9AB1CA83BC8EDA10DCA063323C142C'),
('F8F0CFD01AA21997F1DB928143022B67', '3D4126F02103B20E2A4CD174B87E6CFE'),
('1927AEF529BFE2497E47E6A1016D9293', '3D4A7CA38595509A2AD6A77AD0100B20'),
('1927AEF529BFE2497E47E6A1016D9293', '3DD8F947E7F45EB83594ECC96D048CD0'),
('0BBB32E1A962071C010DC10CD856ECC9', '3DF45129026DDAC30ACC9803B0827DD6'),
('0BBB32E1A962071C010DC10CD856ECC9', '3EB8F83BB2AA820863C9D6F002226125'),
('BC5C0F3AC488544CE6B145A69D5CA268', '3FF6ABEB610AC991D9005CD0266D0C47'),
('78A4836A4A0EFF910FAA9BFB20641758', '40AE03FA7481ADA4120A6FA4FE3C61A5'),
('78A4836A4A0EFF910FAA9BFB20641758', '40EA5F079063A9E54BB8AEED76BED278'),
('6FB26E647BA0B6081656FED4A9E35A96', '4373CE7E277ECDD4E237628FD36FFD5A'),
('DFA95E24964D8771813BF5556FB7389F', '44A8EC6564110A4967E8D767E4595B8E'),
('BC5C0F3AC488544CE6B145A69D5CA268', '450FEA20F4324B4116A540B3E75793D0'),
('6341D486E5BC033E28B6644CF4AA3F03', '4569E333B5D539413FBFC7163FE2EF22'),
('1927AEF529BFE2497E47E6A1016D9293', '459D0C5166018F994708B3EBF9FE8731'),
('0BBB32E1A962071C010DC10CD856ECC9', '45BDC9F0BCF0C931CC22A8D53BCC83A8'),
('AB052D6F477238B469D3531F2202198E', '4665B7020744B6343D1EA8020A4085DB'),
('6341D486E5BC033E28B6644CF4AA3F03', '4671084C8191E676AE7A423563054B46'),
('5DA74797577FE273CFE3A2652BB2F7A4', '4803937CD679712E3640DFEAD811A41B'),
('78A4836A4A0EFF910FAA9BFB20641758', '48D1B08878D55F654DB75C66E6B36D8C'),
('0BBB32E1A962071C010DC10CD856ECC9', '49917E89DAA84ED0DF4281792FED8BC9'),
('DFA95E24964D8771813BF5556FB7389F', '4C8021E7D760A7118EF68AFAB88706AA'),
('1927AEF529BFE2497E47E6A1016D9293', '4CE50DBA7D11A36BECCBB2D0204BB9EA'),
('78A4836A4A0EFF910FAA9BFB20641758', '4E4CAB9E620CFDEBE2791DFA4AD70385'),
('DFA95E24964D8771813BF5556FB7389F', '51421F74775645DEDDA92C763ECDA020'),
('1927AEF529BFE2497E47E6A1016D9293', '5196B24F830BCDC3C9CE80593E707C6C'),
('0BBB32E1A962071C010DC10CD856ECC9', '52CBBC56312990AB1BB42C0F9FA2EBE3'),
('0BBB32E1A962071C010DC10CD856ECC9', '530C44531BF732BA0B3838B86AA3EA1F'),
('F8F0CFD01AA21997F1DB928143022B67', '549E93B600F9C48B81487D183BEEA63C'),
('4C2013652DC2DF24E9A9E8327FB9108D', '54C33E092B3C9F5086892429803C91A9'),
('BC5C0F3AC488544CE6B145A69D5CA268', '5627C7758EA797B8EE72DB74E42F0E28'),
('78A4836A4A0EFF910FAA9BFB20641758', '566D546A8C8D434ECC796FCC5366BD29'),
('0BBB32E1A962071C010DC10CD856ECC9', '56A96DD4AD107F13DCBB024287D463B2'),
('1927AEF529BFE2497E47E6A1016D9293', '5876866B3148C14EF0122FEC53C3B820'),
('DFA95E24964D8771813BF5556FB7389F', '58B58F99C0E31D5D17D2A065AD69245F'),
('5DA74797577FE273CFE3A2652BB2F7A4', '5B0513A3739F2C654FB011AEFC51BB7C'),
('78A4836A4A0EFF910FAA9BFB20641758', '5B64FE5BEB279E0B46D95C8A80BDF168'),
('78A4836A4A0EFF910FAA9BFB20641758', '5B9BCD7E4C6B613CD3AE0BD4672F592D'),
('0BBB32E1A962071C010DC10CD856ECC9', '5C4A7AB1F02C2655152FE39DCA791AA4'),
('5B68D63794F30FBA9083B9FFB15E4CFE', '5DB00B68738DA8072A30F06A29847C95'),
('78A4836A4A0EFF910FAA9BFB20641758', '5F27A67623D4DF3668CCEDB095FFFF54'),
('0BBB32E1A962071C010DC10CD856ECC9', '5F40D966761F8D4EF1237CFA4869E2BC'),
('E2DF717C6B733DCB9A2EAB78885E7740', '604F1A44876F6076A77C07CA8E681CA0'),
('BC5C0F3AC488544CE6B145A69D5CA268', '60607576A9BAD102C065D17A22FEDB82'),
('1927AEF529BFE2497E47E6A1016D9293', '6097CF54A0802EEAB155EAD84D4BB4FD'),
('1927AEF529BFE2497E47E6A1016D9293', '62627324DE1CFA308F57292A630B352A'),
('78A4836A4A0EFF910FAA9BFB20641758', '6276208ECDEC87E2D5847BD4AF637738'),
('DFA95E24964D8771813BF5556FB7389F', '62AEAD956DF2455A33824AE343158423'),
('78A4836A4A0EFF910FAA9BFB20641758', '62E60DD1147E01C3F455E7676BA12AAB'),
('DFA95E24964D8771813BF5556FB7389F', '648F59833CDCA8C9659568F364D96D47'),
('DFA95E24964D8771813BF5556FB7389F', '6536B70E30E92AE8CBA4A022DD27471C'),
('1927AEF529BFE2497E47E6A1016D9293', '65471354C383F58A3EB9A093B1F1E1D1'),
('0BBB32E1A962071C010DC10CD856ECC9', '657CFE890D18DC40E4CF31957A9AB9BA'),
('0BBB32E1A962071C010DC10CD856ECC9', '67BD25579148A8CE5E36956997256798'),
('BC5C0F3AC488544CE6B145A69D5CA268', '686401FDE26CD7FFA841D8336F1089EE'),
('4C2013652DC2DF24E9A9E8327FB9108D', '6927277E6A9F8F73041B043BEB710C9E'),
('1927AEF529BFE2497E47E6A1016D9293', '6A897981082DAF8A610382D73CE95A2D'),
('0BBB32E1A962071C010DC10CD856ECC9', '6BF4B2DBF0C72B91F567C81AD249664A'),
('78A4836A4A0EFF910FAA9BFB20641758', '6CBE21C1AE8FE5182BF549646383BF28'),
('0BBB32E1A962071C010DC10CD856ECC9', '6E690E67416C2195F87B8F8833E3AADA'),
('DFA95E24964D8771813BF5556FB7389F', '6F6356C99F2F3D8D06980CAE766DA0CB'),
('0BBB32E1A962071C010DC10CD856ECC9', '6F65663D35446EFDDC6F01AB2455B5DD'),
('6341D486E5BC033E28B6644CF4AA3F03', '6F9BECA1E1613C3C6BAF95B2450AFE7C'),
('FE9903400E12DA6FD2513A69BB88BB3C', '6FD4C15565A9AC901D02E4ADF91B618B'),
('1927AEF529BFE2497E47E6A1016D9293', '7180B86E06FD284DB2B7E971296337D2'),
('78A4836A4A0EFF910FAA9BFB20641758', '71E33D4A21BEB70F64D8F6C1E30C7C74'),
('BC5C0F3AC488544CE6B145A69D5CA268', '722389094CC70E5DC00550B39920A2D7'),
('78A4836A4A0EFF910FAA9BFB20641758', '7232E969545EBDD5EE8A1F59E2361977'),
('78A4836A4A0EFF910FAA9BFB20641758', '72351680A5EC2403DF9BA2BC9AAAA16B'),
('78A4836A4A0EFF910FAA9BFB20641758', '72C1394AFD21EA28F1FCC2B67AD7B10F'),
('4E589203A5D282F7196872841B5AA751', '73943F1A2B66B1CBD4955ADBE86076AA'),
('78A4836A4A0EFF910FAA9BFB20641758', '745EBEDC62D0C880762D6168A7073BE3'),
('0BBB32E1A962071C010DC10CD856ECC9', '75A1938642DCFF843C75A12735CCCDE0'),
('0BBB32E1A962071C010DC10CD856ECC9', '75A39EBA1B47423D3E9BE64ED4619552'),
('0BBB32E1A962071C010DC10CD856ECC9', '76DCED406E584598CC042316939D3F56'),
('DFA95E24964D8771813BF5556FB7389F', '77BC256C31FEFAD4001194CB5B18B3F3'),
('0BBB32E1A962071C010DC10CD856ECC9', '78536E33FCC0B3E48948BE02001B3CB8'),
('0BBB32E1A962071C010DC10CD856ECC9', '788E3F891F5274596C2C804D50A9F98A'),
('BC5C0F3AC488544CE6B145A69D5CA268', '78C133D6ECCAEC7C3E53EE4CFFF48CF3'),
('F8F0CFD01AA21997F1DB928143022B67', '799E12EDDDB9C8613545B9E0A953DCE2'),
('1927AEF529BFE2497E47E6A1016D9293', '79E346ACA1CE9DBD96382D45F7A16D28'),
('6FB26E647BA0B6081656FED4A9E35A96', '7A215595EC1F35CC9DD8F59DC41F1CC9'),
('41E0A68AF3DEC136D6A49DC6E213A350', '7A31553EE43B2511639155936870AD66'),
('BC5C0F3AC488544CE6B145A69D5CA268', '7AD36A648C616E92FB001E976974E463'),
('F8F0CFD01AA21997F1DB928143022B67', '7D0C9EEE6F9A212C61B8731F2C1E1F93'),
('78A4836A4A0EFF910FAA9BFB20641758', '7D83823EAF11BBD22C446CA3F8E3FB1F'),
('25A7B353F2052730E23C42ABC7828F1D', '7DA44CCC86004341CE768CAD525DFA37'),
('1927AEF529BFE2497E47E6A1016D9293', '7E3CEA6FEE83E3E804E7D913470D42F6'),
('0BBB32E1A962071C010DC10CD856ECC9', '7E886DD869C63949B2737DE33D06C749'),
('1927AEF529BFE2497E47E6A1016D9293', '7F39947EDCC3AFE69BF8F7CF7F7417B1'),
('0BBB32E1A962071C010DC10CD856ECC9', '7F4BB1FCB9DA3E5D5690289B7224C697'),
('0BBB32E1A962071C010DC10CD856ECC9', '806D7DBD929F23A26D3BBEA132E3C7B1'),
('0BBB32E1A962071C010DC10CD856ECC9', '80FCBD9A2676B9FE1EA160AAD4F8D915'),
('78A4836A4A0EFF910FAA9BFB20641758', '81CD17330F0D640B98C04C79BEB23D41'),
('78A4836A4A0EFF910FAA9BFB20641758', '820BE364DBBEDB0E76830BF731CA8F36'),
('0BBB32E1A962071C010DC10CD856ECC9', '83BBDC69955DB4204402D369189323AF'),
('1927AEF529BFE2497E47E6A1016D9293', '840E0D8CBCC724BDE100D82F2BD9F7E9'),
('78A4836A4A0EFF910FAA9BFB20641758', '85445BC6836A70677F515655368D3197'),
('1927AEF529BFE2497E47E6A1016D9293', '85C075307EBE28F264724C3AD9D12477'),
('1927AEF529BFE2497E47E6A1016D9293', '85D7E408FEE3A65F994E207AC96E964A'),
('78A4836A4A0EFF910FAA9BFB20641758', '86953F3DC8E15A2B4CB11946480066BA'),
('0BBB32E1A962071C010DC10CD856ECC9', '8833DA86BD5F352DE15B5DA840906C6E'),
('BC5C0F3AC488544CE6B145A69D5CA268', '89BA3D903529224E597B85ABA949D6DE'),
('0BBB32E1A962071C010DC10CD856ECC9', '8A0486788214C77DFF7813DC6B7504AD'),
('1927AEF529BFE2497E47E6A1016D9293', '8AA4DE306C50911B50D0E6FE2331AEB9'),
('78A4836A4A0EFF910FAA9BFB20641758', '8BE1332443E19B65FC7FEED1AB79C476'),
('78A4836A4A0EFF910FAA9BFB20641758', '8CBC8C9C9CE1954DA9D3033CC94AC994'),
('0BBB32E1A962071C010DC10CD856ECC9', '8D5DC3F18966DC308DA445CA4F379135'),
('DFA95E24964D8771813BF5556FB7389F', '8E1E8F2C80EC0C1BC969ECA49CED152C'),
('0BBB32E1A962071C010DC10CD856ECC9', '90476A0EF7D1C46EAA072ABE669E9982'),
('4C2013652DC2DF24E9A9E8327FB9108D', '90549DD109C88333E53F1AD773C0ACBA'),
('0BBB32E1A962071C010DC10CD856ECC9', '906F1097F16E55FA3C106893088D0F9D'),
('0BBB32E1A962071C010DC10CD856ECC9', '90875C7E8A2DA9DEE612BE88E53F309A'),
('0BBB32E1A962071C010DC10CD856ECC9', '90B8C27208D5B5E859FFD749831999F4'),
('0BBB32E1A962071C010DC10CD856ECC9', '9161E37EBC27F181AB53BBC2D55F7191'),
('78A4836A4A0EFF910FAA9BFB20641758', '917A38469B4CEB762E41EF6E25B57917'),
('0BBB32E1A962071C010DC10CD856ECC9', '9196D583561CE980FB8A55AC659EA7FE'),
('DFA95E24964D8771813BF5556FB7389F', '91C6CD2F815978B8F7287F1FB3943371'),
('78A4836A4A0EFF910FAA9BFB20641758', '934B7BDC0E603ADD7867BB0CAFD829A7'),
('0BBB32E1A962071C010DC10CD856ECC9', '939C2A7BD1B65700B13390669F526AF2'),
('0BBB32E1A962071C010DC10CD856ECC9', '94D24CC3602DA30E7DE97CAAD80890C3'),
('E1BE0435318E25DCB5972E37D75A0388', '94D31B6087486DCE56B21A77CD5204CB'),
('1927AEF529BFE2497E47E6A1016D9293', '953E780956BCEA8426DED0BB6668899F'),
('BC5C0F3AC488544CE6B145A69D5CA268', '95961F8E295C9391908897F84DA95DA3'),
('4C2013652DC2DF24E9A9E8327FB9108D', '95AC3726C4FCD9A2BE536F0097C5BB35'),
('DFA95E24964D8771813BF5556FB7389F', '976DFAF1C7EBB6E320DAE8D4DE949E89'),
('78A4836A4A0EFF910FAA9BFB20641758', '978685B505826CD918347E4036FF2E7E'),
('78A4836A4A0EFF910FAA9BFB20641758', '99B8FC2EE2E2542FDF48E58D0836C066'),
('BC5C0F3AC488544CE6B145A69D5CA268', '9A61914FE7564AA697AEEA22BE48380A'),
('0BBB32E1A962071C010DC10CD856ECC9', '9B1E32B152B3D5BFA0EE96A7028AEB1B'),
('1927AEF529BFE2497E47E6A1016D9293', '9C4DFFC4A86B68EF760A06DF67D3A9F3'),
('0BBB32E1A962071C010DC10CD856ECC9', '9C559BF23B4DEA73BF023DECDBBB7CF2'),
('BC5C0F3AC488544CE6B145A69D5CA268', '9CD48F87A520E06E995E93CA140944C8'),
('78A4836A4A0EFF910FAA9BFB20641758', '9CEB0BD7E9D4BF5F23765DD6905D5DC7'),
('0BBB32E1A962071C010DC10CD856ECC9', '9E767AF198FE0514037C0B2AA406195C'),
('1927AEF529BFE2497E47E6A1016D9293', '9ECD6D600D9D68DECBD7450BB7200D37'),
('BC5C0F3AC488544CE6B145A69D5CA268', '9F028A9BB9313A158A980EFC17FD2B19'),
('E2DF717C6B733DCB9A2EAB78885E7740', '9F212D00C46E285F7CE7858A05F30816'),
('78A4836A4A0EFF910FAA9BFB20641758', '9FA6CA8BCE55F408B86B7D2FB0C69042'),
('DFA95E24964D8771813BF5556FB7389F', 'A095C9BDFE55EC976143D1E99B037B4D'),
('1927AEF529BFE2497E47E6A1016D9293', 'A2E66094655D9DAE98EA2B12BF5EBA38'),
('1927AEF529BFE2497E47E6A1016D9293', 'A394E83D69FCB0EA24AE0B69B67BBA21'),
('78A4836A4A0EFF910FAA9BFB20641758', 'A39DA7062B5AFB31DF3856237E3AC7A3'),
('BC5C0F3AC488544CE6B145A69D5CA268', 'A447F87DAE76B68F553C61EFCB3A44B2'),
('0BBB32E1A962071C010DC10CD856ECC9', 'A4AAFBFD95C4BD76419C6D129E602B6B'),
('E2F58BDEFA4250939D4BCDAD2B33D945', 'A505A791274505A9E8CF636F3048BA70'),
('F8F0CFD01AA21997F1DB928143022B67', 'A5653A20FC2C557ED7E6BD617585F59D'),
('BC5C0F3AC488544CE6B145A69D5CA268', 'A880976D46DA9B164C52651976D1CB48'),
('78A4836A4A0EFF910FAA9BFB20641758', 'A891A7101A14D05BD5213800757CB980'),
('78A4836A4A0EFF910FAA9BFB20641758', 'A8F8B9CAD6CBC26FA2BD1C7A2D26FA6A'),
('BC5C0F3AC488544CE6B145A69D5CA268', 'A93789B21269D70421C3F12B1A45C1C2'),
('BC5C0F3AC488544CE6B145A69D5CA268', 'A9EE57E121864FB7110C46BCC49758A9'),
('5B68D63794F30FBA9083B9FFB15E4CFE', 'AA79F40BEEC0A89C668697EE814FFF99'),
('AB052D6F477238B469D3531F2202198E', 'AAF0196FC94E6CEC4C62E9D7A22D0B68'),
('78A4836A4A0EFF910FAA9BFB20641758', 'AB5734E3825FBBA294B4EC73E1A56216'),
('0BBB32E1A962071C010DC10CD856ECC9', 'ABD1FA6CFD1E9E4C1EC97DD26D28F92D'),
('0BBB32E1A962071C010DC10CD856ECC9', 'AD118A757D8E7EFF748DC765AC675E7F'),
('1927AEF529BFE2497E47E6A1016D9293', 'AE14017541FD87E6DBCCB8893A0ACE74'),
('4C2013652DC2DF24E9A9E8327FB9108D', 'AED8ECCA378489642B6C3FA0194DAD61'),
('257404847BA288DBEDB11302AAA4FE6F', 'B0F0A7F213BA3EEE4717F5B8C00B7C73'),
('DFA95E24964D8771813BF5556FB7389F', 'B13007BBA8823107450E221FA37E3E84'),
('BC5C0F3AC488544CE6B145A69D5CA268', 'B190D95340A7D43F51D86981D390B584'),
('BC5C0F3AC488544CE6B145A69D5CA268', 'B398A65F52C4A0B6E98774ECEE91E780'),
('DFA95E24964D8771813BF5556FB7389F', 'B3F18BE6D3F0CB17110414EF9CB97A19'),
('78A4836A4A0EFF910FAA9BFB20641758', 'B4FE1939FCF70042A88CE93A616D89A2'),
('0BBB32E1A962071C010DC10CD856ECC9', 'B57662C112EC425DF315FA14F9D7F3EE'),
('0BBB32E1A962071C010DC10CD856ECC9', 'B65DAEEA4DE719C006A446B212668F9A'),
('0BBB32E1A962071C010DC10CD856ECC9', 'B69C10CB47C5A727D12187C9EE86AA15'),
('78A4836A4A0EFF910FAA9BFB20641758', 'B7505B3FCC01C94F80FFEAB795C5D6D2'),
('1EA83A5A9BADAEA08623D3DF0C6F3F82', 'B87B91E21342B2C25A2A9FB05ECE8E0C'),
('78A4836A4A0EFF910FAA9BFB20641758', 'B9DF2A87411225C17561A399DBFAE539'),
('78A4836A4A0EFF910FAA9BFB20641758', 'BB37456DAB4EF198ABAC274EDFBBAEB9'),
('78A4836A4A0EFF910FAA9BFB20641758', 'BB754119B1687A77F7606DB034D0E296'),
('0BBB32E1A962071C010DC10CD856ECC9', 'BBC6429A4773899DA152AED65FA949BB'),
('BC5C0F3AC488544CE6B145A69D5CA268', 'BD0D5050AA17548427D0D1955830B55F'),
('6FB26E647BA0B6081656FED4A9E35A96', 'BD130DC67F3DC3E648D462228C1CDE94'),
('78A4836A4A0EFF910FAA9BFB20641758', 'BD78C03470188D3DBBB6B0473BAF05BD'),
('4C2013652DC2DF24E9A9E8327FB9108D', 'BDF24D3694BEE0551A1A19C9E850BF85'),
('0BBB32E1A962071C010DC10CD856ECC9', 'BE456168A995E425BF4B5B2BFC9BAE6D'),
('0BBB32E1A962071C010DC10CD856ECC9', 'BE5A6164B2306CEC70C852907EF759FA'),
('0BBB32E1A962071C010DC10CD856ECC9', 'C0725334CF33037F58DF64E82B9B01B8'),
('6341D486E5BC033E28B6644CF4AA3F03', 'C0C7D58CBA2BDF5EA0D0713AB8BF0AA8'),
('0BBB32E1A962071C010DC10CD856ECC9', 'C1CEC7AC99090B19034066CFCB004E2B'),
('78A4836A4A0EFF910FAA9BFB20641758', 'C2FB89BA70889B0E97931C53008F2DF3'),
('1927AEF529BFE2497E47E6A1016D9293', 'C49BC392083A4C164C329A5BA255A2DA'),
('6341D486E5BC033E28B6644CF4AA3F03', 'C558D5109EA4C47B6D02025861C131C8'),
('78A4836A4A0EFF910FAA9BFB20641758', 'C7E1E2E9496FB188292AA553093E65E4'),
('4EF2A5D4E70E452246771B5736B963A1', 'C96B7BEB1F674850B02A68311A57AAA1'),
('4C2013652DC2DF24E9A9E8327FB9108D', 'CA74209246A32C772461AE0C55E3A691'),
('78A4836A4A0EFF910FAA9BFB20641758', 'CB693E3BC45A0B81998B408196882C2D'),
('0BBB32E1A962071C010DC10CD856ECC9', 'CC3BFC1DC993FBD7B9FF90ACF2ECBEFD'),
('1927AEF529BFE2497E47E6A1016D9293', 'CC5577B921140DB97E5F129D02A2F2AA'),
('78A4836A4A0EFF910FAA9BFB20641758', 'CCAE26411DA87A431E4A75BF940387AE'),
('5B68D63794F30FBA9083B9FFB15E4CFE', 'CD6BDCE6BFFC7C027986712296181C80'),
('0BBB32E1A962071C010DC10CD856ECC9', 'CD98A43E5F35310E421F34E946274F10'),
('0BBB32E1A962071C010DC10CD856ECC9', 'CDC5D26CA10CE42D77DF8B542B302C0C'),
('78A4836A4A0EFF910FAA9BFB20641758', 'CE260657E9639565FBE4E2E4486FEC80'),
('DFA95E24964D8771813BF5556FB7389F', 'CE53D0D011DA9F39A5DD97AEBA63A8AD'),
('4C2013652DC2DF24E9A9E8327FB9108D', 'CF2294D69234AD3C7EF21172261B03F7'),
('DFA95E24964D8771813BF5556FB7389F', 'CF647B44717AA8CE2497A3C5F2569313'),
('BC5C0F3AC488544CE6B145A69D5CA268', 'CFBA0689ED443C2EBDC7EA0E334E9530'),
('E2F58BDEFA4250939D4BCDAD2B33D945', 'D04167B44F846FD189F50239A4257F2A'),
('78A4836A4A0EFF910FAA9BFB20641758', 'D0E55FD51C9737CDE75299C4117D7D58'),
('BC5C0F3AC488544CE6B145A69D5CA268', 'D5FC79716CF630BAFC051C2DECCAAA2C'),
('0BBB32E1A962071C010DC10CD856ECC9', 'D623BC92BA028641F4839A0C0E534151'),
('E2F58BDEFA4250939D4BCDAD2B33D945', 'D6550374A5AE3BB7B7D0FC4FD1A3BE58'),
('DFA95E24964D8771813BF5556FB7389F', 'D71E4CF37269755990A0F0E183C5E022'),
('BC5C0F3AC488544CE6B145A69D5CA268', 'D8D875C26DDDCF2428420B9731445721'),
('0BBB32E1A962071C010DC10CD856ECC9', 'D91ED8C0B764D669743E43B82A4724D8'),
('DFA95E24964D8771813BF5556FB7389F', 'D924FF81113CA80910FE0F4D7FDED589'),
('BC5C0F3AC488544CE6B145A69D5CA268', 'DA63FC8C16BC30A613DCE97408ABD989'),
('1927AEF529BFE2497E47E6A1016D9293', 'DBC4314F098B1DC65A189241F8216870'),
('257404847BA288DBEDB11302AAA4FE6F', 'DC66096E93F19E8A72823C92D26D31CE'),
('78A4836A4A0EFF910FAA9BFB20641758', 'DCE18E633D98D6A489FD22F8A132D1DB'),
('78A4836A4A0EFF910FAA9BFB20641758', 'DCE7BA6E163639CC7EB7949D97DC92DD'),
('BC5C0F3AC488544CE6B145A69D5CA268', 'DDA4EB7C5462C88FEB97A2E2A03813D0'),
('BC5C0F3AC488544CE6B145A69D5CA268', 'DEE322FFFFDA36F2BCE3D419DF295DC1'),
('4C2013652DC2DF24E9A9E8327FB9108D', 'DEFE4D4843BAD2DBA44BED46B79F6EE2'),
('DFA95E24964D8771813BF5556FB7389F', 'E03255128A294F783CFFA3C8A9B1E39C'),
('0BBB32E1A962071C010DC10CD856ECC9', 'E0469270EB27574153FAC7147F39BCDB'),
('78A4836A4A0EFF910FAA9BFB20641758', 'E2F54009A58B6DAEB73775D6C890DF44'),
('78A4836A4A0EFF910FAA9BFB20641758', 'E34C2463393FA143AF8CE6E7945E96FB'),
('0BBB32E1A962071C010DC10CD856ECC9', 'E4A40EC2E207FE466CCA8DA8F4AEB9D5'),
('57FD515C9A321A948E7CF43DA11C0254', 'E4F7DDAE69F5231ADB2BE61E42D7BADF'),
('78A4836A4A0EFF910FAA9BFB20641758', 'E547C1A9374C6AD5D76213AC3607F707'),
('0BBB32E1A962071C010DC10CD856ECC9', 'E5B29ED20A3F7E90A7927FDF98566BAD'),
('78A4836A4A0EFF910FAA9BFB20641758', 'E7CC54204528A44C1F2319E00B7FBF16'),
('78A4836A4A0EFF910FAA9BFB20641758', 'E7E16F5E46D2DEE739550A55FDFDBB62'),
('DFA95E24964D8771813BF5556FB7389F', 'E881FD1B5AF4299F3CF0696BF3E9F3E8'),
('0BBB32E1A962071C010DC10CD856ECC9', 'EAA558F12F11159800535785B3FABC10'),
('DFA95E24964D8771813BF5556FB7389F', 'EB8AAFE30CB2ED75A4A2829E1F1E2D5D'),
('0BBB32E1A962071C010DC10CD856ECC9', 'EC013B675F13540C3007714BEBBB4904'),
('0BBB32E1A962071C010DC10CD856ECC9', 'ED7183114ECE82E85DE05BEB1F77F2CF'),
('DFA95E24964D8771813BF5556FB7389F', 'EDC03AD2847436CC6EF487D93F2C4363'),
('E2F58BDEFA4250939D4BCDAD2B33D945', 'EE5F9DF9A8BB20B50BC31942A3BD0D6D'),
('DFA95E24964D8771813BF5556FB7389F', 'EF4ABE1B535D55966E9BD0BC918C7563'),
('78A4836A4A0EFF910FAA9BFB20641758', 'EF8B2EAC273413B295BC8537EB997345'),
('78A4836A4A0EFF910FAA9BFB20641758', 'F01B18D5F17CF25DD654E6175A59546D'),
('0BBB32E1A962071C010DC10CD856ECC9', 'F12A36337EC4F23FEF772E3C21F9018D'),
('DFA95E24964D8771813BF5556FB7389F', 'F39686410A3272079246CCF0297E986F'),
('B166FCD89F035E4C6E2DEB2A9DEA7E2D', 'F40FAF53F843E5A97EC9A31E2E1C0DDD'),
('DFA95E24964D8771813BF5556FB7389F', 'F4FFB75DEFD6311569DD3E03D46B1006'),
('DFA95E24964D8771813BF5556FB7389F', 'F54DDB58C650D63C22D88A35124AEEFD'),
('DFA95E24964D8771813BF5556FB7389F', 'F737FB2AAAEC1760B5889B2D05EB13EE'),
('0BBB32E1A962071C010DC10CD856ECC9', 'FA60010E0B17377A2C8EF11AD29DAA75'),
('1927AEF529BFE2497E47E6A1016D9293', 'FB29722026877F4C401317E6E65D0B81'),
('0BBB32E1A962071C010DC10CD856ECC9', 'FB92863C20BE7455795986E11B5F9881'),
('BC5C0F3AC488544CE6B145A69D5CA268', 'FBB092DF30B0BE629E3C05D370D236AD'),
('0BBB32E1A962071C010DC10CD856ECC9', 'FCE5530E98865F65DFE3C5AD206CEB12'),
('0BBB32E1A962071C010DC10CD856ECC9', 'FD416C90FD0FE3FB29D733E571BA4D3B'),
('1927AEF529BFE2497E47E6A1016D9293', 'FECF95B5E2BBC86F83520B05046194D5'),
('0BBB32E1A962071C010DC10CD856ECC9', 'FFF450599BBB66ED778834A54CB6D5D4');

-- --------------------------------------------------------

--
-- Estrutura da tabela `pousada`
--

CREATE TABLE IF NOT EXISTS `pousada` (
  `INGLES` blob,
  `PORTUGUES` blob,
  `ESPANHOL` blob
) ENGINE=MyISAM DEFAULT CHARSET=latin1;

--
-- Extraindo dados da tabela `pousada`
--

INSERT INTO `pousada` (`INGLES`, `PORTUGUES`, `ESPANHOL`) VALUES
(0x3c703e3c7374726f6e673e596f757220626561636820686f757365206f6365616e66726f6e742042757a696f733c2f7374726f6e673e3c2f703e0d0a3c703e3c7374726f6e673e3c2f7374726f6e673e3c6272202f3e4c6f636174656420696e207468652076696272616e7420616e642062656175746966756c2063697479206f662042757a696f732c2074686520506f7573616461204d61726176697374612069732070726976696c6567656420746f2068617665206120756e69717565206c6f636174696f6e3a206469726563746c79206f6e20746865204765726962266161637574653b2062656163682e204a757374206f6e65207374657020746f206665656c207468652073616e64206f6e20796f757220666565742066726f6d206f6e65206f6620746865206d6f73742066616d6f7573204272617a696c69616e20626561636865732e3c6272202f3e5468652070726976696c65676564206c6f636174696f6e20636f6d62696e65642077697468206f757220636f6d666f727461626c6520616e6420766172696f757320666163696c697469657320616e642077697468206f75722064656469636174696f6e20746f2070726f766964696e67207468652062657374207175616c697479207365727669636573206d616b652074686520506f7573616461204d61726176697374612074686520706572666563742063686f69636520666f7220796f7572207374617920696e2042757a696f732e3c2f703e0d0a3c703e4f7572207465616d20697320636f6d6d697474656420616e64207175616c696669656420746f206d616b6520796f7572207472697020756e666f726765747461626c652e20596f752077696c6c206665656c206c696b6520796f75207765726520696e20796f7572206f776e20626561636820686f75736520696e2042757a696f73213c2f703e0d0a3c703e3c7374726f6e673e52656c617820616e6420656e6a6f793c2f7374726f6e673e3c2f703e0d0a3c703e3c7374726f6e673e3c2f7374726f6e673e3c6272202f3e506f7573616461204d6172617669737461206f66666572732065766572797468696e6720796f75206e65656420666f7220616e20656e6a6f7961626c6520616e6420756e666f726765747461626c6520657870657269656e636520696e2042757a696f73213c6272202f3e46726f6d205374616e6461726420746f20746865204d61737465722053756974652c20616c6c206f757220726f6f6d732061726520636f6d666f727461626c6520616e64206e6963656c79206465636f72617465642e20496e20746865206d6f726e696e67202c207765206f6666657220612064656c6963696f757320616e642076617269656420627265616b6661737420776974682061207374756e6e696e6720766965777320746f20746865207365612e3c6272202f3e456e6a6f79207468652064617920617420746865206265616368206f7220706f6f6c2c20796f75206d6179206576656e2072656c617820696e20746865207361756e61206f722068656174656420776869726c706f6f6c2e2048756e677279203f204f757220266167726176653b206c612063617274652072657374617572616e742073657276657320612076617269657479206f66206c6f63616c207370656369616c7469657320746f207361766f7220776174657266726f6e7420696e207468652072657374617572616e7420697473656c66206f7220696e207468652062656163682073616e642c207768696c65206f7572206261726d616e2070726570617265732064656c6963696f7573206472696e6b73202820636f636b7461696c732029202e3c2f703e, 0x3c703e3c7374726f6e673e537561206361736120646520707261696120266167726176653b2062656972612d6d61722064652042267561637574653b7a696f733c2f7374726f6e673e3c2f703e0d0a3c703e3c7374726f6e673e3c2f7374726f6e673e3c6272202f3e4c6f63616c697a61646f206e61206369646164652076696272616e7465206520626f6e6974612064652042267561637574653b7a696f732c206120506f7573616461204d61726176697374612074656d206f2070726976696c266561637574653b67696f2064652074657220756d61206c6f63616c697a612663636564696c3b266174696c64653b6f2070726976696c656769616461203a206e61207072616961206465204765726962266161637574653b2e204170656e617320756d20706173736f20706172612073656e746972206120617265696120656d20736575732070266561637574653b7320646520756d612064617320707261696173206d6169732066616d6f73617320646f2042726173696c202e3c6272202f3e41206c6f63616c697a612663636564696c3b266174696c64653b6f2070726976696c6567696164612c20636f6d20696e7374616c612663636564696c3b266f74696c64653b657320636f6e666f7274266161637574653b76656973202623383230333b2623383230333b652076266161637574653b72696f73206520636f6d2061206e6f737361206465646963612663636564696c3b266174696c64653b6f20656d20666f726e65636572206f73206d656c686f7265732073657276692663636564696c3b6f73206465207175616c69646164652066617a656d20646120506f7573616461204d61726176697374612061206573636f6c68612070657266656974612070617261206120737561206573746164696120656d2042267561637574653b7a696f732e3c2f703e0d0a3c703e4e6f7373612065717569706520657374266161637574653b20636f6d70726f6d65746964612065207175616c69666963616461207061726120746f726e61722061207375612076696167656d20696e657371756563266961637574653b76656c2e20566f632665636972633b207661692073656e74697220636f6d6f2073652065737469766573736520656d20737561207072266f61637574653b70726961206361736120646520707261696120656d2042267561637574653b7a696f7320213c2f703e0d0a3c703e3c7374726f6e673e52656c6178652065206170726f76656974653c2f7374726f6e673e3c2f703e0d0a3c703e3c7374726f6e673e3c2f7374726f6e673e3c6272202f3e4c6120506f73616461204d6172617669737461206f666572656365207475646f2071756520766f632665636972633b2070726563697361207061726120756d61206578706572692665636972633b6e636961206167726164266161637574653b76656c206520696e657371756563266961637574653b76656c20656d2042267561637574653b7a696f7320213c6272202f3e44652070616472266174696c64653b6f20706172612061205375266961637574653b7465204d6173746572202c20746f646f73206f73206e6f73736f732071756172746f732073266174696c64653b6f20636f6e666f7274266161637574653b76656973202623383230333b2623383230333b652062656d206465636f7261646f732e204e61207061727465206461206d616e68266174696c64653b202c206f6665726563656d6f7320756d2064656c6963696f736f2065207661726961646f20636166266561637574653b206461206d616e68266174696c64653b20636f6d2062656c612076697374612070617261206f206d61722e3c6272202f3e4170726f7665697465206f20646961206e61207072616961206f752070697363696e612c207175652074616d62266561637574653b6d20266561637574653b20766f6c746164612070617261206f206d6172202120566f632665636972633b20706f6465206174266561637574653b2072656c61786172206e61207361756e61206f752062616e686569726120646520686964726f6d6173736167656d2e20436f6d20666f6d653f204f206e6f73736f2072657374617572616e746520266167726176653b206c6120636172746520736572766520756d612076617269656461646520646520657370656369616c696461646573206c6f636169732070617261207361626f726561722062656972612d6d6172206e6f207072266f61637574653b7072696f2072657374617572616e7465206f75206e61206172656961206461207072616961202c20656e7175616e746f206f206e6f73736f206261726d616e20707265706172612064656c6963696f736f73206472696e6b732028636f636b7461696c732029202e3c2f703e, 0x3c703e3c7374726f6e673e5375206361736120646520706c617961206672656e746520616c206d617220656e2042267561637574653b7a696f733c2f7374726f6e673e3c2f703e0d0a3c703e5562696361646120656e206c612076696272616e74652079206865726d6f7361206369756461642064652042267561637574653b7a696f732c206c6120506f73616461204d61726176697374612065732070726976696c65676961646120706f722074656e657220756e612075626963616369266f61637574653b6e20657863657063696f6e616c3a20656e206c6120706c617961206465204765726962266161637574653b2e20426173746120736f6c6f20756e207061736f20706172612073656e74697220656e207475732070696573206c61206172656e6120646520756e61206465206c617320706c61796173206d266161637574653b7320636f6e6f63696461732064652042726173696c2e3c2f703e0d0a3c703e4c612075626963616369266f61637574653b6e2070726976696c65676961646120636f6d62696e61646120636f6e206e7565737472617320636f6e666f727461626c6573207920766172696164617320696e7374616c6163696f6e6573207920636f6e206e756573747261206465646963616369266f61637574653b6e20656e2070726f706f7263696f6e617220736572766963696f7320636f6e206c61206d656a6f722063616c6964616420686163656e206465206c6120506f73616461204d6172617669737461206c6120706572666563746120656c65636369266f61637574653b6e207061726120737520657374616e63696120656e2042267561637574653b7a696f732e3c2f703e0d0a3c703e266e6273703b3c2f703e0d0a3c703e4e75657374726f2065717569706f20657320636f6d70726f6d657469646f20792063616c6966696361646f2070617261206861636572206465207375207669616a6520696e6f6c76696461626c652e2026696578636c3b55737465642076612073656e746972736520636f6d6f2073652065737475766965726120656e2073752070726f706961206361736120646520706c61796120656e2042267561637574653b7a696f73213c2f703e0d0a3c703e266e6273703b3c2f703e0d0a3c703e3c7374726f6e673e52656c616a61722079206469736672757461723c2f7374726f6e673e3c2f703e0d0a3c703e26696578636c3b4c6120506f73616461204d6172617669737461206f667265636520746f646f206c6f20717565206e656365736974617320706172612074656e657220756e6120657870657269656e636961206469736672757461626c65206520696e6f6c76696461626c6520656e2042267561637574653b7a696f73213c2f703e0d0a3c703e4465206c612063617465676f72266961637574653b61205374616e64617264206861737461206c61205375697465204d61737465722c206e756573747261732068616269746163696f6e657320736f6e20746f646173206d757920636f6e666f727461626c65732079206269656e206465636f72616461732e20506f72206c61206d61266e74696c64653b616e612c206f66726563656d6f7320756e2064656c6963696f736f2079207661726961646f206465736179756e6f20636f6e20756e61206c696e6461207669737461207061726120656c206d61722e3c2f703e0d0a3c703e26696578636c3b446973667275746120656c2064266961637574653b6120656e206c6120706c617961206f20656e206c612070697363696e612c207175652074616d6269266561637574653b6e206573206672656e746520616c206d6172212055737465642061267561637574653b6e20706f6472266161637574653b2072656c616a6172736520656e206c61207361756e61206f20686964726f6d6173616a652e20266971756573743b436f6e2068616d6272653f204e75657374726f2072657374617572616e74652061206c6120636172746120736972766520756e6120766172696564616420646520657370656369616c696461646573206c6f63616c65732070617261207361626f72656172266e6273703b206672656e746520616c206d617220656e20656c2070726f70696f2072657374617572616e7465206f20656e206c61206172656e61206465206c6120706c6179612c206d69656e74726173206e75657374726f206261726d616e20707265706172612064656c6963696f736f73206472696e6b732028636f636b7461696c73292e3c2f703e);

-- --------------------------------------------------------

--
-- Estrutura da tabela `quartos`
--

CREATE TABLE IF NOT EXISTS `quartos` (
  `CODQUARTO` char(32) NOT NULL DEFAULT '',
  `DTA` timestamp NOT NULL DEFAULT CURRENT_TIMESTAMP,
  `NOME` varchar(255) DEFAULT NULL,
  `PESSOAS` int(11) DEFAULT '1',
  `BERCOS` char(1) DEFAULT '0',
  `STATUS` char(1) DEFAULT NULL,
  `DISPONIVEL` char(1) DEFAULT '1',
  `VALOR` int(11) DEFAULT '0',
  `OWNER` char(32) DEFAULT NULL,
  PRIMARY KEY (`CODQUARTO`)
) ENGINE=MyISAM DEFAULT CHARSET=latin1;

--
-- Extraindo dados da tabela `quartos`
--

INSERT INTO `quartos` (`CODQUARTO`, `DTA`, `NOME`, `PESSOAS`, `BERCOS`, `STATUS`, `DISPONIVEL`, `VALOR`, `OWNER`) VALUES
('9B4A58C140252B9C407EE30141EBAF5A', '2013-11-08 19:54:09', 'Quarto 03', 2, '1', '1', '1', 30000, '2995E89FB4A77E4FB5F56D4991C75850'),
('C56D56B7B3B091B51FE6B498C77092A6', '2013-11-08 19:53:51', 'Quarto 02', 2, '0', '1', '1', 30000, '2995E89FB4A77E4FB5F56D4991C75850'),
('F287E1D49FF83E175CFB390289B9789D', '2013-11-08 19:53:31', 'Quarto 01', 2, '1', '1', '1', 30000, '2995E89FB4A77E4FB5F56D4991C75850'),
('A038415B67BF361ABEBD3E36D3A8FEBB', '2013-11-08 19:54:18', 'Quarto 04', 2, '0', '1', '1', 30000, '2995E89FB4A77E4FB5F56D4991C75850'),
('B4361226ED07AA9D875E400B2F43CE8D', '2013-11-08 19:54:24', 'Quarto 05', 2, '1', '1', '1', 30000, '2995E89FB4A77E4FB5F56D4991C75850'),
('20B489D0312A6A64343732CCF40ABFA4', '2013-11-08 19:54:30', 'Quarto 06', 2, '1', '1', '1', 30000, '2995E89FB4A77E4FB5F56D4991C75850'),
('C9C696F8E09AA02A5F5FFCCFA9887E4C', '2013-11-08 19:54:46', 'Quarto 17', 2, '1', '1', '1', 60000, '2995E89FB4A77E4FB5F56D4991C75850'),
('9CFADFC7AF361D35BAF8B562C2C5E09A', '2013-11-08 19:54:56', 'Quarto 10', 2, '0', '1', '1', 80000, '2995E89FB4A77E4FB5F56D4991C75850'),
('749508E24B53EE249E8231BEC8A8151D', '2013-11-08 19:55:07', 'Quarto 11', 2, '0', '1', '1', 80000, '2995E89FB4A77E4FB5F56D4991C75850'),
('FD9B0A8221047F5D115251BA9270A143', '2013-11-08 19:55:15', 'Quarto 12', 2, '0', '1', '1', 80000, '2995E89FB4A77E4FB5F56D4991C75850'),
('4CB3C38A9D02C9FA2C14FE987E56AF2E', '2013-11-08 19:58:17', 'Quarto 07', 3, '1', '1', '1', 100000, '2995E89FB4A77E4FB5F56D4991C75850'),
('F0C5765DF6C7BB23F83131894B370055', '2013-11-08 19:58:27', 'Quarto 08', 3, '1', '1', '1', 90000, '2995E89FB4A77E4FB5F56D4991C75850'),
('D6B1724B7B68B3674FB47ADC3511D759', '2013-11-08 19:59:00', 'Quarto 18', 3, '0', '1', '1', 80000, '2995E89FB4A77E4FB5F56D4991C75850'),
('679FB7B2C7AE34DCA5EC8843DDB0A9F1', '2013-11-08 19:59:11', 'Quarto 19', 3, '0', '1', '1', 80000, '2995E89FB4A77E4FB5F56D4991C75850'),
('CF00F7BD28F6F16EAA33A804E7CA6EBD', '2013-11-08 19:59:26', 'Quarto 14', 3, '0', '1', '1', 100000, '2995E89FB4A77E4FB5F56D4991C75850'),
('0E562519BCEBE2DD872F1DDA2DA66404', '2013-11-08 19:59:49', 'Quarto 15', 4, '1', '1', '1', 180000, '2995E89FB4A77E4FB5F56D4991C75850'),
('19B55A6C289D1BF7F89EE68D9677896B', '2013-11-08 20:00:00', 'Quarto 09', 4, '0', '1', '1', 140000, '2995E89FB4A77E4FB5F56D4991C75850'),
('E602D3A438E0698DCA197FC6680DF9A6', '2013-11-08 20:00:09', 'Quarto 16', 4, '0', '1', '1', 160000, '2995E89FB4A77E4FB5F56D4991C75850');

-- --------------------------------------------------------

--
-- Estrutura da tabela `quartos_descricao`
--

CREATE TABLE IF NOT EXISTS `quartos_descricao` (
  `CODDESCRICAO` char(32) NOT NULL DEFAULT '',
  `CODQUARTO` char(32) NOT NULL DEFAULT '',
  `DTA` timestamp NOT NULL DEFAULT CURRENT_TIMESTAMP,
  `INGLES` blob,
  `PORTUGUES` blob,
  `ESPANHOL` blob,
  `STATUS` char(1) DEFAULT NULL,
  `OWNER` char(32) DEFAULT NULL,
  PRIMARY KEY (`CODDESCRICAO`,`CODQUARTO`)
) ENGINE=MyISAM DEFAULT CHARSET=latin1;

--
-- Extraindo dados da tabela `quartos_descricao`
--

INSERT INTO `quartos_descricao` (`CODDESCRICAO`, `CODQUARTO`, `DTA`, `INGLES`, `PORTUGUES`, `ESPANHOL`, `STATUS`, `OWNER`) VALUES
('344286CE3CE1CE61AC76CE10A53818FD', 'C56D56B7B3B091B51FE6B498C77092A6', '2013-11-08 20:21:04', 0x3c703e31202d2043616d61204b696e672053697a653c2f703e0d0a3c703e42616e686569726f20636f6d20486964726f206d6173736567656d3c2f703e0d0a3c703e31202d20506f7574726f6e6f20436f6e666f726d74266161637574653b76656c3c2f703e0d0a3c703e31202d204c6172656972613c2f703e, 0x3c703e31202d2043616d61204b696e672053697a653c2f703e0d0a3c703e42616e686569726f20636f6d20486964726f206d6173736567656d3c2f703e0d0a3c703e31202d20506f7574726f6e6f20436f6e666f726d74266161637574653b76656c3c2f703e0d0a3c703e31202d204c6172656972613c2f703e, 0x3c703e31202d2043616d61204b696e672053697a653c2f703e0d0a3c703e42616e686569726f20636f6d20486964726f206d6173736567656d3c2f703e0d0a3c703e31202d20506f7574726f6e6f20436f6e666f726d74266161637574653b76656c3c2f703e0d0a3c703e31202d204c6172656972613c2f703e, '1', '2995E89FB4A77E4FB5F56D4991C75850'),
('3546978161D37E1DAABDAE60D4EE456F', 'F287E1D49FF83E175CFB390289B9789D', '2013-11-08 20:02:15', 0x3c703e31202d2043616d61204b696e672053697a653c2f703e0d0a3c703e42616e686569726f20636f6d20486964726f206d6173736567656d3c2f703e0d0a3c703e31202d20506f7574726f6e6f20436f6e666f726d74266161637574653b76656c3c2f703e0d0a3c703e31202d204c6172656972613c2f703e, 0x3c703e31202d2043616d61204b696e672053697a653c2f703e0d0a3c703e42616e686569726f20636f6d20486964726f206d6173736567656d3c2f703e0d0a3c703e31202d20506f7574726f6e6f20436f6e666f726d74266161637574653b76656c3c2f703e0d0a3c703e31202d204c6172656972613c2f703e, 0x3c703e31202d2043616d61204b696e672053697a653c2f703e0d0a3c703e42616e686569726f20636f6d20486964726f206d6173736567656d3c2f703e0d0a3c703e31202d20506f7574726f6e6f20436f6e666f726d74266161637574653b76656c3c2f703e0d0a3c703e31202d204c6172656972613c2f703e, '1', '2995E89FB4A77E4FB5F56D4991C75850'),
('8083BC3482D62C8FC880F6CE3EEEEDC2', '9B4A58C140252B9C407EE30141EBAF5A', '2013-11-08 20:21:31', 0x3c703e31202d2043616d61204b696e672053697a653c2f703e0d0a3c703e42616e686569726f20636f6d20486964726f206d6173736567656d3c2f703e0d0a3c703e31202d20506f7574726f6e6f20436f6e666f726d74266161637574653b76656c3c2f703e0d0a3c703e31202d204c6172656972613c2f703e, 0x3c703e31202d2043616d61204b696e672053697a653c2f703e0d0a3c703e42616e686569726f20636f6d20486964726f206d6173736567656d3c2f703e0d0a3c703e31202d20506f7574726f6e6f20436f6e666f726d74266161637574653b76656c3c2f703e0d0a3c703e31202d204c6172656972613c2f703e, 0x3c703e31202d2043616d61204b696e672053697a653c2f703e0d0a3c703e42616e686569726f20636f6d20486964726f206d6173736567656d3c2f703e0d0a3c703e31202d20506f7574726f6e6f20436f6e666f726d74266161637574653b76656c3c2f703e0d0a3c703e31202d204c6172656972613c2f703e, '1', '2995E89FB4A77E4FB5F56D4991C75850'),
('E3C0528EA59D863FB11E3981C3E8BA05', 'A038415B67BF361ABEBD3E36D3A8FEBB', '2013-11-08 20:23:12', 0x3c703e31202d2043616d61204b696e672053697a653c2f703e0d0a3c703e42616e686569726f20636f6d20486964726f206d6173736567656d3c2f703e0d0a3c703e31202d20506f7574726f6e6f20436f6e666f726d74266161637574653b76656c3c2f703e0d0a3c703e31202d204c6172656972613c2f703e, 0x3c703e31202d2043616d61204b696e672053697a653c2f703e0d0a3c703e42616e686569726f20636f6d20486964726f206d6173736567656d3c2f703e0d0a3c703e31202d20506f7574726f6e6f20436f6e666f726d74266161637574653b76656c3c2f703e0d0a3c703e31202d204c6172656972613c2f703e, 0x3c703e31202d2043616d61204b696e672053697a653c2f703e0d0a3c703e42616e686569726f20636f6d20486964726f206d6173736567656d3c2f703e0d0a3c703e31202d20506f7574726f6e6f20436f6e666f726d74266161637574653b76656c3c2f703e0d0a3c703e31202d204c6172656972613c2f703e, '1', '2995E89FB4A77E4FB5F56D4991C75850'),
('AF59E1956E09DF6117858A7D54835E21', 'B4361226ED07AA9D875E400B2F43CE8D', '2013-11-08 20:23:35', 0x3c703e31202d2043616d61204b696e672053697a653c2f703e0d0a3c703e42616e686569726f20636f6d20486964726f206d6173736567656d3c2f703e0d0a3c703e31202d20506f7574726f6e6f20436f6e666f726d74266161637574653b76656c3c2f703e0d0a3c703e31202d204c6172656972613c2f703e, 0x3c703e31202d2043616d61204b696e672053697a653c2f703e0d0a3c703e42616e686569726f20636f6d20486964726f206d6173736567656d3c2f703e0d0a3c703e31202d20506f7574726f6e6f20436f6e666f726d74266161637574653b76656c3c2f703e0d0a3c703e31202d204c6172656972613c2f703e, 0x3c703e31202d2043616d61204b696e672053697a653c2f703e0d0a3c703e42616e686569726f20636f6d20486964726f206d6173736567656d3c2f703e0d0a3c703e31202d20506f7574726f6e6f20436f6e666f726d74266161637574653b76656c3c2f703e0d0a3c703e31202d204c6172656972613c2f703e, '1', '2995E89FB4A77E4FB5F56D4991C75850'),
('EAF48EBFE8BF9926511A8903BCA7C28C', '20B489D0312A6A64343732CCF40ABFA4', '2013-11-08 20:24:31', 0x3c703e31202d2043616d61204b696e672053697a653c2f703e0d0a3c703e42616e686569726f20636f6d20486964726f206d6173736567656d3c2f703e0d0a3c703e31202d20506f7574726f6e6f20436f6e666f726d74266161637574653b76656c3c2f703e0d0a3c703e31202d204c6172656972613c2f703e, 0x3c703e31202d2043616d61204b696e672053697a653c2f703e0d0a3c703e42616e686569726f20636f6d20486964726f206d6173736567656d3c2f703e0d0a3c703e31202d20506f7574726f6e6f20436f6e666f726d74266161637574653b76656c3c2f703e0d0a3c703e31202d204c6172656972613c2f703e, 0x3c703e31202d2043616d61204b696e672053697a653c2f703e0d0a3c703e42616e686569726f20636f6d20486964726f206d6173736567656d3c2f703e0d0a3c703e31202d20506f7574726f6e6f20436f6e666f726d74266161637574653b76656c3c2f703e0d0a3c703e31202d204c6172656972613c2f703e, '1', '2995E89FB4A77E4FB5F56D4991C75850'),
('73E80FB92ACCCE741C0CA065702ED7EB', '4CB3C38A9D02C9FA2C14FE987E56AF2E', '2013-11-08 20:24:58', 0x3c703e31202d2043616d61204b696e672053697a653c2f703e0d0a3c703e42616e686569726f20636f6d20486964726f206d6173736567656d3c2f703e0d0a3c703e31202d20506f7574726f6e6f20436f6e666f726d74266161637574653b76656c3c2f703e0d0a3c703e31202d204c6172656972613c2f703e, 0x3c703e31202d2043616d61204b696e672053697a653c2f703e0d0a3c703e42616e686569726f20636f6d20486964726f206d6173736567656d3c2f703e0d0a3c703e31202d20506f7574726f6e6f20436f6e666f726d74266161637574653b76656c3c2f703e0d0a3c703e31202d204c6172656972613c2f703e, 0x3c703e31202d2043616d61204b696e672053697a653c2f703e0d0a3c703e42616e686569726f20636f6d20486964726f206d6173736567656d3c2f703e0d0a3c703e31202d20506f7574726f6e6f20436f6e666f726d74266161637574653b76656c3c2f703e0d0a3c703e31202d204c6172656972613c2f703e, '1', '2995E89FB4A77E4FB5F56D4991C75850'),
('F52D1F423343550DCF2DB8D8350CEC61', 'F0C5765DF6C7BB23F83131894B370055', '2013-11-08 20:25:37', 0x3c703e31202d2043616d61204b696e672053697a653c2f703e0d0a3c703e42616e686569726f20636f6d20486964726f206d6173736567656d3c2f703e0d0a3c703e31202d20506f7574726f6e6f20436f6e666f726d74266161637574653b76656c3c2f703e0d0a3c703e31202d204c6172656972613c2f703e, 0x3c703e31202d2043616d61204b696e672053697a653c2f703e0d0a3c703e42616e686569726f20636f6d20486964726f206d6173736567656d3c2f703e0d0a3c703e31202d20506f7574726f6e6f20436f6e666f726d74266161637574653b76656c3c2f703e0d0a3c703e31202d204c6172656972613c2f703e, 0x3c703e31202d2043616d61204b696e672053697a653c2f703e0d0a3c703e42616e686569726f20636f6d20486964726f206d6173736567656d3c2f703e0d0a3c703e31202d20506f7574726f6e6f20436f6e666f726d74266161637574653b76656c3c2f703e0d0a3c703e31202d204c6172656972613c2f703e, '1', '2995E89FB4A77E4FB5F56D4991C75850'),
('70937F4ED164629AFB7E66204F125056', '19B55A6C289D1BF7F89EE68D9677896B', '2013-11-08 20:26:36', 0x3c703e31202d2043616d61204b696e672053697a653c2f703e0d0a3c703e42616e686569726f20636f6d20486964726f206d6173736567656d3c2f703e0d0a3c703e31202d20506f7574726f6e6f20436f6e666f726d74266161637574653b76656c3c2f703e0d0a3c703e31202d204c6172656972613c2f703e, 0x3c703e31202d2043616d61204b696e672053697a653c2f703e0d0a3c703e42616e686569726f20636f6d20486964726f206d6173736567656d3c2f703e0d0a3c703e31202d20506f7574726f6e6f20436f6e666f726d74266161637574653b76656c3c2f703e0d0a3c703e31202d204c6172656972613c2f703e, 0x3c703e31202d2043616d61204b696e672053697a653c2f703e0d0a3c703e42616e686569726f20636f6d20486964726f206d6173736567656d3c2f703e0d0a3c703e31202d20506f7574726f6e6f20436f6e666f726d74266161637574653b76656c3c2f703e0d0a3c703e31202d204c6172656972613c2f703e, '1', '2995E89FB4A77E4FB5F56D4991C75850'),
('EF962FDF1B12F5EE1F1D4029DD4877E3', '9CFADFC7AF361D35BAF8B562C2C5E09A', '2013-11-08 20:27:07', 0x3c703e31202d2043616d61204b696e672053697a653c2f703e0d0a3c703e42616e686569726f20636f6d20486964726f206d6173736567656d3c2f703e0d0a3c703e31202d20506f7574726f6e6f20436f6e666f726d74266161637574653b76656c3c2f703e0d0a3c703e31202d204c6172656972613c2f703e, 0x3c703e31202d2043616d61204b696e672053697a653c2f703e0d0a3c703e42616e686569726f20636f6d20486964726f206d6173736567656d3c2f703e0d0a3c703e31202d20506f7574726f6e6f20436f6e666f726d74266161637574653b76656c3c2f703e0d0a3c703e31202d204c6172656972613c2f703e, 0x3c703e31202d2043616d61204b696e672053697a653c2f703e0d0a3c703e42616e686569726f20636f6d20486964726f206d6173736567656d3c2f703e0d0a3c703e31202d20506f7574726f6e6f20436f6e666f726d74266161637574653b76656c3c2f703e0d0a3c703e31202d204c6172656972613c2f703e, '1', '2995E89FB4A77E4FB5F56D4991C75850'),
('67E4F014B13997939BF5C45C08535517', '749508E24B53EE249E8231BEC8A8151D', '2013-11-08 20:27:52', 0x3c703e31202d2043616d61204b696e672053697a653c2f703e0d0a3c703e42616e686569726f20636f6d20486964726f206d6173736567656d3c2f703e0d0a3c703e31202d20506f7574726f6e6f20436f6e666f726d74266161637574653b76656c3c2f703e0d0a3c703e31202d204c6172656972613c2f703e, 0x3c703e31202d2043616d61204b696e672053697a653c2f703e0d0a3c703e42616e686569726f20636f6d20486964726f206d6173736567656d3c2f703e0d0a3c703e31202d20506f7574726f6e6f20436f6e666f726d74266161637574653b76656c3c2f703e0d0a3c703e31202d204c6172656972613c2f703e, 0x3c703e31202d2043616d61204b696e672053697a653c2f703e0d0a3c703e42616e686569726f20636f6d20486964726f206d6173736567656d3c2f703e0d0a3c703e31202d20506f7574726f6e6f20436f6e666f726d74266161637574653b76656c3c2f703e0d0a3c703e31202d204c6172656972613c2f703e, '1', '2995E89FB4A77E4FB5F56D4991C75850'),
('62368ABDC84922213DADA17E76C74C2F', 'FD9B0A8221047F5D115251BA9270A143', '2013-11-08 20:28:23', 0x3c703e31202d2043616d61204b696e672053697a653c2f703e0d0a3c703e42616e686569726f20636f6d20486964726f206d6173736567656d3c2f703e0d0a3c703e31202d20506f7574726f6e6f20436f6e666f726d74266161637574653b76656c3c2f703e0d0a3c703e31202d204c6172656972613c2f703e, 0x3c703e31202d2043616d61204b696e672053697a653c2f703e0d0a3c703e42616e686569726f20636f6d20486964726f206d6173736567656d3c2f703e0d0a3c703e31202d20506f7574726f6e6f20436f6e666f726d74266161637574653b76656c3c2f703e0d0a3c703e31202d204c6172656972613c2f703e, 0x3c703e31202d2043616d61204b696e672053697a653c2f703e0d0a3c703e42616e686569726f20636f6d20486964726f206d6173736567656d3c2f703e0d0a3c703e31202d20506f7574726f6e6f20436f6e666f726d74266161637574653b76656c3c2f703e0d0a3c703e31202d204c6172656972613c2f703e, '1', '2995E89FB4A77E4FB5F56D4991C75850'),
('CA2BA5C28FBE19446C93F8462C656CFF', 'CF00F7BD28F6F16EAA33A804E7CA6EBD', '2013-11-08 20:28:55', 0x3c703e31202d2043616d61204b696e672053697a653c2f703e0d0a3c703e42616e686569726f20636f6d20486964726f206d6173736567656d3c2f703e0d0a3c703e31202d20506f7574726f6e6f20436f6e666f726d74266161637574653b76656c3c2f703e0d0a3c703e31202d204c6172656972613c2f703e, 0x3c703e31202d2043616d61204b696e672053697a653c2f703e0d0a3c703e42616e686569726f20636f6d20486964726f206d6173736567656d3c2f703e0d0a3c703e31202d20506f7574726f6e6f20436f6e666f726d74266161637574653b76656c3c2f703e0d0a3c703e31202d204c6172656972613c2f703e, 0x3c703e31202d2043616d61204b696e672053697a653c2f703e0d0a3c703e42616e686569726f20636f6d20486964726f206d6173736567656d3c2f703e0d0a3c703e31202d20506f7574726f6e6f20436f6e666f726d74266161637574653b76656c3c2f703e0d0a3c703e31202d204c6172656972613c2f703e, '1', '2995E89FB4A77E4FB5F56D4991C75850'),
('7F9F9F9AA8720E14DB082C24E284F9A7', '679FB7B2C7AE34DCA5EC8843DDB0A9F1', '2013-11-08 20:30:17', 0x3c703e31202d2043616d61204b696e672053697a653c2f703e0d0a3c703e42616e686569726f20636f6d20486964726f206d6173736567656d3c2f703e0d0a3c703e31202d20506f7574726f6e6f20436f6e666f726d74266161637574653b76656c3c2f703e0d0a3c703e31202d204c6172656972613c2f703e, 0x3c703e31202d2043616d61204b696e672053697a653c2f703e0d0a3c703e42616e686569726f20636f6d20486964726f206d6173736567656d3c2f703e0d0a3c703e31202d20506f7574726f6e6f20436f6e666f726d74266161637574653b76656c3c2f703e0d0a3c703e31202d204c6172656972613c2f703e, 0x3c703e31202d2043616d61204b696e672053697a653c2f703e0d0a3c703e42616e686569726f20636f6d20486964726f206d6173736567656d3c2f703e0d0a3c703e31202d20506f7574726f6e6f20436f6e666f726d74266161637574653b76656c3c2f703e0d0a3c703e31202d204c6172656972613c2f703e, '1', '2995E89FB4A77E4FB5F56D4991C75850'),
('C3E69690BA3F3AD64A62960EE645BA2D', 'D6B1724B7B68B3674FB47ADC3511D759', '2013-11-08 20:30:39', 0x3c703e31202d2043616d61204b696e672053697a653c2f703e0d0a3c703e42616e686569726f20636f6d20486964726f206d6173736567656d3c2f703e0d0a3c703e31202d20506f7574726f6e6f20436f6e666f726d74266161637574653b76656c3c2f703e0d0a3c703e31202d204c6172656972613c2f703e, 0x3c703e31202d2043616d61204b696e672053697a653c2f703e0d0a3c703e42616e686569726f20636f6d20486964726f206d6173736567656d3c2f703e0d0a3c703e31202d20506f7574726f6e6f20436f6e666f726d74266161637574653b76656c3c2f703e0d0a3c703e31202d204c6172656972613c2f703e, 0x3c703e31202d2043616d61204b696e672053697a653c2f703e0d0a3c703e42616e686569726f20636f6d20486964726f206d6173736567656d3c2f703e0d0a3c703e31202d20506f7574726f6e6f20436f6e666f726d74266161637574653b76656c3c2f703e0d0a3c703e31202d204c6172656972613c2f703e, '1', '2995E89FB4A77E4FB5F56D4991C75850'),
('D854FC8E50310CB2950817E9C471D1A5', 'C9C696F8E09AA02A5F5FFCCFA9887E4C', '2013-11-08 20:31:10', 0x3c703e31202d2043616d61204b696e672053697a653c2f703e0d0a3c703e42616e686569726f20636f6d20486964726f206d6173736567656d3c2f703e0d0a3c703e31202d20506f7574726f6e6f20436f6e666f726d74266161637574653b76656c3c2f703e0d0a3c703e31202d204c6172656972613c2f703e, 0x3c703e31202d2043616d61204b696e672053697a653c2f703e0d0a3c703e42616e686569726f20636f6d20486964726f206d6173736567656d3c2f703e0d0a3c703e31202d20506f7574726f6e6f20436f6e666f726d74266161637574653b76656c3c2f703e0d0a3c703e31202d204c6172656972613c2f703e, 0x3c703e31202d2043616d61204b696e672053697a653c2f703e0d0a3c703e42616e686569726f20636f6d20486964726f206d6173736567656d3c2f703e0d0a3c703e31202d20506f7574726f6e6f20436f6e666f726d74266161637574653b76656c3c2f703e0d0a3c703e31202d204c6172656972613c2f703e, '1', '2995E89FB4A77E4FB5F56D4991C75850'),
('5C7D20C2399E27263FEE7D3DA3FEEE12', 'E602D3A438E0698DCA197FC6680DF9A6', '2013-11-08 20:31:33', 0x3c703e31202d2043616d61204b696e672053697a653c2f703e0d0a3c703e42616e686569726f20636f6d20486964726f206d6173736567656d3c2f703e0d0a3c703e31202d20506f7574726f6e6f20436f6e666f726d74266161637574653b76656c3c2f703e0d0a3c703e31202d204c6172656972613c2f703e, 0x3c703e31202d2043616d61204b696e672053697a653c2f703e0d0a3c703e42616e686569726f20636f6d20486964726f206d6173736567656d3c2f703e0d0a3c703e31202d20506f7574726f6e6f20436f6e666f726d74266161637574653b76656c3c2f703e0d0a3c703e31202d204c6172656972613c2f703e, 0x3c703e31202d2043616d61204b696e672053697a653c2f703e0d0a3c703e42616e686569726f20636f6d20486964726f206d6173736567656d3c2f703e0d0a3c703e31202d20506f7574726f6e6f20436f6e666f726d74266161637574653b76656c3c2f703e0d0a3c703e31202d204c6172656972613c2f703e, '1', '2995E89FB4A77E4FB5F56D4991C75850'),
('E47FF1FF3FDD4908790800EBEE873AA7', '0E562519BCEBE2DD872F1DDA2DA66404', '2013-11-08 20:31:58', 0x3c703e31202d2043616d61204b696e672053697a653c2f703e0d0a3c703e42616e686569726f20636f6d20486964726f206d6173736567656d3c2f703e0d0a3c703e31202d20506f7574726f6e6f20436f6e666f726d74266161637574653b76656c3c2f703e0d0a3c703e31202d204c6172656972613c2f703e, 0x3c703e31202d2043616d61204b696e672053697a653c2f703e0d0a3c703e42616e686569726f20636f6d20486964726f206d6173736567656d3c2f703e0d0a3c703e31202d20506f7574726f6e6f20436f6e666f726d74266161637574653b76656c3c2f703e0d0a3c703e31202d204c6172656972613c2f703e, 0x3c703e31202d2043616d61204b696e672053697a653c2f703e0d0a3c703e42616e686569726f20636f6d20486964726f206d6173736567656d3c2f703e0d0a3c703e31202d20506f7574726f6e6f20436f6e666f726d74266161637574653b76656c3c2f703e0d0a3c703e31202d204c6172656972613c2f703e, '1', '2995E89FB4A77E4FB5F56D4991C75850');

-- --------------------------------------------------------

--
-- Estrutura da tabela `quartos_rel_fotos`
--

CREATE TABLE IF NOT EXISTS `quartos_rel_fotos` (
  `CODQUARTO` char(32) NOT NULL DEFAULT '',
  `CODFOTO` char(32) NOT NULL DEFAULT '',
  PRIMARY KEY (`CODQUARTO`,`CODFOTO`)
) ENGINE=MyISAM DEFAULT CHARSET=latin1;

--
-- Extraindo dados da tabela `quartos_rel_fotos`
--

INSERT INTO `quartos_rel_fotos` (`CODQUARTO`, `CODFOTO`) VALUES
('0E562519BCEBE2DD872F1DDA2DA66404', '738B94668AB6088C51D0E9F238C0046F'),
('0E562519BCEBE2DD872F1DDA2DA66404', 'A91284F962D70D2084FA25F91165C5E0'),
('0E562519BCEBE2DD872F1DDA2DA66404', 'BA59FF1019BA2A421CCA847652AF624A'),
('19B55A6C289D1BF7F89EE68D9677896B', '725F03210D5FD0AE3153D5148B7FEAE8'),
('19B55A6C289D1BF7F89EE68D9677896B', 'DB92F0D1BA22831178661364073E29D4'),
('19B55A6C289D1BF7F89EE68D9677896B', 'E1076D047B1BEEE0E2EA7E9E90C90FD1'),
('20B489D0312A6A64343732CCF40ABFA4', '2063EA99FE6AEF5FC23B1232FFE77410'),
('20B489D0312A6A64343732CCF40ABFA4', '4BCB89846909DF1F9F0114266804FBDC'),
('20B489D0312A6A64343732CCF40ABFA4', '7BBDB8352CD820EF31739512E0CC3E33'),
('4CB3C38A9D02C9FA2C14FE987E56AF2E', '1FADCA58AA852F16AD0FDB9660A358F4'),
('4CB3C38A9D02C9FA2C14FE987E56AF2E', '8DB3569E3CA1F59FA812AB46A570238D'),
('4CB3C38A9D02C9FA2C14FE987E56AF2E', 'C5729AFA2982225FC0689F28C5662B12'),
('4CB3C38A9D02C9FA2C14FE987E56AF2E', 'F1F4F00CCEFBDE43DD92E364A3A6ADB2'),
('679FB7B2C7AE34DCA5EC8843DDB0A9F1', '840EEDBF2E55D859FD088815AA8F78AB'),
('679FB7B2C7AE34DCA5EC8843DDB0A9F1', '9DDA685C51EB0F493BDEB0B880EF305D'),
('679FB7B2C7AE34DCA5EC8843DDB0A9F1', 'B89DD831E5BFC08DD07BB91B745DFCBC'),
('749508E24B53EE249E8231BEC8A8151D', '0E69C2E88E3A5E4EC9B7EB66B9104E34'),
('749508E24B53EE249E8231BEC8A8151D', '290AD068523CE3CF8968AE7DDD5C4FCA'),
('749508E24B53EE249E8231BEC8A8151D', 'E019DEE5C7629E2E47ED74B4FA1667AC'),
('9B4A58C140252B9C407EE30141EBAF5A', '3EA4FE2004F42348125DD9A586B132AB'),
('9B4A58C140252B9C407EE30141EBAF5A', '5E675DA3F6E09A062329DF5300F0D6CA'),
('9B4A58C140252B9C407EE30141EBAF5A', '9617639C413283C24C06F20C9719F51A'),
('9CFADFC7AF361D35BAF8B562C2C5E09A', '0E386FC001FC4EFB9BC1FECEA98B75B6'),
('9CFADFC7AF361D35BAF8B562C2C5E09A', '1465B1865DE248B4CF3872E3C27F1DC8'),
('9CFADFC7AF361D35BAF8B562C2C5E09A', 'A60B2DE68FE1C3CF0D35CCC6F2211B6F'),
('9CFADFC7AF361D35BAF8B562C2C5E09A', 'E9048941E739D72C829DBEEB9D6933DD'),
('A038415B67BF361ABEBD3E36D3A8FEBB', '745088DB6811A63A8B22D47108867BBE'),
('A038415B67BF361ABEBD3E36D3A8FEBB', 'E0151A97C92A959E32A433ECDA146364'),
('A038415B67BF361ABEBD3E36D3A8FEBB', 'F37734E9341EF9CDA7032231A2F2A292'),
('A038415B67BF361ABEBD3E36D3A8FEBB', 'FB4B7357C687F0DA6425E1507EBDA01B'),
('B4361226ED07AA9D875E400B2F43CE8D', '5B191DCCE00684ACA89648C283559D72'),
('B4361226ED07AA9D875E400B2F43CE8D', '9612FD75452FA39B8AE80F7A0C4A4CAC'),
('B4361226ED07AA9D875E400B2F43CE8D', 'A253E1B47491E70A00B1198E4B003120'),
('B4361226ED07AA9D875E400B2F43CE8D', 'BCC87C7EEA973846A261989102E624F3'),
('C56D56B7B3B091B51FE6B498C77092A6', '24C187156186C5C629302D67C44DD97F'),
('C56D56B7B3B091B51FE6B498C77092A6', '2D258FDF160FB2ABC891686E4C84D1FD'),
('C56D56B7B3B091B51FE6B498C77092A6', '716AB56BADBC924906F448FB6CA8214A'),
('C56D56B7B3B091B51FE6B498C77092A6', 'BEDA4EE7DBEDBCF73EF32C30885EDAA1'),
('C9C696F8E09AA02A5F5FFCCFA9887E4C', '95AD71FB3D85824585816D3A2F36B652'),
('C9C696F8E09AA02A5F5FFCCFA9887E4C', '99E32027B3F3B9CDF503D33F2ADBCED2'),
('C9C696F8E09AA02A5F5FFCCFA9887E4C', 'B2C770A3786AB391C4298B37B9171684'),
('CF00F7BD28F6F16EAA33A804E7CA6EBD', '1022E4F4C9D6703A8A554984DD71B800'),
('CF00F7BD28F6F16EAA33A804E7CA6EBD', '84D06EF530EECFCAFBE4B0E529736471'),
('CF00F7BD28F6F16EAA33A804E7CA6EBD', 'C4411D38FA03C32340668590208B449D'),
('D6B1724B7B68B3674FB47ADC3511D759', '604CC44A231BFB9D6A5E955FD7A9CE5F'),
('D6B1724B7B68B3674FB47ADC3511D759', 'C75D0A6E974A7AE6B5966099EE4E3494'),
('D6B1724B7B68B3674FB47ADC3511D759', 'FE59C4AA99798F6F4120B3102EAB463E'),
('E602D3A438E0698DCA197FC6680DF9A6', '57238F5DD611174250DAD26C4BCC6B35'),
('E602D3A438E0698DCA197FC6680DF9A6', 'DD5620CA4523AFD23FCF9A3E122C367C'),
('E602D3A438E0698DCA197FC6680DF9A6', 'FA1C00AAE61130B10F3BD82F1E1A7842'),
('F0C5765DF6C7BB23F83131894B370055', '29980E3926E98E168BA5DEE192C16113'),
('F0C5765DF6C7BB23F83131894B370055', '354D3250FC689BDEB9BA46B5920BAA77'),
('F0C5765DF6C7BB23F83131894B370055', '90EDD95FBC3FE17BAE30348836BAB97E'),
('F287E1D49FF83E175CFB390289B9789D', '2C6823D3F0C38B557C8D7B16653B6F03'),
('F287E1D49FF83E175CFB390289B9789D', '986EC11C03E296FC498D4CDBC3486ABA'),
('F287E1D49FF83E175CFB390289B9789D', 'BE3285586CD8D9030B1926E5D324B2B1'),
('F287E1D49FF83E175CFB390289B9789D', 'EB6127D9D83AB9B3BD0E5576BDEAAB94'),
('FD9B0A8221047F5D115251BA9270A143', '08596F7F4839173AFAEC8949BC434F6C'),
('FD9B0A8221047F5D115251BA9270A143', '743EBF798E4398755404AF2A1C5D5213'),
('FD9B0A8221047F5D115251BA9270A143', 'A213EBD29E4CB2D69D02E18E5EA92E47');

-- --------------------------------------------------------

--
-- Estrutura da tabela `quartos_rel_quartos_tipo`
--

CREATE TABLE IF NOT EXISTS `quartos_rel_quartos_tipo` (
  `CODQUARTO` char(32) NOT NULL DEFAULT '',
  `CODQUARTOTIPO` char(32) NOT NULL DEFAULT '',
  PRIMARY KEY (`CODQUARTO`,`CODQUARTOTIPO`)
) ENGINE=MyISAM DEFAULT CHARSET=latin1;

--
-- Extraindo dados da tabela `quartos_rel_quartos_tipo`
--

INSERT INTO `quartos_rel_quartos_tipo` (`CODQUARTO`, `CODQUARTOTIPO`) VALUES
('0E562519BCEBE2DD872F1DDA2DA66404', '8C1D19C6DA8E36CF70BA5D29F03893C7'),
('19B55A6C289D1BF7F89EE68D9677896B', '5B5E6E55EB49F2AC331C7C03BBA13A03'),
('20B489D0312A6A64343732CCF40ABFA4', '3CFFCD5822534F90893EA96EF51FAAC4'),
('4CB3C38A9D02C9FA2C14FE987E56AF2E', '6CAC28B1DFC2B870670CCF9609F8ED36'),
('679FB7B2C7AE34DCA5EC8843DDB0A9F1', '6CAC28B1DFC2B870670CCF9609F8ED36'),
('749508E24B53EE249E8231BEC8A8151D', '5B5E6E55EB49F2AC331C7C03BBA13A03'),
('9B4A58C140252B9C407EE30141EBAF5A', '3CFFCD5822534F90893EA96EF51FAAC4'),
('9CFADFC7AF361D35BAF8B562C2C5E09A', '5B5E6E55EB49F2AC331C7C03BBA13A03'),
('A038415B67BF361ABEBD3E36D3A8FEBB', '3CFFCD5822534F90893EA96EF51FAAC4'),
('B4361226ED07AA9D875E400B2F43CE8D', '3CFFCD5822534F90893EA96EF51FAAC4'),
('C56D56B7B3B091B51FE6B498C77092A6', '3CFFCD5822534F90893EA96EF51FAAC4'),
('C9C696F8E09AA02A5F5FFCCFA9887E4C', '6CAC28B1DFC2B870670CCF9609F8ED36'),
('CF00F7BD28F6F16EAA33A804E7CA6EBD', '5B5E6E55EB49F2AC331C7C03BBA13A03'),
('D6B1724B7B68B3674FB47ADC3511D759', '6CAC28B1DFC2B870670CCF9609F8ED36'),
('E602D3A438E0698DCA197FC6680DF9A6', 'E8493102B7E20E78B162C13F4ABB668A'),
('F0C5765DF6C7BB23F83131894B370055', '6CAC28B1DFC2B870670CCF9609F8ED36'),
('F287E1D49FF83E175CFB390289B9789D', '3CFFCD5822534F90893EA96EF51FAAC4'),
('FD9B0A8221047F5D115251BA9270A143', '5B5E6E55EB49F2AC331C7C03BBA13A03');

-- --------------------------------------------------------

--
-- Estrutura da tabela `quartos_rel_reservas`
--

CREATE TABLE IF NOT EXISTS `quartos_rel_reservas` (
  `CODRESERVA` char(32) NOT NULL DEFAULT '',
  `CODQUARTO` char(32) NOT NULL DEFAULT '',
  `CODQUARTOTIPO` char(32) NOT NULL DEFAULT '',
  `DTA` timestamp NOT NULL DEFAULT CURRENT_TIMESTAMP,
  `DTAINICIO` date DEFAULT NULL,
  `DTAFIM` date DEFAULT NULL,
  `VALOR_QUARTO` int(11) DEFAULT NULL,
  `VALOR_ACRESCIMO` int(11) DEFAULT NULL,
  `VALOR_TOTAL` int(11) DEFAULT NULL,
  `NUMERO` int(11) DEFAULT NULL,
  `CONHECIMENTO` varchar(255) DEFAULT NULL,
  `STATUS_RESERVA` char(1) DEFAULT NULL,
  `STATUS` char(1) DEFAULT NULL,
  `OWNER` char(32) DEFAULT NULL,
  PRIMARY KEY (`CODRESERVA`,`CODQUARTO`,`CODQUARTOTIPO`)
) ENGINE=MyISAM DEFAULT CHARSET=latin1;

-- --------------------------------------------------------

--
-- Estrutura da tabela `quartos_tipo`
--

CREATE TABLE IF NOT EXISTS `quartos_tipo` (
  `CODQUARTOTIPO` char(32) NOT NULL DEFAULT '',
  `DTA` timestamp NOT NULL DEFAULT CURRENT_TIMESTAMP,
  `NOME` varchar(255) DEFAULT NULL,
  `STATUS` char(1) DEFAULT NULL,
  `OWNER` char(32) DEFAULT NULL,
  `SIGLA` varchar(50) DEFAULT NULL,
  `ORDEM` int(11) DEFAULT NULL,
  `VALOR` int(11) DEFAULT NULL,
  `VALOR_FINAL` int(11) DEFAULT NULL,
  `VALOR_BAIXA` int(11) DEFAULT NULL,
  `VALOR_BAIXA_FINAL` int(11) DEFAULT NULL,
  `VALOR_MEDIA` int(11) DEFAULT NULL,
  `VALOR_MEDIA_FINAL` int(11) DEFAULT NULL,
  PRIMARY KEY (`CODQUARTOTIPO`)
) ENGINE=MyISAM DEFAULT CHARSET=latin1;

--
-- Extraindo dados da tabela `quartos_tipo`
--

INSERT INTO `quartos_tipo` (`CODQUARTOTIPO`, `DTA`, `NOME`, `STATUS`, `OWNER`, `SIGLA`, `ORDEM`, `VALOR`, `VALOR_FINAL`, `VALOR_BAIXA`, `VALOR_BAIXA_FINAL`, `VALOR_MEDIA`, `VALOR_MEDIA_FINAL`) VALUES
('E8493102B7E20E78B162C13F4ABB668A', '2013-11-08 19:52:54', 'Suite Master', '1', '2995E89FB4A77E4FB5F56D4991C75850', 'STM', 5, 87500, 87500, 74500, 69500, 74500, 77500),
('8C1D19C6DA8E36CF70BA5D29F03893C7', '2013-11-08 19:52:30', 'Superior', '1', '2995E89FB4A77E4FB5F56D4991C75850', 'SPR', 2, 59500, 59500, 37500, 42500, 45500, 42500),
('5B5E6E55EB49F2AC331C7C03BBA13A03', '2013-11-08 19:50:59', 'Deluxe Vista Mar', '1', '2995E89FB4A77E4FB5F56D4991C75850', 'DVM', 4, 70500, 70500, 54500, 49500, 54500, 57500),
('6CAC28B1DFC2B870670CCF9609F8ED36', '2013-11-08 19:50:45', 'Deluxe', '1', '2995E89FB4A77E4FB5F56D4991C75850', 'DLX', 3, 64500, 64500, 42500, 47500, 47500, 50500),
('3CFFCD5822534F90893EA96EF51FAAC4', '2013-11-08 19:50:24', 'Standard', '1', '2995E89FB4A77E4FB5F56D4991C75850', 'STD', 1, 56500, 56500, 34500, 39500, 39500, 42500);

-- --------------------------------------------------------

--
-- Estrutura da tabela `quartos_tipo_rel_descricao`
--

CREATE TABLE IF NOT EXISTS `quartos_tipo_rel_descricao` (
  `CODQUARTOTIPO` char(32) NOT NULL DEFAULT '',
  `CODDESCRICAO` char(32) NOT NULL DEFAULT '',
  PRIMARY KEY (`CODQUARTOTIPO`,`CODDESCRICAO`)
) ENGINE=MyISAM DEFAULT CHARSET=latin1;

--
-- Extraindo dados da tabela `quartos_tipo_rel_descricao`
--

INSERT INTO `quartos_tipo_rel_descricao` (`CODQUARTOTIPO`, `CODDESCRICAO`) VALUES
('3CFFCD5822534F90893EA96EF51FAAC4', '789AEE9BB9558CF86520C04D331895D7'),
('5B5E6E55EB49F2AC331C7C03BBA13A03', 'A00FA2388E21D0C46C753CF5162BC0BA'),
('6CAC28B1DFC2B870670CCF9609F8ED36', 'FBBCD592CC6561EB76E6F269100A04E2'),
('854B57ABEBA3D0CD8C48CDF32E22188E', '239A017A563168752E7A4BA9BA8374D8'),
('8C1D19C6DA8E36CF70BA5D29F03893C7', 'DAE86911603860AFE327120B3378A1CC'),
('E8493102B7E20E78B162C13F4ABB668A', 'E0765E2FD124E8ABB9F114498C6875D6');

-- --------------------------------------------------------

--
-- Estrutura da tabela `quartos_tipo_rel_fotos`
--

CREATE TABLE IF NOT EXISTS `quartos_tipo_rel_fotos` (
  `CODQUARTOTIPO` char(32) NOT NULL DEFAULT '',
  `CODFOTO` char(32) NOT NULL DEFAULT '',
  PRIMARY KEY (`CODQUARTOTIPO`,`CODFOTO`)
) ENGINE=MyISAM DEFAULT CHARSET=latin1;

--
-- Extraindo dados da tabela `quartos_tipo_rel_fotos`
--

INSERT INTO `quartos_tipo_rel_fotos` (`CODQUARTOTIPO`, `CODFOTO`) VALUES
('3CFFCD5822534F90893EA96EF51FAAC4', '162D3A887EE60F1467E08B452E87F0A6'),
('5B5E6E55EB49F2AC331C7C03BBA13A03', '479208A7FCEB74973A19EA415C71A875'),
('6CAC28B1DFC2B870670CCF9609F8ED36', '00FD90187E364C7B22DC77E07A3511A2'),
('6CAC28B1DFC2B870670CCF9609F8ED36', '1AB1D04D1A8DAEEA908C270B02230563'),
('6CAC28B1DFC2B870670CCF9609F8ED36', '4BB083F749CC16CB85D428A17B2EF7EA'),
('6CAC28B1DFC2B870670CCF9609F8ED36', 'F997BA23F2D159F700EB0E080FA367BE'),
('8C1D19C6DA8E36CF70BA5D29F03893C7', '99D30B47886B22F19F94AA257CE3D9BB'),
('E8493102B7E20E78B162C13F4ABB668A', 'DE39710ADCB638720891ABE1C1EFC80F');

-- --------------------------------------------------------

--
-- Estrutura da tabela `reservas`
--

CREATE TABLE IF NOT EXISTS `reservas` (
  `CODRESERVA` char(32) NOT NULL DEFAULT '',
  `DTA` timestamp NOT NULL DEFAULT CURRENT_TIMESTAMP,
  `DTAINICIO` date DEFAULT NULL,
  `DTAFIM` date DEFAULT NULL,
  `PESSOAS` int(11) DEFAULT NULL,
  `ADULTOS` int(11) DEFAULT NULL,
  `CRIANCA5A` int(11) DEFAULT NULL,
  `CRIANCA6A12` int(11) DEFAULT NULL,
  `CRIANCA12A` int(11) DEFAULT NULL,
  `QUARTOS` int(11) DEFAULT NULL,
  `STATUS` char(1) DEFAULT NULL,
  `OBSERVACOES` blob,
  `OWNER` char(32) DEFAULT 'B4EC91ED6E6C92AC52099D19C0B1A40E',
  `PREFERENCIA_IDIOMA` varchar(255) DEFAULT 'PORTUGUES',
  `RESERVAS_EXTERNAS` char(1) DEFAULT '0',
  PRIMARY KEY (`CODRESERVA`)
) ENGINE=MyISAM DEFAULT CHARSET=latin1;

-- --------------------------------------------------------

--
-- Estrutura da tabela `reservas_rel_guest`
--

CREATE TABLE IF NOT EXISTS `reservas_rel_guest` (
  `CODRESERVA` char(32) DEFAULT NULL,
  `CODGUEST` char(32) DEFAULT NULL,
  `REFERENCIA` char(1) DEFAULT NULL
) ENGINE=MyISAM DEFAULT CHARSET=latin1;

-- --------------------------------------------------------

--
-- Estrutura da tabela `reservas_rel_pacotes`
--

CREATE TABLE IF NOT EXISTS `reservas_rel_pacotes` (
  `CODRESERVA` char(32) COLLATE latin1_general_ci DEFAULT NULL,
  `CODPACOTE` char(32) COLLATE latin1_general_ci DEFAULT NULL
) ENGINE=MyISAM DEFAULT CHARSET=latin1 COLLATE=latin1_general_ci;

-- --------------------------------------------------------

--
-- Estrutura da tabela `reservas_rel_pessoa`
--

CREATE TABLE IF NOT EXISTS `reservas_rel_pessoa` (
  `CODRESERVA` char(32) DEFAULT NULL,
  `CODPESSOA` char(32) DEFAULT NULL
) ENGINE=MyISAM DEFAULT CHARSET=latin1;

-- --------------------------------------------------------

--
-- Estrutura da tabela `reservas_rel_quartos`
--

CREATE TABLE IF NOT EXISTS `reservas_rel_quartos` (
  `CODRESERVA` char(32) DEFAULT NULL,
  `CODQUARTO` char(32) DEFAULT NULL,
  `REFERENCIA` char(1) DEFAULT NULL
) ENGINE=MyISAM DEFAULT CHARSET=latin1;

-- --------------------------------------------------------

--
-- Estrutura da tabela `reservas_rel_tipo_quarto`
--

CREATE TABLE IF NOT EXISTS `reservas_rel_tipo_quarto` (
  `CODRESERVA` char(32) DEFAULT NULL,
  `CODTIPOQUARTO` char(32) DEFAULT NULL
) ENGINE=MyISAM DEFAULT CHARSET=latin1;

-- --------------------------------------------------------

--
-- Estrutura da tabela `reservas_rel_valor`
--

CREATE TABLE IF NOT EXISTS `reservas_rel_valor` (
  `CODRESERVA` char(32) DEFAULT NULL,
  `CODVALOR` char(32) DEFAULT NULL
) ENGINE=MyISAM DEFAULT CHARSET=latin1;

-- --------------------------------------------------------

--
-- Estrutura da tabela `rodape`
--

CREATE TABLE IF NOT EXISTS `rodape` (
  `INGLES` blob,
  `PORTUGUES` blob,
  `ESPANHOL` blob
) ENGINE=MyISAM DEFAULT CHARSET=latin1;

--
-- Extraindo dados da tabela `rodape`
--

INSERT INTO `rodape` (`INGLES`, `PORTUGUES`, `ESPANHOL`) VALUES
('', '', '');

-- --------------------------------------------------------

--
-- Estrutura da tabela `sobre_nos`
--

CREATE TABLE IF NOT EXISTS `sobre_nos` (
  `INGLES` blob,
  `PORTUGUES` blob,
  `ESPANHOL` blob
) ENGINE=MyISAM DEFAULT CHARSET=latin1 COLLATE=latin1_general_ci;

--
-- Extraindo dados da tabela `sobre_nos`
--

INSERT INTO `sobre_nos` (`INGLES`, `PORTUGUES`, `ESPANHOL`) VALUES
(0x3c70206c616e673d22656e2d5553223e3c696d67207469746c653d22416e7365204d61726e616922207372633d222e2e2f696d6167652f6c6f676f5f616e73655f6d61726e61692e706e672220616c743d22222077696474683d2233323322206865696768743d2231323322202f3e3c6272202f3e3c6272202f3e3c6272202f3e53696e63652053657074656d62657220323031332c2074686520506f7573616461204d617261766973746120697320756e64657220746865206d616e6167656d656e74206f6620416e7365204d61726e61692047657374266174696c64653b6f20486f74656c656972612c206120636f6d70616e79206372656174656420616e64206f776e6564206279204a656e616920616e64204d617263656c204b697373656c6566662e20546865206d697373696f6e206f6620416e7365204d61726e616920697320746f20646564696361746520616c6c206f7572206566666f72747320746f7761726473206f75722067756573747320746f20656e73757265207468617420776520636f6e7374616e746c79206d65657420616e6420657863656564207468656972206578706563746174696f6e732e204576657279206461792c2077652073747269766520746f206d616b65206120646966666572656e6365206265636175736520776520756e6465727374616e642074686174206f75722067756573747320617265206f7572206f6e6c7920656d706c6f7965722e205468726f756768206f75722067756573742d63656e746572656420617070726f6163682c2077652063726561746520616e64206d61696e7461696e20612072657075746174696f6e206f66207175616c69747920616e6420657863656c6c656e63652e204a656e616920616e64204d617263656c2067726164756174656420696e20686f74656c206d616e6167656d656e742066726f6d206120537769737320686f74656c206d616e6167656d656e74207363686f6f6c20616e6420646563696465642c206166746572207375636365737366756c20657870657269656e63657320696e20746865206c757875727920686f73706974616c69747920696e64757374727920696e20537769747a65726c616e6420616e642074686520556e69746564205374617465732c20746f206d6f766520746f204272617a696c20746f20636f6e74696e756520746865697220776f726c647769646520657870657269656e6365732e20576520617265206c6f6f6b696e6720666f727761726420746f20626520796f757220686f737473213c2f703e, 0x3c703e3c696d67207469746c653d22416e7365204d61726e616922207372633d222e2e2f696d6167652f6c6f676f5f616e73655f6d61726e61692e706e672220616c743d22222077696474683d2233323322206865696768743d2231323322202f3e3c6272202f3e3c6272202f3e3c6272202f3e446573646520736574656d62726f20646520323031332c206120506f7573616461204d617261766973746120657374266161637574653b20736f6220612067657374266174696c64653b6f20646520416e7365204d61726e61692047657374266174696c64653b6f20486f74656c656972612c20756d6120656d70726573612063726961646120706f72204a656e61692065204d617263656c204b697373656c6566662e3c2f703e0d0a3c703e41206d697373266174696c64653b6f20646120416e7365204d61726e616920266561637574653b206465646963617220746f646f73206f73206e6f73736f73206573666f722663636564696c3b6f732061206e6f73736f7320636c69656e7465732c20617373696d2070726f706f7263696f6e616e646f206120676172616e7469612064652073656d707265206174656e646572206520737570657261722073756173206578706563746174697661732e20546f646f73206f7320646961732c206e266f61637574653b73206e6f73206573666f722663636564696c3b616d6f7320706172612066617a65722061206469666572656e2663636564696c3b6120706f7271756520656e74656e64656d6f7320717565206f73206e6f73736f7320636c69656e7465732073266174696c64653b6f206f206e6f73736f20267561637574653b6e69636f20656d7072656761646f722e203c656d3e4174726176266561637574653b732064612061626f72646167656d206461206e6f7373612063656e7472616c2064652068266f61637574653b7370656465732c206e266f61637574653b7320637269616d6f732065206d616e74656d6f7320756d61207265707574612663636564696c3b266174696c64653b6f206465207175616c6964616465206520657863656c2665636972633b6e6369612e3c2f656d3e3c2f703e0d0a3c703e4a656e61692065204d617263656c20736520666f726d6172616d20656d2047657374266174696c64653b6f20486f74656c65697261206e756d61206573636f6c61207375266961637574653b2663636564696c3b612064652067657374266174696c64653b6f20686f74656c6569726120652c206170266f61637574653b73206578706572692665636972633b6e63696173206d7569746f2062656d20737563656469646173206e6f207365746f7220646520686f74656c61726961206465206c75786f206e61205375266961637574653b2663636564696c3b612065206e6f732045737461646f7320556e69646f732c2064656369646972616d207365206d756461722070617261206f2042726173696c207061726120636f6e74696e7561722061732073756173206578706572692665636972633b6e63696173206d756e64696169732e3c2f703e0d0a3c703e457374616d6f7320616e73696f736f732070617261207365722073657520616e6669747269266174696c64653b6f21266e6273703b3c2f703e, 0x3c703e3c696d67207469746c653d22416e7365204d61726e616922207372633d222e2e2f696d6167652f6c6f676f5f616e73655f6d61726e61692e706e672220616c743d22222077696474683d2233323322206865696768743d2231323322202f3e3c6272202f3e3c6272202f3e3c6272202f3e3c2f703e0d0a3c703e4465736465207365707469656d62726520646520323031332c206c6120506f73616461204d617261766973746120657374266161637574653b2062616a6f206c61206765737469266f61637574653b6e20646520416e7365204d61726e616920486f74656c656972612c20756e6120656d70726573612063726561646120706f72204a656e6169732079204d617263656c204b697373656c6566662e3c2f703e0d0a3c703e4c61206d697369266f61637574653b6e20646520416e7365204d6172616e6169206573206465646963617220746f646f73206e75657374726f73206573667565727a6f732061206e75657374726f7320636c69656e7465732c206173266961637574653b2070726f706f7263696f6e616e646f206c6120676172616e74266961637574653b61206465207369656d707265206174656e6465722079207375706572617220737573206578706563746174697661732e20546f646f73206c6f732064266961637574653b6173206e6f73206573666f727a616d6f732070617261206861636572206c61206469666572656e63696120706f7271756520636f6d7072656e64656d6f7320717565206e75657374726f7320636c69656e74657320736f6e206e75657374726f20267561637574653b6e69636f20656d706c6561646f722e20412074726176266561637574653b73266e6273703b2064656c206163657263616d69656e746f206465206e7565737472612063656e7472616c206465206875266561637574653b7370656465732c206e6f736f74726f7320637265616d6f732079206d616e74656e656d6f7320756e61207265707574616369266f61637574653b6e2064652063616c69646164207920657863656c656e6369612e3c2f703e0d0a3c703e4a656e61692079204d617263656c20736f6e20677261647561646f7320656e204765737469266f61637574653b6e20486f74656c65726120656e20756e612065736375656c61207375697a61206465206765737469266f61637574653b6e20686f74656c6572612079207472617320657870657269656e6369617320657869746f73617320656e20656c20736563746f7220646520686f74656c6572266961637574653b61206465206c756a6f20656e205375697a61207920656e206c6f732045737461646f7320556e69646f732c2064656369646965726f6e266e6273703b20747261736c61646172736520706172612042726173696c207061726120636f6e74696e7561722073757320657870657269656e63696173206d756e6469616c65732e3c2f703e0d0a3c703e26696578636c3b457374616d6f73206d757920616e73696f736f7320706172612073657220747520616e6669747269266f61637574653b6e213c2f703e);

-- --------------------------------------------------------

--
-- Estrutura da tabela `telefones`
--

CREATE TABLE IF NOT EXISTS `telefones` (
  `CODTELEFONE` char(32) NOT NULL DEFAULT '',
  `TELEFONE` varchar(20) DEFAULT NULL,
  `OPERADORA` varchar(70) DEFAULT NULL,
  `STATUS` char(1) DEFAULT NULL,
  `OWNER` char(32) DEFAULT NULL,
  PRIMARY KEY (`CODTELEFONE`)
) ENGINE=MyISAM DEFAULT CHARSET=latin1;

--
-- Extraindo dados da tabela `telefones`
--

INSERT INTO `telefones` (`CODTELEFONE`, `TELEFONE`, `OPERADORA`, `STATUS`, `OWNER`) VALUES
('917A38469B4CEB762E41EF6E25B57917', '2187571923', NULL, '1', 'B4EC91ED6E6C92AC52099D19C0B1A40E'),
('75A39EBA1B47423D3E9BE64ED4619552', '61 3967.8750', NULL, '1', 'B4EC91ED6E6C92AC52099D19C0B1A40E'),
('171A18B29325FB03D71216B190A09B15', '2187571923', NULL, '1', 'B4EC91ED6E6C92AC52099D19C0B1A40E'),
('C2FB89BA70889B0E97931C53008F2DF3', '2187571923', NULL, '1', 'B4EC91ED6E6C92AC52099D19C0B1A40E'),
('077C9E686FB46D6BBC2F861A0041696F', '(21) 212121212', NULL, '1', 'B4EC91ED6E6C92AC52099D19C0B1A40E'),
('EF8B2EAC273413B295BC8537EB997345', '(12) 12121212', NULL, '1', 'B4EC91ED6E6C92AC52099D19C0B1A40E'),
('BB37456DAB4EF198ABAC274EDFBBAEB9', '(13) 231312312', NULL, '1', 'B4EC91ED6E6C92AC52099D19C0B1A40E'),
('DA63FC8C16BC30A613DCE97408ABD989', '(22) 26232130', NULL, '1', 'B4EC91ED6E6C92AC52099D19C0B1A40E'),
('7A31553EE43B2511639155936870AD66', '(23) 123231231', NULL, '1', 'B4EC91ED6E6C92AC52099D19C0B1A40E'),
('9161E37EBC27F181AB53BBC2D55F7191', '(61) 267776276', NULL, '1', 'B4EC91ED6E6C92AC52099D19C0B1A40E'),
('CC3BFC1DC993FBD7B9FF90ACF2ECBEFD', '(62) 62766677', NULL, '1', 'B4EC91ED6E6C92AC52099D19C0B1A40E'),
('326333D129BDEAB6C847676C7C6B8061', '(22) 222222222', NULL, '1', 'B4EC91ED6E6C92AC52099D19C0B1A40E'),
('D924FF81113CA80910FE0F4D7FDED589', '(00) 000000000', NULL, '1', 'B4EC91ED6E6C92AC52099D19C0B1A40E'),
('D91ED8C0B764D669743E43B82A4724D8', '(61) 39678750', NULL, '1', 'B4EC91ED6E6C92AC52099D19C0B1A40E'),
('2E3D9EDE1245D0289374DDDB55EBD9B0', '(61) 39678750', NULL, '1', 'B4EC91ED6E6C92AC52099D19C0B1A40E'),
('6E690E67416C2195F87B8F8833E3AADA', '(61) 39678750', NULL, '1', 'B4EC91ED6E6C92AC52099D19C0B1A40E'),
('5F40D966761F8D4EF1237CFA4869E2BC', '(61) 39678750', NULL, '1', 'B4EC91ED6E6C92AC52099D19C0B1A40E'),
('0E74ED379CE918D44F1E341E294EA725', '(61) 39678750', NULL, '1', 'B4EC91ED6E6C92AC52099D19C0B1A40E'),
('7F4BB1FCB9DA3E5D5690289B7224C697', '(61) 39678750', NULL, '1', 'B4EC91ED6E6C92AC52099D19C0B1A40E'),
('FFF450599BBB66ED778834A54CB6D5D4', '(61) 39678750', NULL, '1', 'B4EC91ED6E6C92AC52099D19C0B1A40E'),
('FB92863C20BE7455795986E11B5F9881', '(61) 39678750', NULL, '1', 'B4EC91ED6E6C92AC52099D19C0B1A40E'),
('45BDC9F0BCF0C931CC22A8D53BCC83A8', '(61) 39678750', NULL, '1', 'B4EC91ED6E6C92AC52099D19C0B1A40E'),
('1A1C5E469B4BABFDDAE9DF2E9135BFCE', '(61) 39678750', NULL, '1', 'B4EC91ED6E6C92AC52099D19C0B1A40E'),
('333C245824F67CE8D48652BAF99F60F0', '(61) 39678750', NULL, '1', 'B4EC91ED6E6C92AC52099D19C0B1A40E'),
('B65DAEEA4DE719C006A446B212668F9A', '(61) 39678750', NULL, '1', 'B4EC91ED6E6C92AC52099D19C0B1A40E'),
('B57662C112EC425DF315FA14F9D7F3EE', '(61) 39678750', NULL, '1', 'B4EC91ED6E6C92AC52099D19C0B1A40E'),
('0744E4CCE4547091FB32F2913B35D67F', '(61) 39678750', NULL, '1', 'B4EC91ED6E6C92AC52099D19C0B1A40E'),
('3B23C592F1EC5C0764A5EF75168BA545', '(61) 39678750', NULL, '1', 'B4EC91ED6E6C92AC52099D19C0B1A40E'),
('90B8C27208D5B5E859FFD749831999F4', '(61) 39678750', NULL, '1', 'B4EC91ED6E6C92AC52099D19C0B1A40E'),
('5C4A7AB1F02C2655152FE39DCA791AA4', '(61) 39678750', NULL, '1', 'B4EC91ED6E6C92AC52099D19C0B1A40E'),
('75A1938642DCFF843C75A12735CCCDE0', '(61) 39678750', NULL, '1', 'B4EC91ED6E6C92AC52099D19C0B1A40E'),
('0BE237DB551C84CC6A4B13B01091C916', '(61) 39678750', NULL, '1', 'B4EC91ED6E6C92AC52099D19C0B1A40E'),
('906F1097F16E55FA3C106893088D0F9D', '(61) 39678750', NULL, '1', 'B4EC91ED6E6C92AC52099D19C0B1A40E'),
('78536E33FCC0B3E48948BE02001B3CB8', '(61) 39678750', NULL, '1', 'B4EC91ED6E6C92AC52099D19C0B1A40E'),
('806D7DBD929F23A26D3BBEA132E3C7B1', '(61) 39678750', NULL, '1', 'B4EC91ED6E6C92AC52099D19C0B1A40E'),
('37559B8F1024F308F1AAAB49FD7ADC09', '(61) 39678750', NULL, '1', 'B4EC91ED6E6C92AC52099D19C0B1A40E'),
('1777B2ABC7F201D38291F5EE830FD00F', '(61) 39678750', NULL, '1', 'B4EC91ED6E6C92AC52099D19C0B1A40E'),
('2DB7A94A8B10B1F325DBE910EC38A507', '(61) 39678750', NULL, '1', 'B4EC91ED6E6C92AC52099D19C0B1A40E'),
('788E3F891F5274596C2C804D50A9F98A', '(61) 39678750', NULL, '1', 'B4EC91ED6E6C92AC52099D19C0B1A40E'),
('384C4EA5A875FD8222A8DDAD56246A7D', '(61) 39678750', NULL, '1', 'B4EC91ED6E6C92AC52099D19C0B1A40E'),
('E5B29ED20A3F7E90A7927FDF98566BAD', '(61) 39678750', NULL, '1', 'B4EC91ED6E6C92AC52099D19C0B1A40E'),
('80FCBD9A2676B9FE1EA160AAD4F8D915', '(61) 39678750', NULL, '1', 'B4EC91ED6E6C92AC52099D19C0B1A40E'),
('83BBDC69955DB4204402D369189323AF', '(61) 39678750', NULL, '1', 'B4EC91ED6E6C92AC52099D19C0B1A40E'),
('2F1628EDCEA9A58A635F893B4112AE46', '(61) 39678750', NULL, '1', 'B4EC91ED6E6C92AC52099D19C0B1A40E'),
('90875C7E8A2DA9DEE612BE88E53F309A', '(61) 39678750', NULL, '1', 'B4EC91ED6E6C92AC52099D19C0B1A40E'),
('ABD1FA6CFD1E9E4C1EC97DD26D28F92D', '(61) 39678750', NULL, '1', 'B4EC91ED6E6C92AC52099D19C0B1A40E'),
('EAA558F12F11159800535785B3FABC10', '(61) 39678750', NULL, '1', 'B4EC91ED6E6C92AC52099D19C0B1A40E'),
('939C2A7BD1B65700B13390669F526AF2', '(61) 39678750', NULL, '1', 'B4EC91ED6E6C92AC52099D19C0B1A40E'),
('9E767AF198FE0514037C0B2AA406195C', '(61) 39678750', NULL, '1', 'B4EC91ED6E6C92AC52099D19C0B1A40E'),
('76DCED406E584598CC042316939D3F56', '(61) 39678750', NULL, '1', 'B4EC91ED6E6C92AC52099D19C0B1A40E'),
('BE5A6164B2306CEC70C852907EF759FA', '(61) 39678750', NULL, '1', 'B4EC91ED6E6C92AC52099D19C0B1A40E'),
('C0725334CF33037F58DF64E82B9B01B8', '(61) 39678750', NULL, '1', 'B4EC91ED6E6C92AC52099D19C0B1A40E'),
('E0469270EB27574153FAC7147F39BCDB', '(61) 39678750', NULL, '1', 'B4EC91ED6E6C92AC52099D19C0B1A40E'),
('9C559BF23B4DEA73BF023DECDBBB7CF2', '(61) 39678750', NULL, '1', 'B4EC91ED6E6C92AC52099D19C0B1A40E'),
('8D5DC3F18966DC308DA445CA4F379135', '(61) 39678750', NULL, '1', 'B4EC91ED6E6C92AC52099D19C0B1A40E'),
('13AA642F4B148D06475BAF01B250A338', '(61) 39678750', NULL, '1', 'B4EC91ED6E6C92AC52099D19C0B1A40E'),
('8833DA86BD5F352DE15B5DA840906C6E', '(61) 39678750', NULL, '1', 'B4EC91ED6E6C92AC52099D19C0B1A40E'),
('FCE5530E98865F65DFE3C5AD206CEB12', '(61) 39678750', NULL, '1', 'B4EC91ED6E6C92AC52099D19C0B1A40E'),
('CD98A43E5F35310E421F34E946274F10', '(61) 39678750', NULL, '1', 'B4EC91ED6E6C92AC52099D19C0B1A40E'),
('ED7183114ECE82E85DE05BEB1F77F2CF', '(61) 39678750', NULL, '1', 'B4EC91ED6E6C92AC52099D19C0B1A40E'),
('255E212D94967B5D6E51F9AAD2E1AE28', '(61) 39678750', NULL, '1', 'B4EC91ED6E6C92AC52099D19C0B1A40E'),
('B69C10CB47C5A727D12187C9EE86AA15', '(61) 39678750', NULL, '1', 'B4EC91ED6E6C92AC52099D19C0B1A40E'),
('8A0486788214C77DFF7813DC6B7504AD', '(61) 39678750', NULL, '1', 'B4EC91ED6E6C92AC52099D19C0B1A40E'),
('9B1E32B152B3D5BFA0EE96A7028AEB1B', '(61) 39678750', NULL, '1', 'B4EC91ED6E6C92AC52099D19C0B1A40E'),
('94D24CC3602DA30E7DE97CAAD80890C3', '(61) 39678750', NULL, '1', 'B4EC91ED6E6C92AC52099D19C0B1A40E'),
('56A96DD4AD107F13DCBB024287D463B2', '(61) 39678750', NULL, '1', 'B4EC91ED6E6C92AC52099D19C0B1A40E'),
('49917E89DAA84ED0DF4281792FED8BC9', '(61) 39678750', NULL, '1', 'B4EC91ED6E6C92AC52099D19C0B1A40E'),
('FA60010E0B17377A2C8EF11AD29DAA75', '(61) 39678750', NULL, '1', 'B4EC91ED6E6C92AC52099D19C0B1A40E'),
('3B2C5610F6819AA74DA12C7F83243C8A', '(61) 39678750', NULL, '1', 'B4EC91ED6E6C92AC52099D19C0B1A40E'),
('084A5C967FEA32E7B5D4A8E2E9753930', '(61) 39678750', NULL, '1', 'B4EC91ED6E6C92AC52099D19C0B1A40E'),
('3DF45129026DDAC30ACC9803B0827DD6', '(61) 39678750', NULL, '1', 'B4EC91ED6E6C92AC52099D19C0B1A40E'),
('C1CEC7AC99090B19034066CFCB004E2B', '(61) 39678750', NULL, '1', 'B4EC91ED6E6C92AC52099D19C0B1A40E'),
('3B7561EB78CE6FF207CD9C475118096C', '(61) 39678750', NULL, '1', 'B4EC91ED6E6C92AC52099D19C0B1A40E'),
('BE456168A995E425BF4B5B2BFC9BAE6D', '(61) 39678750', NULL, '1', 'B4EC91ED6E6C92AC52099D19C0B1A40E'),
('0C80497A7E86E11412FC1382C090E4C0', '(61) 39678750', NULL, '1', 'B4EC91ED6E6C92AC52099D19C0B1A40E'),
('530C44531BF732BA0B3838B86AA3EA1F', '(61) 39678750', NULL, '1', 'B4EC91ED6E6C92AC52099D19C0B1A40E'),
('52CBBC56312990AB1BB42C0F9FA2EBE3', '(61) 39678750', NULL, '1', 'B4EC91ED6E6C92AC52099D19C0B1A40E'),
('395806543F8C51E488509EA84BA999BB', '(61) 39678750', NULL, '1', 'B4EC91ED6E6C92AC52099D19C0B1A40E'),
('093194539F6992914872D4E1385D977D', '(61) 39678750', NULL, '1', 'B4EC91ED6E6C92AC52099D19C0B1A40E'),
('6BF4B2DBF0C72B91F567C81AD249664A', '(61) 39678750', NULL, '1', 'B4EC91ED6E6C92AC52099D19C0B1A40E'),
('FD416C90FD0FE3FB29D733E571BA4D3B', '(61) 39678750', NULL, '1', 'B4EC91ED6E6C92AC52099D19C0B1A40E'),
('3AFA191D2A50E4ADE299899194A83A42', '(61) 39678750', NULL, '1', 'B4EC91ED6E6C92AC52099D19C0B1A40E'),
('F12A36337EC4F23FEF772E3C21F9018D', '(61) 39678750', NULL, '1', 'B4EC91ED6E6C92AC52099D19C0B1A40E'),
('6F65663D35446EFDDC6F01AB2455B5DD', '(61) 39678750', NULL, '1', 'B4EC91ED6E6C92AC52099D19C0B1A40E'),
('E4A40EC2E207FE466CCA8DA8F4AEB9D5', '(61) 39678750', NULL, '1', 'B4EC91ED6E6C92AC52099D19C0B1A40E'),
('99B8FC2EE2E2542FDF48E58D0836C066', '(12) 312312312', NULL, '1', 'B4EC91ED6E6C92AC52099D19C0B1A40E'),
('BBC6429A4773899DA152AED65FA949BB', '(61) 39678750', NULL, '1', 'B4EC91ED6E6C92AC52099D19C0B1A40E'),
('3EB8F83BB2AA820863C9D6F002226125', '(61) 768688888', NULL, '1', 'B4EC91ED6E6C92AC52099D19C0B1A40E'),
('2D5BAF1E4849CE50F093667E8D5CE0A4', '(12) 65375327', NULL, '1', 'B4EC91ED6E6C92AC52099D19C0B1A40E'),
('D6550374A5AE3BB7B7D0FC4FD1A3BE58', '(12) 312312312', NULL, '1', 'B4EC91ED6E6C92AC52099D19C0B1A40E'),
('3C9AB1CA83BC8EDA10DCA063323C142C', '(22) 2623230', NULL, '1', 'B4EC91ED6E6C92AC52099D19C0B1A40E'),
('9CD48F87A520E06E995E93CA140944C8', '(22) 26236655', NULL, '1', 'B4EC91ED6E6C92AC52099D19C0B1A40E'),
('18052EA8E72DE76D071ED57A8A180AB7', '(22) 998754333', NULL, '1', 'B4EC91ED6E6C92AC52099D19C0B1A40E'),
('7AD36A648C616E92FB001E976974E463', '(22) 999875554', NULL, '1', 'B4EC91ED6E6C92AC52099D19C0B1A40E'),
('A447F87DAE76B68F553C61EFCB3A44B2', '(22) 998765443', NULL, '1', 'B4EC91ED6E6C92AC52099D19C0B1A40E'),
('FB29722026877F4C401317E6E65D0B81', '(61) 889999999', NULL, '1', 'B4EC91ED6E6C92AC52099D19C0B1A40E'),
('A394E83D69FCB0EA24AE0B69B67BBA21', '(61) 66666666', NULL, '1', 'B4EC91ED6E6C92AC52099D19C0B1A40E'),
('85D7E408FEE3A65F994E207AC96E964A', '(12) 65757777', NULL, '1', 'B4EC91ED6E6C92AC52099D19C0B1A40E'),
('307B7D4162C9392CFAF8F625833BFA31', '(12) 7686868', NULL, '1', 'B4EC91ED6E6C92AC52099D19C0B1A40E'),
('9C4DFFC4A86B68EF760A06DF67D3A9F3', '(12) 22222222', NULL, '1', 'B4EC91ED6E6C92AC52099D19C0B1A40E'),
('155E02D4E1E39DBF329B1E10B699B297', '(12) 333333333', NULL, '1', 'B4EC91ED6E6C92AC52099D19C0B1A40E'),
('C49BC392083A4C164C329A5BA255A2DA', '(12) 33333333', NULL, '1', 'B4EC91ED6E6C92AC52099D19C0B1A40E'),
('01935156E187CEF8E8F37B727DF4AA74', '(12) 33333333', NULL, '1', 'B4EC91ED6E6C92AC52099D19C0B1A40E'),
('51421F74775645DEDDA92C763ECDA020', '(21) 981215300', NULL, '1', 'B4EC91ED6E6C92AC52099D19C0B1A40E'),
('DCE18E633D98D6A489FD22F8A132D1DB', '(31) 231231231', NULL, '1', 'B4EC91ED6E6C92AC52099D19C0B1A40E'),
('3212220F3240B61753EF5D1FDAF57F81', '(12) 312312312', NULL, '1', 'B4EC91ED6E6C92AC52099D19C0B1A40E'),
('D0E55FD51C9737CDE75299C4117D7D58', '(11) 121231231', NULL, '1', 'B4EC91ED6E6C92AC52099D19C0B1A40E'),
('DC66096E93F19E8A72823C92D26D31CE', '(12) 132312312', NULL, '1', 'B4EC91ED6E6C92AC52099D19C0B1A40E'),
('15C21546EAC93425F847E1EAB81D235C', '(34) 234234234', NULL, '1', 'B4EC91ED6E6C92AC52099D19C0B1A40E'),
('9FA6CA8BCE55F408B86B7D2FB0C69042', '(12) 121212121', NULL, '1', 'B4EC91ED6E6C92AC52099D19C0B1A40E'),
('978685B505826CD918347E4036FF2E7E', '(21) 331231321', NULL, '1', 'B4EC91ED6E6C92AC52099D19C0B1A40E'),
('A891A7101A14D05BD5213800757CB980', '(12) 323123123', NULL, '1', 'B4EC91ED6E6C92AC52099D19C0B1A40E'),
('E34C2463393FA143AF8CE6E7945E96FB', '(32) 235235323', NULL, '1', 'B4EC91ED6E6C92AC52099D19C0B1A40E'),
('820BE364DBBEDB0E76830BF731CA8F36', '(23) 132123123', NULL, '1', 'B4EC91ED6E6C92AC52099D19C0B1A40E'),
('6276208ECDEC87E2D5847BD4AF637738', '(12) 321321321', NULL, '1', 'B4EC91ED6E6C92AC52099D19C0B1A40E'),
('5F27A67623D4DF3668CCEDB095FFFF54', '(15) 465645645', NULL, '1', 'B4EC91ED6E6C92AC52099D19C0B1A40E'),
('C0C7D58CBA2BDF5EA0D0713AB8BF0AA8', '(21) 98121-5253', NULL, '1', 'B4EC91ED6E6C92AC52099D19C0B1A40E'),
('2E3A10C9DB17868A03D774B3B6885366', '21 34863469', NULL, '1', 'B4EC91ED6E6C92AC52099D19C0B1A40E'),
('C7E1E2E9496FB188292AA553093E65E4', '2187571923', NULL, '1', 'B4EC91ED6E6C92AC52099D19C0B1A40E'),
('62E60DD1147E01C3F455E7676BA12AAB', '2187571923', NULL, '1', 'B4EC91ED6E6C92AC52099D19C0B1A40E'),
('604F1A44876F6076A77C07CA8E681CA0', '2187571923', NULL, '1', 'B4EC91ED6E6C92AC52099D19C0B1A40E'),
('4665B7020744B6343D1EA8020A4085DB', '', NULL, '1', 'B4EC91ED6E6C92AC52099D19C0B1A40E'),
('2F305C1FF0C72520D683045DBC61ECC9', '(23) 123123123', NULL, '1', 'B4EC91ED6E6C92AC52099D19C0B1A40E'),
('E7E16F5E46D2DEE739550A55FDFDBB62', '(13) 123123131', NULL, '1', 'B4EC91ED6E6C92AC52099D19C0B1A40E'),
('B3F18BE6D3F0CB17110414EF9CB97A19', '(21) 981215300', NULL, '1', 'B4EC91ED6E6C92AC52099D19C0B1A40E'),
('D71E4CF37269755990A0F0E183C5E022', '(21) 981215300', NULL, '1', 'B4EC91ED6E6C92AC52099D19C0B1A40E'),
('276F03A842D5D855EDE50CEA7CCDDC35', '(22) 998743264', NULL, '1', 'B4EC91ED6E6C92AC52099D19C0B1A40E'),
('459D0C5166018F994708B3EBF9FE8731', '(12) 277777778', NULL, '1', 'B4EC91ED6E6C92AC52099D19C0B1A40E'),
('2A3EA06ED26CB617B9E548FC7681D0AB', '(21) 212121212', NULL, '1', 'B4EC91ED6E6C92AC52099D19C0B1A40E'),
('AD118A757D8E7EFF748DC765AC675E7F', '(76) 66367777', NULL, '1', 'B4EC91ED6E6C92AC52099D19C0B1A40E'),
('62AEAD956DF2455A33824AE343158423', '(00) 000000000', NULL, '1', 'B4EC91ED6E6C92AC52099D19C0B1A40E'),
('3C2863D6D795CEB25B72747C9345B2BA', '(22) 222222222', NULL, '1', 'B4EC91ED6E6C92AC52099D19C0B1A40E'),
('686401FDE26CD7FFA841D8336F1089EE', '(22) 999854236', NULL, '1', 'B4EC91ED6E6C92AC52099D19C0B1A40E'),
('450FEA20F4324B4116A540B3E75793D0', '(22) 998765444', NULL, '1', 'B4EC91ED6E6C92AC52099D19C0B1A40E'),
('CFBA0689ED443C2EBDC7EA0E334E9530', '(22) 000000000', NULL, '1', 'B4EC91ED6E6C92AC52099D19C0B1A40E'),
('722389094CC70E5DC00550B39920A2D7', '(22) 999922222', NULL, '1', 'B4EC91ED6E6C92AC52099D19C0B1A40E'),
('D5FC79716CF630BAFC051C2DECCAAA2C', '(22) 222222222', NULL, '1', 'B4EC91ED6E6C92AC52099D19C0B1A40E'),
('35CE57D0C965B208C0A7836E50524012', '(12) 537876532', NULL, '1', 'B4EC91ED6E6C92AC52099D19C0B1A40E'),
('0F76D58BDB35556A035CFC0D2AC01664', 'ops', NULL, '1', 'B4EC91ED6E6C92AC52099D19C0B1A40E'),
('86953F3DC8E15A2B4CB11946480066BA', '2187571923', NULL, '1', 'B4EC91ED6E6C92AC52099D19C0B1A40E'),
('CCAE26411DA87A431E4A75BF940387AE', '2187571923', NULL, '1', 'B4EC91ED6E6C92AC52099D19C0B1A40E'),
('8CBC8C9C9CE1954DA9D3033CC94AC994', '2187571923', NULL, '1', 'B4EC91ED6E6C92AC52099D19C0B1A40E'),
('F01B18D5F17CF25DD654E6175A59546D', '2187571923', NULL, '1', 'B4EC91ED6E6C92AC52099D19C0B1A40E'),
('0F1370779088FB594790B857802E2D25', '279879', NULL, '1', 'B4EC91ED6E6C92AC52099D19C0B1A40E'),
('94D31B6087486DCE56B21A77CD5204CB', 'ops', NULL, '1', 'B4EC91ED6E6C92AC52099D19C0B1A40E'),
('F54DDB58C650D63C22D88A35124AEEFD', '21 981215300', NULL, '1', 'B4EC91ED6E6C92AC52099D19C0B1A40E'),
('EF4ABE1B535D55966E9BD0BC918C7563', '21 981215300', NULL, '1', 'B4EC91ED6E6C92AC52099D19C0B1A40E'),
('5196B24F830BCDC3C9CE80593E707C6C', '1768688', NULL, '1', 'B4EC91ED6E6C92AC52099D19C0B1A40E'),
('65471354C383F58A3EB9A093B1F1E1D1', '122222', NULL, '1', 'B4EC91ED6E6C92AC52099D19C0B1A40E'),
('85C075307EBE28F264724C3AD9D12477', '1661666', NULL, '1', 'B4EC91ED6E6C92AC52099D19C0B1A40E'),
('E881FD1B5AF4299F3CF0696BF3E9F3E8', '21 981215300', NULL, '1', 'B4EC91ED6E6C92AC52099D19C0B1A40E'),
('58B58F99C0E31D5D17D2A065AD69245F', '21 981215300', NULL, '1', 'B4EC91ED6E6C92AC52099D19C0B1A40E'),
('EB8AAFE30CB2ED75A4A2829E1F1E2D5D', '21 981215300', NULL, '1', 'B4EC91ED6E6C92AC52099D19C0B1A40E'),
('C96B7BEB1F674850B02A68311A57AAA1', 'qwe', NULL, '1', 'B4EC91ED6E6C92AC52099D19C0B1A40E'),
('0D2AB51D43FF8B800616BC87CEF1A33E', '21 981215300', NULL, '1', 'B4EC91ED6E6C92AC52099D19C0B1A40E'),
('375A6DAEBE1E46B10CEA3F3CA81E614E', '123', NULL, '1', 'B4EC91ED6E6C92AC52099D19C0B1A40E'),
('1983386ECB549CFAD477D1604C141818', '21 981215300', NULL, '1', 'B4EC91ED6E6C92AC52099D19C0B1A40E'),
('3D4126F02103B20E2A4CD174B87E6CFE', '+41796183018', NULL, '1', 'B4EC91ED6E6C92AC52099D19C0B1A40E'),
('799E12EDDDB9C8613545B9E0A953DCE2', '+41796183018', NULL, '1', 'B4EC91ED6E6C92AC52099D19C0B1A40E'),
('7D0C9EEE6F9A212C61B8731F2C1E1F93', '+41796183018', NULL, '1', 'B4EC91ED6E6C92AC52099D19C0B1A40E'),
('549E93B600F9C48B81487D183BEEA63C', '+41796183018', NULL, '1', 'B4EC91ED6E6C92AC52099D19C0B1A40E'),
('A880976D46DA9B164C52651976D1CB48', '2299999999999', NULL, '1', 'B4EC91ED6E6C92AC52099D19C0B1A40E'),
('A93789B21269D70421C3F12B1A45C1C2', '2299858885555555', NULL, '1', 'B4EC91ED6E6C92AC52099D19C0B1A40E'),
('FBB092DF30B0BE629E3C05D370D236AD', '2299858885555555', NULL, '1', 'B4EC91ED6E6C92AC52099D19C0B1A40E'),
('3FF6ABEB610AC991D9005CD0266D0C47', '2299858885555555', NULL, '1', 'B4EC91ED6E6C92AC52099D19C0B1A40E'),
('7DA44CCC86004341CE768CAD525DFA37', 'marcel', NULL, '1', 'B4EC91ED6E6C92AC52099D19C0B1A40E'),
('00FFE7A96FA0D9A744620B9CB354BE66', '5455555555', NULL, '1', 'B4EC91ED6E6C92AC52099D19C0B1A40E'),
('BD0D5050AA17548427D0D1955830B55F', '2222222222', NULL, '1', 'B4EC91ED6E6C92AC52099D19C0B1A40E'),
('B87B91E21342B2C25A2A9FB05ECE8E0C', 'asadad', NULL, '1', 'B4EC91ED6E6C92AC52099D19C0B1A40E'),
('89BA3D903529224E597B85ABA949D6DE', '2222222', NULL, '1', 'B4EC91ED6E6C92AC52099D19C0B1A40E'),
('CF2294D69234AD3C7EF21172261B03F7', 'ops', NULL, '1', 'B4EC91ED6E6C92AC52099D19C0B1A40E'),
('AED8ECCA378489642B6C3FA0194DAD61', '19199', NULL, '1', 'B4EC91ED6E6C92AC52099D19C0B1A40E'),
('90549DD109C88333E53F1AD773C0ACBA', '19199', NULL, '1', 'B4EC91ED6E6C92AC52099D19C0B1A40E'),
('6927277E6A9F8F73041B043BEB710C9E', 'ops', NULL, '1', 'B4EC91ED6E6C92AC52099D19C0B1A40E'),
('7E3CEA6FEE83E3E804E7D913470D42F6', '1233333', NULL, '1', 'B4EC91ED6E6C92AC52099D19C0B1A40E'),
('CC5577B921140DB97E5F129D02A2F2AA', '111111', NULL, '1', 'B4EC91ED6E6C92AC52099D19C0B1A40E'),
('7180B86E06FD284DB2B7E971296337D2', '12344', NULL, '1', 'B4EC91ED6E6C92AC52099D19C0B1A40E'),
('27FA23A9598DB5BD01BBB1708B7B879C', '212222222222', NULL, '1', 'B4EC91ED6E6C92AC52099D19C0B1A40E'),
('6097CF54A0802EEAB155EAD84D4BB4FD', '61 12002000', NULL, '1', 'B4EC91ED6E6C92AC52099D19C0B1A40E'),
('79E346ACA1CE9DBD96382D45F7A16D28', '61 12002000', NULL, '1', 'B4EC91ED6E6C92AC52099D19C0B1A40E'),
('840E0D8CBCC724BDE100D82F2BD9F7E9', '61 12002000', NULL, '1', 'B4EC91ED6E6C92AC52099D19C0B1A40E'),
('9ECD6D600D9D68DECBD7450BB7200D37', '61 12002000', NULL, '1', 'B4EC91ED6E6C92AC52099D19C0B1A40E'),
('4CE50DBA7D11A36BECCBB2D0204BB9EA', '61 12002000', NULL, '1', 'B4EC91ED6E6C92AC52099D19C0B1A40E'),
('6A897981082DAF8A610382D73CE95A2D', '61 12002000', NULL, '1', 'B4EC91ED6E6C92AC52099D19C0B1A40E'),
('3D4A7CA38595509A2AD6A77AD0100B20', '61 12002000', NULL, '1', 'B4EC91ED6E6C92AC52099D19C0B1A40E'),
('A2E66094655D9DAE98EA2B12BF5EBA38', '61 12002000', NULL, '1', 'B4EC91ED6E6C92AC52099D19C0B1A40E'),
('AAF0196FC94E6CEC4C62E9D7A22D0B68', '', NULL, '1', 'B4EC91ED6E6C92AC52099D19C0B1A40E'),
('AA79F40BEEC0A89C668697EE814FFF99', '61 12002000', NULL, '1', 'B4EC91ED6E6C92AC52099D19C0B1A40E'),
('CD6BDCE6BFFC7C027986712296181C80', '61 12002000', NULL, '1', 'B4EC91ED6E6C92AC52099D19C0B1A40E'),
('5DB00B68738DA8072A30F06A29847C95', '61 12002000', NULL, '1', 'B4EC91ED6E6C92AC52099D19C0B1A40E'),
('7A215595EC1F35CC9DD8F59DC41F1CC9', '61 12002000', NULL, '1', 'B4EC91ED6E6C92AC52099D19C0B1A40E'),
('BD130DC67F3DC3E648D462228C1CDE94', '61 12002000', NULL, '1', 'B4EC91ED6E6C92AC52099D19C0B1A40E'),
('FECF95B5E2BBC86F83520B05046194D5', '61 12002000', NULL, '1', 'B4EC91ED6E6C92AC52099D19C0B1A40E'),
('5B0513A3739F2C654FB011AEFC51BB7C', '61 12002000', NULL, '1', 'B4EC91ED6E6C92AC52099D19C0B1A40E'),
('10597EF192FDB57D07A5F48A683BB21C', '61 12002000', NULL, '1', 'B4EC91ED6E6C92AC52099D19C0B1A40E'),
('4373CE7E277ECDD4E237628FD36FFD5A', '61 12002000', NULL, '1', 'B4EC91ED6E6C92AC52099D19C0B1A40E'),
('0A48A758BBCEEFF77376FAE3CF2582BB', '61 12002000', NULL, '1', 'B4EC91ED6E6C92AC52099D19C0B1A40E'),
('976DFAF1C7EBB6E320DAE8D4DE949E89', '2222222222', NULL, '1', 'B4EC91ED6E6C92AC52099D19C0B1A40E'),
('8E1E8F2C80EC0C1BC969ECA49CED152C', '21 981215300', NULL, '1', 'B4EC91ED6E6C92AC52099D19C0B1A40E'),
('DBC4314F098B1DC65A189241F8216870', '61 12002000', NULL, '1', 'B4EC91ED6E6C92AC52099D19C0B1A40E'),
('D04167B44F846FD189F50239A4257F2A', '2187571923', NULL, '1', 'B4EC91ED6E6C92AC52099D19C0B1A40E'),
('F4FFB75DEFD6311569DD3E03D46B1006', '2222222222', NULL, '1', 'B4EC91ED6E6C92AC52099D19C0B1A40E'),
('8AA4DE306C50911B50D0E6FE2331AEB9', '61 12002000', NULL, '1', 'B4EC91ED6E6C92AC52099D19C0B1A40E'),
('BDF24D3694BEE0551A1A19C9E850BF85', 'ios', NULL, '1', 'B4EC91ED6E6C92AC52099D19C0B1A40E'),
('E4F7DDAE69F5231ADB2BE61E42D7BADF', '2222222', NULL, '1', 'B4EC91ED6E6C92AC52099D19C0B1A40E'),
('12F1EA755F8EC284442D6CC2B1C08BE2', '222', NULL, '1', 'B4EC91ED6E6C92AC52099D19C0B1A40E'),
('1F65B9DF612899F5CBEC285645E8F05F', '2222', NULL, '1', 'B4EC91ED6E6C92AC52099D19C0B1A40E'),
('A5653A20FC2C557ED7E6BD617585F59D', '2222222222', NULL, '1', 'B4EC91ED6E6C92AC52099D19C0B1A40E'),
('B398A65F52C4A0B6E98774ECEE91E780', '2222222222', NULL, '1', 'B4EC91ED6E6C92AC52099D19C0B1A40E'),
('2E74DC3C131F4196D7A7ECFDE7EA7C68', '21 981215300', NULL, '1', 'B4EC91ED6E6C92AC52099D19C0B1A40E'),
('F737FB2AAAEC1760B5889B2D05EB13EE', '21 981215300', NULL, '1', 'B4EC91ED6E6C92AC52099D19C0B1A40E'),
('73943F1A2B66B1CBD4955ADBE86076AA', '(21) 31231-231', NULL, '1', 'B4EC91ED6E6C92AC52099D19C0B1A40E'),
('EE5F9DF9A8BB20B50BC31942A3BD0D6D', '(43) 24323-4243', NULL, '1', 'B4EC91ED6E6C92AC52099D19C0B1A40E'),
('953E780956BCEA8426DED0BB6668899F', '(11) 11111-1111', NULL, '1', 'B4EC91ED6E6C92AC52099D19C0B1A40E'),
('A505A791274505A9E8CF636F3048BA70', '(12) 31223-1231', NULL, '1', 'B4EC91ED6E6C92AC52099D19C0B1A40E'),
('7F39947EDCC3AFE69BF8F7CF7F7417B1', '(11) 11111-1111', NULL, '1', 'B4EC91ED6E6C92AC52099D19C0B1A40E'),
('4803937CD679712E3640DFEAD811A41B', '(11) 11111-1111', NULL, '1', 'B4EC91ED6E6C92AC52099D19C0B1A40E'),
('3DD8F947E7F45EB83594ECC96D048CD0', '(11) 11111-1111', NULL, '1', 'B4EC91ED6E6C92AC52099D19C0B1A40E'),
('CA74209246A32C772461AE0C55E3A691', '(11) 11111', NULL, '1', 'B4EC91ED6E6C92AC52099D19C0B1A40E'),
('3650FF55C45C334CDAC3AFB61EBB9A98', '(21) 21211-212', NULL, '1', 'B4EC91ED6E6C92AC52099D19C0B1A40E'),
('DEFE4D4843BAD2DBA44BED46B79F6EE2', '(11) 11111-1', NULL, '1', 'B4EC91ED6E6C92AC52099D19C0B1A40E'),
('5876866B3148C14EF0122FEC53C3B820', '(11) 11111-1111', NULL, '1', 'B4EC91ED6E6C92AC52099D19C0B1A40E'),
('9F028A9BB9313A158A980EFC17FD2B19', '(41) 21921-4081', NULL, '1', 'B4EC91ED6E6C92AC52099D19C0B1A40E'),
('F40FAF53F843E5A97EC9A31E2E1C0DDD', '(31) 23131-3', NULL, '1', 'B4EC91ED6E6C92AC52099D19C0B1A40E'),
('B190D95340A7D43F51D86981D390B584', '(22) 99987-6544', NULL, '1', 'B4EC91ED6E6C92AC52099D19C0B1A40E'),
('0E16C842F1FC902483787D6CF1A0D05E', '(22) 99978-7452', NULL, '1', 'B4EC91ED6E6C92AC52099D19C0B1A40E'),
('91C6CD2F815978B8F7287F1FB3943371', '(21) 99999-9999', NULL, '1', 'B4EC91ED6E6C92AC52099D19C0B1A40E'),
('1CE9AE94F4C268D6EECB470F33CE392D', '(21) 99999-9999', NULL, '1', 'B4EC91ED6E6C92AC52099D19C0B1A40E'),
('23580026AE0F3683900DF7FBD7273FB5', '(21) 99999-9999', NULL, '1', 'B4EC91ED6E6C92AC52099D19C0B1A40E'),
('E03255128A294F783CFFA3C8A9B1E39C', '(21) 99999-9999', NULL, '1', 'B4EC91ED6E6C92AC52099D19C0B1A40E'),
('CF647B44717AA8CE2497A3C5F2569313', '(21) 99999-9999', NULL, '1', 'B4EC91ED6E6C92AC52099D19C0B1A40E'),
('EDC03AD2847436CC6EF487D93F2C4363', '(21) 99999-9999', NULL, '1', 'B4EC91ED6E6C92AC52099D19C0B1A40E'),
('6F6356C99F2F3D8D06980CAE766DA0CB', '(21) 99999-9999', NULL, '1', 'B4EC91ED6E6C92AC52099D19C0B1A40E'),
('18BEF678BD784E0A54B3CBA801D98642', '(21) 99999-9999', NULL, '1', 'B4EC91ED6E6C92AC52099D19C0B1A40E'),
('AE14017541FD87E6DBCCB8893A0ACE74', '(11) 11111-1111', NULL, '1', 'B4EC91ED6E6C92AC52099D19C0B1A40E'),
('F39686410A3272079246CCF0297E986F', '(21) 99999-9999', NULL, '1', 'B4EC91ED6E6C92AC52099D19C0B1A40E'),
('30A2D577A61D92F92A8DE46F7FDF5C30', '(11) 11111-1111', NULL, '1', 'B4EC91ED6E6C92AC52099D19C0B1A40E'),
('2E514CC731044AD9FA4E67A9658512EE', '(11) 11111-1111', NULL, '1', 'B4EC91ED6E6C92AC52099D19C0B1A40E'),
('0E9B73169FF78298864EE14706C0B324', '(11) 11111-11', NULL, '1', 'B4EC91ED6E6C92AC52099D19C0B1A40E'),
('95AC3726C4FCD9A2BE536F0097C5BB35', '(11) 11111-1111', NULL, '1', 'B4EC91ED6E6C92AC52099D19C0B1A40E'),
('54C33E092B3C9F5086892429803C91A9', '(11) 11111-1111', NULL, '1', 'B4EC91ED6E6C92AC52099D19C0B1A40E'),
('0D3B8DA4DA23ECA9C39EDAF50593E35F', '(11) 11111-1111', NULL, '1', 'B4EC91ED6E6C92AC52099D19C0B1A40E'),
('2AA4F5255CACF4D7E2083B1D402CADF7', '(11) 11111-1111', NULL, '1', 'B4EC91ED6E6C92AC52099D19C0B1A40E'),
('B13007BBA8823107450E221FA37E3E84', '(21) 99999-9999', NULL, '1', 'B4EC91ED6E6C92AC52099D19C0B1A40E'),
('77BC256C31FEFAD4001194CB5B18B3F3', '(21) 99999-9999', NULL, '1', 'B4EC91ED6E6C92AC52099D19C0B1A40E'),
('648F59833CDCA8C9659568F364D96D47', '(21) 99999-9999', NULL, '1', 'B4EC91ED6E6C92AC52099D19C0B1A40E'),
('068EFB21CD70BC4006EA5F9DE2E5147E', '229997811', NULL, '1', 'B4EC91ED6E6C92AC52099D19C0B1A40E'),
('9A61914FE7564AA697AEEA22BE48380A', '(21) 94344-95', NULL, '1', 'B4EC91ED6E6C92AC52099D19C0B1A40E'),
('78C133D6ECCAEC7C3E53EE4CFFF48CF3', '(22) 22222-2222', NULL, '1', 'B4EC91ED6E6C92AC52099D19C0B1A40E'),
('5627C7758EA797B8EE72DB74E42F0E28', '22222222', NULL, '1', 'B4EC91ED6E6C92AC52099D19C0B1A40E'),
('05E91764C726ED21065F7172D9CB9873', '(22) 22222-2222', NULL, '1', 'B4EC91ED6E6C92AC52099D19C0B1A40E'),
('A9EE57E121864FB7110C46BCC49758A9', '22222222', NULL, '1', 'B4EC91ED6E6C92AC52099D19C0B1A40E'),
('D8D875C26DDDCF2428420B9731445721', '(22) 22222-2222', NULL, '1', 'B4EC91ED6E6C92AC52099D19C0B1A40E'),
('DDA4EB7C5462C88FEB97A2E2A03813D0', '(22) 22222-2222', NULL, '1', 'B4EC91ED6E6C92AC52099D19C0B1A40E'),
('95961F8E295C9391908897F84DA95DA3', '(22) 22222-2222', NULL, '1', 'B4EC91ED6E6C92AC52099D19C0B1A40E'),
('0BBA80CBACE9FEA6AB6C6C0DE3D89E64', '(21) 00000-0000', NULL, '1', 'B4EC91ED6E6C92AC52099D19C0B1A40E'),
('0501A4A49B4C71D9482F6AC823A2413D', '(21) 00000-0000', NULL, '1', 'B4EC91ED6E6C92AC52099D19C0B1A40E'),
('62627324DE1CFA308F57292A630B352A', '(11) 11111-1111', NULL, '1', 'B4EC91ED6E6C92AC52099D19C0B1A40E'),
('CE53D0D011DA9F39A5DD97AEBA63A8AD', '(21) 99898-8888', NULL, '1', 'B4EC91ED6E6C92AC52099D19C0B1A40E'),
('A095C9BDFE55EC976143D1E99B037B4D', '(21) 99980-0099', NULL, '1', 'B4EC91ED6E6C92AC52099D19C0B1A40E'),
('354164EE2DFF3E7DE9283BD63FF7C7F4', '(21) 99999-9999', NULL, '1', 'B4EC91ED6E6C92AC52099D19C0B1A40E'),
('4671084C8191E676AE7A423563054B46', '(21) 37965-253', NULL, '1', 'B4EC91ED6E6C92AC52099D19C0B1A40E'),
('44A8EC6564110A4967E8D767E4595B8E', '(21) 99990-0999', NULL, '1', 'B4EC91ED6E6C92AC52099D19C0B1A40E'),
('6F9BECA1E1613C3C6BAF95B2450AFE7C', '(21) 37965-253', NULL, '1', 'B4EC91ED6E6C92AC52099D19C0B1A40E'),
('3603240210B4C5C35EB7B4FFA9B6108B', '(21) 99999-9999', NULL, '1', 'B4EC91ED6E6C92AC52099D19C0B1A40E'),
('4569E333B5D539413FBFC7163FE2EF22', '(21) 37965-253', NULL, '1', 'B4EC91ED6E6C92AC52099D19C0B1A40E'),
('C558D5109EA4C47B6D02025861C131C8', '(21) 37965-253', NULL, '1', 'B4EC91ED6E6C92AC52099D19C0B1A40E'),
('B0F0A7F213BA3EEE4717F5B8C00B7C73', '(23) 12312-3123', NULL, '1', 'B4EC91ED6E6C92AC52099D19C0B1A40E'),
('6536B70E30E92AE8CBA4A022DD27471C', '(21) 99999-9000', NULL, '1', 'B4EC91ED6E6C92AC52099D19C0B1A40E'),
('030923BE2D5CF755085001CF3773A953', '22222222222222', NULL, '1', 'B4EC91ED6E6C92AC52099D19C0B1A40E'),
('6FD4C15565A9AC901D02E4ADF91B618B', '222222222222', NULL, '1', 'B4EC91ED6E6C92AC52099D19C0B1A40E'),
('60607576A9BAD102C065D17A22FEDB82', '(22) 26232-130', NULL, '1', 'B4EC91ED6E6C92AC52099D19C0B1A40E'),
('DEE322FFFFDA36F2BCE3D419DF295DC1', '(22) 22222-2222', NULL, '1', 'B4EC91ED6E6C92AC52099D19C0B1A40E');

-- --------------------------------------------------------

--
-- Estrutura da tabela `termos`
--

CREATE TABLE IF NOT EXISTS `termos` (
  `CODTERMO` char(32) NOT NULL DEFAULT '',
  `DTA` timestamp NOT NULL DEFAULT CURRENT_TIMESTAMP,
  `IDIOMA` varchar(20) DEFAULT NULL,
  `CONTEUDO` blob,
  `STATUS` char(1) DEFAULT NULL,
  `OWNER` char(32) DEFAULT NULL,
  PRIMARY KEY (`CODTERMO`)
) ENGINE=MyISAM DEFAULT CHARSET=latin1;

--
-- Extraindo dados da tabela `termos`
--

INSERT INTO `termos` (`CODTERMO`, `DTA`, `IDIOMA`, `CONTEUDO`, `STATUS`, `OWNER`) VALUES
('B9F0FCBC481678B30E44772D82CCFF19', '2013-11-06 18:11:02', 'INGLES', 0x3c703e3c7370616e207374796c653d22666f6e742d66616d696c793a20617269616c2c2068656c7665746963612c2073616e732d73657269663b223e4265666f7265206d616b696e672061207265736572766174696f6e2c20706c65617365206361726566756c6c7920726561642074686520506f7573616461204d617261766973746126727371756f3b732067656e6572616c20636f6e646974696f6e732e3c2f7370616e3e3c2f703e0d0a3c703e3c7370616e207374796c653d22666f6e742d66616d696c793a20617269616c2c2068656c7665746963612c2073616e732d73657269663b223e3c7374726f6e673e312e2052617465733c2f7374726f6e673e3c2f7370616e3e3c2f703e0d0a3c703e3c7370616e207374796c653d22666f6e742d66616d696c793a20617269616c2c2068656c7665746963612c2073616e732d73657269663b223e416c6c20726174657320657870726573736564206f6e207468697320776562736974652061726520696e204272617a696c69616e205265616c73202842524c206f72205224292e3c2f7370616e3e3c2f703e0d0a3c703e3c7370616e207374796c653d22666f6e742d66616d696c793a20617269616c2c2068656c7665746963612c2073616e732d73657269663b223e52617465732061742074686520506f7573616461204d617261766973746120696e636c75646520616c6c2074617865732e3c2f7370616e3e3c2f703e0d0a3c703e266e6273703b3c2f703e0d0a3c703e3c7370616e207374796c653d22666f6e742d66616d696c793a20617269616c2c2068656c7665746963612c2073616e732d73657269663b223e3c7374726f6e673e322e205265736572766174696f6e733c2f7374726f6e673e3c2f7370616e3e3c2f703e0d0a3c703e3c7370616e207374796c653d22666f6e742d66616d696c793a20617269616c2c2068656c7665746963612c2073616e732d73657269663b223e466f722067656e6572616c207265736572766174696f6e732c207765207265717569726520353025207072657061796d656e74206f662074686520746f74616c2076616c7565206f6620746865207265736572766174696f6e20746f2067756172616e7465652074686520726f6f6d2e205468652072656d61696e64657220353025206d75737420626520736574746c65642061742074696d65206f6620636865636b2d6f757420616c6f6e67207769746820696e636964656e74616c732e3c2f7370616e3e3c2f703e0d0a3c703e3c7370616e207374796c653d22666f6e742d66616d696c793a20617269616c2c2068656c7665746963612c2073616e732d73657269663b223e466f72207370656369616c207061636b616765732c20686f6c69646179732c2067726f757073206f72206576656e74732c20612031303025207072657061796d656e74206d61792062652072657175697265642e3c2f7370616e3e3c2f703e0d0a3c703e3c7370616e207374796c653d22666f6e742d66616d696c793a20617269616c2c2068656c7665746963612c2073616e732d73657269663b223e546865207265736572766174696f6e20697320636f6e6669726d656420616e642067756172616e7465656420756e74696c2030323a303020612e6d2e207468652064617920666f6c6c6f77696e67207468652064617465206f6620746865207265736572766174696f6e2c20756e6c6573732070726576696f75736c7920616772656564206f7468657277697365206265747765656e2074686520506f7573616461204d617261766973746120616e64207468652067756573742e3c2f7370616e3e3c2f703e0d0a3c703e266e6273703b3c2f703e0d0a3c703e3c7370616e207374796c653d22666f6e742d66616d696c793a20617269616c2c2068656c7665746963612c2073616e732d73657269663b223e3c7374726f6e673e332e2047656e6572616c3c2f7374726f6e673e3c2f7370616e3e3c2f703e0d0a3c703e3c7370616e207374796c653d22666f6e742d66616d696c793a20617269616c2c2068656c7665746963612c2073616e732d73657269663b223e436865636b2d696e3a2031346830303c2f7370616e3e3c2f703e0d0a3c703e3c7370616e207374796c653d22666f6e742d66616d696c793a20617269616c2c2068656c7665746963612c2073616e732d73657269663b223e436865636b2d6f75743a2031326830303c2f7370616e3e3c2f703e0d0a3c703e3c7370616e207374796c653d22666f6e742d66616d696c793a20617269616c2c2068656c7665746963612c2073616e732d73657269663b223e4c61746520636865636b2d6f757420666565733a20416e7920636865636b2d6f757420616674657220746869732074696d65206d617920726573756c7420696e2061207375726368617267652e3c2f7370616e3e3c2f703e0d0a3c703e3c7370616e207374796c653d22666f6e742d66616d696c793a20617269616c2c2068656c7665746963612c2073616e732d73657269663b223e4561726c7920636865636b2d6f75743a2052617465732071756f74656420617265206261736564206f6e20636865636b2d696e206461746520616e64206c656e677468206f6620737461792073686f776e2e204e6f20726566756e6473206772616e74656420666f722064657061727475726573207072696f7220746f2074686520636f6e6669726d65642064657061727475726520646174652e3c2f7370616e3e3c2f703e0d0a3c703e3c7370616e207374796c653d22666f6e742d66616d696c793a20617269616c2c2068656c7665746963612c2073616e732d73657269663b223e416c6c206f757220726174657320696e636c75646520627265616b666173742e3c2f7370616e3e3c2f703e0d0a3c703e3c7370616e207374796c653d22666f6e742d66616d696c793a20617269616c2c2068656c7665746963612c2073616e732d73657269663b223e54686520506f75736164612063616e6e6f742061636365707420616e696d616c732e3c2f7370616e3e3c2f703e0d0a3c703e3c7370616e207374796c653d22666f6e742d66616d696c793a20617269616c2c2068656c7665746963612c2073616e732d73657269663b223e416c6c20726f6f6d7320617265206e6f6e2d736d6f6b696e672e3c2f7370616e3e3c2f703e0d0a3c703e266e6273703b3c2f703e0d0a3c703e3c7370616e207374796c653d22666f6e742d66616d696c793a20617269616c2c2068656c7665746963612c2073616e732d73657269663b223e3c7374726f6e673e342e204368696c6472656e202f206164646974696f6e616c20706572736f6e20706f6c6963793c2f7374726f6e673e3c2f7370616e3e3c2f703e0d0a3c703e3c7370616e207374796c653d22666f6e742d66616d696c793a20617269616c2c2068656c7665746963612c2073616e732d73657269663b223e5468652072617465732071756f7465642061726520666f722074776f206164756c74732e20416e79206164646974696f6e616c20706572736f6e206d757374206265207265676973746572656420617420636865636b2d696e20616e64206d617920696e63757220616e206164646974696f6e616c20636f73742e3c2f7370616e3e3c2f703e0d0a3c703e3c7370616e207374796c653d22666f6e742d66616d696c793a20617269616c2c2068656c7665746963612c2073616e732d73657269663b223e4f6e65206368696c6420756e64657220352079656172732073746179696e6720696e2074686520706172656e7426727371756f3b7320726f6f6d3a20436f6d706c696d656e746172792e3c2f7370616e3e3c2f703e0d0a3c703e3c7370616e207374796c653d22666f6e742d66616d696c793a20617269616c2c2068656c7665746963612c2073616e732d73657269663b223e4f6e65206368696c64202866726f6d203520746f203132207965617273292073746179696e6720696e2074686520706172656e7426727371756f3b7320726f6f6d3a204164646974696f6e616c20313525206f6620746865206461696c7920726174653c2f7370616e3e3c2f703e0d0a3c703e3c7370616e207374796c653d22666f6e742d66616d696c793a20617269616c2c2068656c7665746963612c2073616e732d73657269663b223e4368696c6472656e2061626f76652074686520616765206f6620313220286f72206164756c74293a204164646974696f6e616c20333025206f6620746865206461696c7920726174653c2f7370616e3e3c2f703e0d0a3c703e3c7370616e207374796c653d22666f6e742d66616d696c793a20617269616c2c2068656c7665746963612c2073616e732d73657269663b223e416e7920657874726120626564206f722062616279206372696273206d75737420626520636f6e6669726d65642062792074686520506f7573616461204d617261766973746120696e207772697474656e2e3c2f7370616e3e3c2f703e0d0a3c703e3c7370616e207374796c653d22666f6e742d66616d696c793a20617269616c2c2068656c7665746963612c2073616e732d73657269663b223e576f756c642074686520746f74616c20616d6f756e74206f66206775657374206e6f742068617665206265656e20696e666f726d6564206174207468652074696d65206f66207265736572766174696f6e2c2074686520616d6f756e7420666f7220657874726120706572736f6e732077696c6c20626520616464656420616e64206368617267656420617420636865636b2d696e2e3c2f7370616e3e3c2f703e0d0a3c703e266e6273703b3c2f703e0d0a3c703e3c7370616e207374796c653d22666f6e742d66616d696c793a20617269616c2c2068656c7665746963612c2073616e732d73657269663b223e3c7374726f6e673e352e5265736572766174696f6e206d6f64696669636174696f6e7320616e64206e6f2d73686f77733c2f7374726f6e673e3c2f7370616e3e3c2f703e0d0a3c703e3c7370616e207374796c653d22666f6e742d66616d696c793a20617269616c2c2068656c7665746963612c2073616e732d73657269663b223e5265736572766174696f6e73206d6f64696669636174696f6e732077696c6c206f6e6c7920626520616363657074656420627920652d6d61696c2e3c2f7370616e3e3c2f703e0d0a3c703e3c7370616e207374796c653d22666f6e742d66616d696c793a20617269616c2c2068656c7665746963612c2073616e732d73657269663b223e49662074686520636c69656e74206661696c7320746f2073686f7720757020776974686f7574207072696f72206e6f746963652c207468652063616e63656c6c6174696f6e20706f6c696379206f662074686520506f7573616461204d6172617669737461206170706c6965732e3c2f7370616e3e3c2f703e0d0a3c703e266e6273703b3c2f703e0d0a3c703e3c7370616e207374796c653d22666f6e742d66616d696c793a20617269616c2c2068656c7665746963612c2073616e732d73657269663b223e3c7374726f6e673e362e43616e63656c6c6174696f6e20706f6c6963793c2f7374726f6e673e3c2f7370616e3e3c2f703e0d0a3c703e3c7370616e207374796c653d22666f6e742d66616d696c793a20617269616c2c2068656c7665746963612c2073616e732d73657269663b223e466f722067656e6572616c207265736572766174696f6e732028657863657074207370656369616c207061636b616765732c2070726f6d6f74696f6e732c20686f6c6964617973206f722067726f757073293a3c2f7370616e3e3c2f703e0d0a3c703e3c7370616e207374796c653d22666f6e742d66616d696c793a20617269616c2c2068656c7665746963612c2073616e732d73657269663b223e557020746f20373220686f757273206265666f72652074686520646179206f6620636865636b2d696e3a20467265652063616e63656c6c6174696f6e2a3c2f7370616e3e3c2f703e0d0a3c703e3c7370616e207374796c653d22666f6e742d66616d696c793a20617269616c2c2068656c7665746963612c2073616e732d73657269663b223e373220686f75727320746f20343820686f757273206265666f72652074686520646179206f6620636865636b2d696e3a204120766f75636865722077696c6c2062652069737375656420666f722074686520616d6f756e74206f6620746865207072657061796d656e7420746f206265207573656420617420506f7573616461204d6172617669737461202876616c6964203132206d6f6e746873293c2f7370616e3e3c2f703e0d0a3c703e3c7370616e207374796c653d22666f6e742d66616d696c793a20617269616c2c2068656c7665746963612c2073616e732d73657269663b223e343820686f757273206265666f72652074686520646179206f6620636865636b2d696e3a204e6f20726566756e64733c2f7370616e3e3c2f703e0d0a3c703e3c7370616e207374796c653d22666f6e742d66616d696c793a20617269616c2c2068656c7665746963612c2073616e732d73657269663b223e5468652074696d6520636f6e7369646572656420666f7220266c6471756f3b646179206f6620636865636b2d696e26726471756f3b206973207468652061637475616c2074696d65206f6620636865636b2d696e20283134683030292e3c2f7370616e3e3c2f703e0d0a3c703e266e6273703b3c2f703e0d0a3c703e3c7370616e207374796c653d22666f6e742d66616d696c793a20617269616c2c2068656c7665746963612c2073616e732d73657269663b223e5370656369616c207061636b616765732c2070726f6d6f74696f6e732c20686f6c6964617973206f722067726f7570207265736572766174696f6e733a3c2f7370616e3e3c2f703e0d0a3c703e3c7370616e207374796c653d22666f6e742d66616d696c793a20617269616c2c2068656c7665746963612c2073616e732d73657269663b223e266e6273703b557020746f2033302064617973206265666f726520646179206f6620636865636b2d696e3a20467265652063616e63656c6c6174696f6e2a3c2f7370616e3e3c2f703e0d0a3c703e3c7370616e207374796c653d22666f6e742d66616d696c793a20617269616c2c2068656c7665746963612c2073616e732d73657269663b223e3239206461797320746f20313520646179733a2035302520726566756e642a3c2f7370616e3e3c2f703e0d0a3c703e3c7370616e207374796c653d22666f6e742d66616d696c793a20617269616c2c2068656c7665746963612c2073616e732d73657269663b223e31342064617973206265666f726520646179206f6620636865636b2d696e3a204e6f20726566756e64733c2f7370616e3e3c2f703e0d0a3c703e3c7370616e207374796c653d22666f6e742d66616d696c793a20617269616c2c2068656c7665746963612c2073616e732d73657269663b223e3c7374726f6e673e2a4d696e7573206170706c696361626c65207472616e73666572206f7220637265646974206361726420666565733c2f7374726f6e673e3c2f7370616e3e3c2f703e0d0a3c703e3c7370616e207374796c653d22666f6e742d66616d696c793a20617269616c2c2068656c7665746963612c2073616e732d73657269663b223e5468652074696d6520636f6e7369646572656420666f7220266c6471756f3b646179206f6620636865636b2d696e26726471756f3b206973207468652061637475616c2074696d65206f6620636865636b2d696e20283134683030292e3c2f7370616e3e3c2f703e0d0a3c703e266e6273703b3c2f703e0d0a3c703e3c7370616e207374796c653d22666f6e742d66616d696c793a20617269616c2c2068656c7665746963612c2073616e732d73657269663b223e3c7374726f6e673e372e5061796d656e743c2f7374726f6e673e3c2f7370616e3e3c2f703e0d0a3c703e3c7370616e207374796c653d22666f6e742d66616d696c793a20617269616c2c2068656c7665746963612c2073616e732d73657269663b223e266e6273703b57652061636365707420616c6c206d616a6f72206372656469742063617264733a20566973612c204d6173746572436172642c20416d65726963616e20457870726573732c2044696e6572732e3c2f7370616e3e3c2f703e0d0a3c703e3c7370616e207374796c653d22666f6e742d66616d696c793a20617269616c2c2068656c7665746963612c2073616e732d73657269663b223e266e6273703b5765206163636570742063617368207061796d656e7473206f6e6c7920696e204272617a696c69616e205265616c732e3c2f7370616e3e3c2f703e0d0a3c703e3c7370616e207374796c653d22666f6e742d66616d696c793a20617269616c2c2068656c7665746963612c2073616e732d73657269663b223e266e6273703b436865636b7320617265206e6f742061636365707465642e266e6273703b3c2f7370616e3e3c2f703e, '1', '2995E89FB4A77E4FB5F56D4991C75850');
INSERT INTO `termos` (`CODTERMO`, `DTA`, `IDIOMA`, `CONTEUDO`, `STATUS`, `OWNER`) VALUES
('A9F0FCBC481678B30E44772D82CCFF19', '2013-11-06 18:11:02', 'PORTUGUES', 0x3c703e4361726f7320616d69676f732c206f20636f6d70726f6d6574696d656e746f20656e7472652061732065717569706573206e6f73206f627269676120266167726176653b20616e266161637574653b6c69736520646f732072656c6163696f6e616d656e746f732076657274696361697320656e7472652061732068696572617271756961732e2045766964656e74656d656e74652c206120636f6d706c6578696461646520646f732065737475646f7320656665747561646f73206f6273746163756c697a61206120617072656369612663636564696c3b266174696c64653b6f20646120696d706f72742661636972633b6e63696120646f73206d6f646f73206465206f706572612663636564696c3b266174696c64653b6f20636f6e76656e63696f6e6169732e204163696d61206465207475646f2c20266561637574653b2066756e64616d656e74616c2072657373616c74617220717565206120636f6e74266961637574653b6e756120657870616e73266174696c64653b6f206465206e6f7373612061746976696461646520707265706172612d6e6f73207061726120656e6672656e7461722073697475612663636564696c3b266f74696c64653b6573206174266961637574653b7069636173206465636f7272656e74657320646f2073697374656d61206465207061727469636970612663636564696c3b266174696c64653b6f20676572616c2e204e6f20656e74616e746f2c206e266174696c64653b6f20706f64656d6f73206573717565636572207175652061206d6f62696c696461646520646f7320636170697461697320696e7465726e6163696f6e6169732066617a20706172746520646520756d2070726f636573736f20646520676572656e6369616d656e746f2064617320706f73747572617320646f7320266f61637574653b7267266174696c64653b6f73206469726967656e74657320636f6d2072656c612663636564696c3b266174696c64653b6f20266167726176653b73207375617320617472696275692663636564696c3b266f74696c64653b65732e20446f206d65736d6f206d6f646f2c206120636f6e73756c746120616f73206469766572736f73206d696c6974616e7465732063756d70726520756d20706170656c20657373656e6369616c206e6120666f726d756c612663636564696c3b266174696c64653b6f2064617320646972652663636564696c3b266f74696c64653b657320707265666572656e6369616973206e6f2073656e7469646f20646f2070726f67726573736f2e203c6272202f3e3c6272202f3e266e6273703b266e6273703b266e6273703b266e6273703b266e6273703b266e6273703b266e6273703b266e6273703b266e6273703b266e6273703b41207072266161637574653b7469636120636f74696469616e612070726f7661207175652061206372657363656e746520696e666c752665636972633b6e636961206461206d266961637574653b64696120266561637574653b20756d612064617320636f6e736571752665636972633b6e636961732064617320636f6e64692663636564696c3b266f74696c64653b65732066696e616e63656972617320652061646d696e697374726174697661732065786967696461732e20264561637574653b20696d706f7274616e7465207175657374696f6e6172206f207175616e746f206120636f6e7374616e746520646976756c67612663636564696c3b266174696c64653b6f2064617320696e666f726d612663636564696c3b266f74696c64653b6573206170726573656e74612074656e642665636972633b6e63696173206e6f2073656e7469646f206465206170726f7661722061206d616e7574656e2663636564696c3b266174696c64653b6f20646520616c7465726e61746976617320266167726176653b7320736f6c752663636564696c3b266f74696c64653b6573206f72746f646f7861732e204f20656d70656e686f20656d20616e616c69736172206f206e6f766f206d6f64656c6f206573747275747572616c206171756920707265636f6e697a61646f20706f6465206e6f73206c65766172206120636f6e7369646572617220612072656573747275747572612663636564696c3b266174696c64653b6f20646f207265746f726e6f20657370657261646f2061206c6f6e676f207072617a6f2e2050656e73616e646f206d6169732061206c6f6e676f207072617a6f2c206f2073757267696d656e746f20646f20636f6d266561637574653b7263696f207669727475616c20646576652070617373617220706f72206d6f6469666963612663636564696c3b266f74696c64653b657320696e646570656e64656e74656d656e7465206461732072656772617320646520636f6e64757461206e6f726d6174697661732e203c6272202f3e3c6272202f3e266e6273703b266e6273703b266e6273703b266e6273703b266e6273703b266e6273703b266e6273703b266e6273703b266e6273703b266e6273703b4e657374652073656e7469646f2c206f2064657361666961646f722063656e266161637574653b72696f20676c6f62616c697a61646f2070726f6d6f7665206120616c6176616e636167656d20646f2073697374656d6120646520666f726d612663636564696c3b266174696c64653b6f2064652071756164726f732071756520636f72726573706f6e646520266167726176653b73206e65636573736964616465732e204e266174696c64653b6f206f627374616e74652c206f2066656e266f636972633b6d656e6f20646120496e7465726e6574206578696765206120707265636973266174696c64653b6f2065206120646566696e692663636564696c3b266174696c64653b6f20646f7320706172616469676d617320636f72706f72617469766f732e20417373696d206d65736d6f2c206120657870616e73266174696c64653b6f20646f73206d65726361646f73206d756e646961697320726570726573656e746120756d6120616265727475726120706172612061206d656c686f72696120646f73206e266961637574653b76656973206465206d6f746976612663636564696c3b266174696c64653b6f20646570617274616d656e74616c2e20506572636562656d6f732c20636164612076657a206d6169732c20717565206f20646573656e766f6c76696d656e746f20636f6e74266961637574653b6e756f2064652064697374696e74617320666f726d617320646520617475612663636564696c3b266174696c64653b6f20617373756d6520696d706f7274616e74657320706f73692663636564696c3b266f74696c64653b6573206e6f206573746162656c6563696d656e746f20646f7320266961637574653b6e64696365732070726574656e6469646f732e204f207175652074656d6f7320717565207465722073656d70726520656d206d656e746520266561637574653b2071756520612076616c6f72697a612663636564696c3b266174696c64653b6f206465206661746f726573207375626a657469766f732074616c76657a2076656e686120612072657373616c74617220612072656c61746976696461646520646f2072656d616e656a616d656e746f20646f732071756164726f732066756e63696f6e6169732e203c6272202f3e3c6272202f3e266e6273703b266e6273703b266e6273703b266e6273703b266e6273703b266e6273703b266e6273703b266e6273703b266e6273703b266e6273703b4f206375696461646f20656d206964656e7469666963617220706f6e746f73206372266961637574653b7469636f73206e612061646f2663636564696c3b266174696c64653b6f20646520706f6c266961637574653b74696361732064657363656e7472616c697a61646f726173206167726567612076616c6f7220616f206573746162656c6563696d656e746f20646520746f646f73206f73207265637572736f732066756e63696f6e61697320656e766f6c7669646f732e20506f72206f7574726f206c61646f2c206f2061756d656e746f20646f206469266161637574653b6c6f676f20656e747265206f73206469666572656e746573207365746f7265732070726f64757469766f73206d6178696d697a6120617320706f73736962696c69646164657320706f7220636f6e746120646f73206d266561637574653b746f646f73207574696c697a61646f73206e61206176616c69612663636564696c3b266174696c64653b6f20646520726573756c7461646f732e20546f64617669612c206120636f6e736f6c6964612663636564696c3b266174696c64653b6f20646173206573747275747572617320646573616669612061206361706163696461646520646520657175616c697a612663636564696c3b266174696c64653b6f2064612067657374266174696c64653b6f20696e6f7661646f7261206461207175616c2066617a656d6f732070617274652e2041206e266961637574653b76656c206f7267616e697a6163696f6e616c2c2061206e656365737369646164652064652072656e6f76612663636564696c3b266174696c64653b6f2070726f6365737375616c2061706f6e746120706172612061206d656c686f7269612064617320646976657273617320636f7272656e7465732064652070656e73616d656e746f2e203c6272202f3e3c6272202f3e266e6273703b266e6273703b266e6273703b266e6273703b266e6273703b266e6273703b266e6273703b266e6273703b266e6273703b266e6273703b4e756e636120266561637574653b2064656d616973206c656d62726172206f207065736f2065206f207369676e6966696361646f206465737465732070726f626c656d61732c20756d612076657a20717565206120636f6d706574697469766964616465206e6173207472616e73612663636564696c3b266f74696c64653b657320636f6d657263696169732061696e6461206e266174696c64653b6f2064656d6f6e7374726f7520636f6e76696e63656e74656d656e746520717565207661692070617274696369706172206e61206d7564616e2663636564696c3b612064617320666f726d617320646520612663636564696c3b266174696c64653b6f2e2041206365727469666963612663636564696c3b266174696c64653b6f206465206d65746f646f6c6f6769617320717565206e6f7320617578696c69616d2061206c6964617220636f6d206f20696e266961637574653b63696f2064612061746976696461646520676572616c20646520666f726d612663636564696c3b266174696c64653b6f20646520617469747564657320617578696c6961206120707265706172612663636564696c3b266174696c64653b6f2065206120636f6d706f73692663636564696c3b266174696c64653b6f20646f732070726f636564696d656e746f73206e6f726d616c6d656e74652061646f7461646f732e204e6f206d756e646f20617475616c2c206f2061636f6d70616e68616d656e746f20646173207072656665722665636972633b6e6369617320646520636f6e73756d6f206e266174696c64653b6f20706f6465206d61697320736520646973736f6369617220646f2070726f636573736f20646520636f6d756e6963612663636564696c3b266174696c64653b6f20636f6d6f20756d20746f646f2e203c6272202f3e3c6272202f3e266e6273703b266e6273703b266e6273703b266e6273703b266e6273703b266e6273703b266e6273703b266e6273703b266e6273703b266e6273703b264561637574653b20636c61726f207175652061207065726365702663636564696c3b266174696c64653b6f20646173206469666963756c646164657320706f73736962696c69746120756d61206d656c686f7220766973266174696c64653b6f20676c6f62616c20646f7320636f6e686563696d656e746f7320657374726174266561637574653b6769636f732070617261206174696e676972206120657863656c2665636972633b6e6369612e2041696e646120617373696d2c206578697374656d2064267561637574653b7669646173206120726573706569746f20646520636f6d6f20612065786563752663636564696c3b266174696c64653b6f20646f7320706f6e746f7320646f2070726f6772616d6120657374656e6465206f20616c63616e63652065206120696d706f72742661636972633b6e63696120646f206c6576616e74616d656e746f206461732076617269266161637574653b7665697320656e766f6c76696461732e20506f64656d6f73206a266161637574653b207669736c756d62726172206f206d6f646f2070656c6f207175616c206120686567656d6f6e696120646f20616d6269656e746520706f6c266961637574653b7469636f20616361727265746120756d2070726f636573736f206465207265666f726d756c612663636564696c3b266174696c64653b6f2065206d6f6465726e697a612663636564696c3b266174696c64653b6f20646f20696d706163746f206e61206167696c6964616465206465636973266f61637574653b7269612e20476f73746172696120646520656e666174697a6172207175652061207265766f6c752663636564696c3b266174696c64653b6f20646f7320636f7374756d657320676172616e7465206120636f6e7472696275692663636564696c3b266174696c64653b6f20646520756d20677275706f20696d706f7274616e7465206e612064657465726d696e612663636564696c3b266174696c64653b6f20646f20696e76657374696d656e746f20656d2072656369636c6167656d2074266561637574653b636e6963612e203c6272202f3e3c6272202f3e266e6273703b266e6273703b266e6273703b266e6273703b266e6273703b266e6273703b266e6273703b266e6273703b266e6273703b266e6273703b546f646173206573746173207175657374266f74696c64653b65732c206465766964616d656e746520706f6e646572616461732c206c6576616e74616d2064267561637574653b766964617320736f62726520736520612064657465726d696e612663636564696c3b266174696c64653b6f20636c617261206465206f626a657469766f7320636175736120696d706163746f20696e64697265746f206e612072656176616c69612663636564696c3b266174696c64653b6f2064617320646972657472697a657320646520646573656e766f6c76696d656e746f2070617261206f2066757475726f2e20506f7220636f6e73656775696e74652c20612065737472757475726120617475616c206461206f7267616e697a612663636564696c3b266174696c64653b6f206f66657265636520756d6120696e746572657373616e7465206f706f7274756e696461646520706172612076657269666963612663636564696c3b266174696c64653b6f20646f206f722663636564696c3b616d656e746f207365746f7269616c2e204465737461206d616e656972612c206f20656e74656e64696d656e746f20646173206d657461732070726f706f7374617320657374696d756c61206120706164726f6e697a612663636564696c3b266174696c64653b6f2064617320636f6e64692663636564696c3b266f74696c64653b657320696e65676176656c6d656e7465206170726f707269616461732e204f20696e63656e7469766f20616f206176616e2663636564696c3b6f207465636e6f6c266f61637574653b6769636f2c20617373696d20636f6d6f206f20636f6e73656e736f20736f6272652061206e65636573736964616465206465207175616c69666963612663636564696c3b266174696c64653b6f20666163696c697461206120637269612663636564696c3b266174696c64653b6f20646173206e6f7661732070726f706f73692663636564696c3b266f74696c64653b65732e203c6272202f3e3c6272202f3e266e6273703b266e6273703b266e6273703b266e6273703b266e6273703b266e6273703b266e6273703b266e6273703b266e6273703b266e6273703b4173206578706572692665636972633b6e63696173206163756d756c616461732064656d6f6e737472616d20717565206f206a756c67616d656e746f20696d7061726369616c20646173206576656e7475616c69646164657320616665746120706f7369746976616d656e7465206120636f727265746120707265766973266174696c64653b6f20646f20666c75786f20646520696e666f726d612663636564696c3b266f74696c64653b65732e204361726f7320616d69676f732c206f20636f6d70726f6d6574696d656e746f20656e747265206173206571756970657320266561637574653b20756d612064617320636f6e736571752665636972633b6e636961732064617320706f73747572617320646f7320266f61637574653b7267266174696c64653b6f73206469726967656e74657320636f6d2072656c612663636564696c3b266174696c64653b6f20266167726176653b73207375617320617472696275692663636564696c3b266f74696c64653b65732e2050656e73616e646f206d6169732061206c6f6e676f207072617a6f2c206120636f6e7374616e746520646976756c67612663636564696c3b266174696c64653b6f2064617320696e666f726d612663636564696c3b266f74696c64653b6573206e266174696c64653b6f20706f6465206d61697320736520646973736f6369617220646f20696d706163746f206e61206167696c6964616465206465636973266f61637574653b7269612e20506572636562656d6f732c20636164612076657a206d6169732c20717565206120636f6e74266961637574653b6e756120657870616e73266174696c64653b6f206465206e6f7373612061746976696461646520666163696c697461206120637269612663636564696c3b266174696c64653b6f20646f73206d6f646f73206465206f706572612663636564696c3b266174696c64653b6f20636f6e76656e63696f6e6169732e203c6272202f3e3c6272202f3e266e6273703b266e6273703b266e6273703b266e6273703b266e6273703b266e6273703b266e6273703b266e6273703b266e6273703b266e6273703b4e6f20656e74616e746f2c206e266174696c64653b6f20706f64656d6f732065737175656365722071756520612061646f2663636564696c3b266174696c64653b6f20646520706f6c266961637574653b74696361732064657363656e7472616c697a61646f72617320706f73736962696c69746120756d61206d656c686f7220766973266174696c64653b6f20676c6f62616c2064617320646972657472697a657320646520646573656e766f6c76696d656e746f2070617261206f2066757475726f2e20264561637574653b20636c61726f20717565206120657870616e73266174696c64653b6f20646f73206d65726361646f73206d756e6469616973206f66657265636520756d6120696e746572657373616e7465206f706f7274756e696461646520706172612076657269666963612663636564696c3b266174696c64653b6f2064617320646972652663636564696c3b266f74696c64653b657320707265666572656e6369616973206e6f2073656e7469646f20646f2070726f67726573736f2e204e657374652073656e7469646f2c206f20696e266961637574653b63696f2064612061746976696461646520676572616c20646520666f726d612663636564696c3b266174696c64653b6f206465206174697475646573206e6f73206f627269676120266167726176653b20616e266161637574653b6c69736520646f2073697374656d6120646520666f726d612663636564696c3b266174696c64653b6f2064652071756164726f732071756520636f72726573706f6e646520266167726176653b73206e65636573736964616465732e203c6272202f3e3c6272202f3e266e6273703b266e6273703b266e6273703b266e6273703b266e6273703b266e6273703b266e6273703b266e6273703b266e6273703b266e6273703b476f73746172696120646520656e666174697a6172207175652061206d6f62696c696461646520646f7320636170697461697320696e7465726e6163696f6e6169732066617a20706172746520646520756d2070726f636573736f20646520676572656e6369616d656e746f20646f206f722663636564696c3b616d656e746f207365746f7269616c2e204f20656d70656e686f20656d20616e616c69736172206f206e6f766f206d6f64656c6f206573747275747572616c206171756920707265636f6e697a61646f20636175736120696d706163746f20696e64697265746f206e612072656176616c69612663636564696c3b266174696c64653b6f20646f207265746f726e6f20657370657261646f2061206c6f6e676f207072617a6f2e2045766964656e74656d656e74652c206f2073757267696d656e746f20646f20636f6d266561637574653b7263696f207669727475616c20657374696d756c61206120706164726f6e697a612663636564696c3b266174696c64653b6f206461732072656772617320646520636f6e64757461206e6f726d6174697661732e204465737461206d616e656972612c206f2064657361666961646f722063656e266161637574653b72696f20676c6f62616c697a61646f206578696765206120707265636973266174696c64653b6f2065206120646566696e692663636564696c3b266174696c64653b6f20646f20666c75786f20646520696e666f726d612663636564696c3b266f74696c64653b65732e203c6272202f3e3c6272202f3e266e6273703b266e6273703b266e6273703b266e6273703b266e6273703b266e6273703b266e6273703b266e6273703b266e6273703b266e6273703b41696e646120617373696d2c206578697374656d2064267561637574653b7669646173206120726573706569746f20646520636f6d6f206f2066656e266f636972633b6d656e6f20646120496e7465726e657420616361727265746120756d2070726f636573736f206465207265666f726d756c612663636564696c3b266174696c64653b6f2065206d6f6465726e697a612663636564696c3b266174696c64653b6f20646520616c7465726e61746976617320266167726176653b7320736f6c752663636564696c3b266f74696c64653b6573206f72746f646f7861732e204e6f206d756e646f20617475616c2c206120636f6d706c6578696461646520646f732065737475646f7320656665747561646f7320726570726573656e746120756d6120616265727475726120706172612061206d656c686f72696120646f73206e266961637574653b76656973206465206d6f746976612663636564696c3b266174696c64653b6f20646570617274616d656e74616c2e204173206578706572692665636972633b6e63696173206163756d756c616461732064656d6f6e737472616d20717565206f20646573656e766f6c76696d656e746f20636f6e74266961637574653b6e756f2064652064697374696e74617320666f726d617320646520617475612663636564696c3b266174696c64653b6f20617373756d6520696d706f7274616e74657320706f73692663636564696c3b266f74696c64653b6573206e6f206573746162656c6563696d656e746f20646173206e6f7661732070726f706f73692663636564696c3b266f74696c64653b65732e204f207175652074656d6f7320717565207465722073656d70726520656d206d656e746520266561637574653b2071756520612076616c6f72697a612663636564696c3b266174696c64653b6f206465206661746f726573207375626a657469766f7320706f6465206e6f73206c65766172206120636f6e7369646572617220612072656573747275747572612663636564696c3b266174696c64653b6f2064617320636f6e64692663636564696c3b266f74696c64653b65732066696e616e63656972617320652061646d696e697374726174697661732065786967696461732e204f20696e63656e7469766f20616f206176616e2663636564696c3b6f207465636e6f6c266f61637574653b6769636f2c20617373696d20636f6d6f206120636f6d706574697469766964616465206e6173207472616e73612663636564696c3b266f74696c64653b657320636f6d657263696169732061706f6e746120706172612061206d656c686f72696120646520746f646f73206f73207265637572736f732066756e63696f6e61697320656e766f6c7669646f732e203c6272202f3e3c6272202f3e266e6273703b266e6273703b266e6273703b266e6273703b266e6273703b266e6273703b266e6273703b266e6273703b266e6273703b266e6273703b41207072266161637574653b7469636120636f74696469616e612070726f766120717565206f2061756d656e746f20646f206469266161637574653b6c6f676f20656e747265206f73206469666572656e746573207365746f7265732070726f64757469766f73206d6178696d697a6120617320706f73736962696c69646164657320706f7220636f6e746120646f73206d266561637574653b746f646f73207574696c697a61646f73206e61206176616c69612663636564696c3b266174696c64653b6f20646520726573756c7461646f732e20546f64617669612c20612065737472757475726120617475616c206461206f7267616e697a612663636564696c3b266174696c64653b6f20617578696c6961206120707265706172612663636564696c3b266174696c64653b6f2065206120636f6d706f73692663636564696c3b266174696c64653b6f2064617320636f6e64692663636564696c3b266f74696c64653b657320696e65676176656c6d656e7465206170726f707269616461732e20417373696d206d65736d6f2c20612065786563752663636564696c3b266174696c64653b6f20646f7320706f6e746f7320646f2070726f6772616d612070726f6d6f7665206120616c6176616e636167656d20646f2072656d616e656a616d656e746f20646f732071756164726f732066756e63696f6e6169732e204e756e636120266561637574653b2064656d616973206c656d62726172206f207065736f2065206f207369676e6966696361646f206465737465732070726f626c656d61732c20756d612076657a207175652061207265766f6c752663636564696c3b266174696c64653b6f20646f7320636f7374756d65732061696e6461206e266174696c64653b6f2064656d6f6e7374726f7520636f6e76696e63656e74656d656e746520717565207661692070617274696369706172206e61206d7564616e2663636564696c3b6120646f732070726f636564696d656e746f73206e6f726d616c6d656e74652061646f7461646f732e203c6272202f3e3c6272202f3e266e6273703b266e6273703b266e6273703b266e6273703b266e6273703b266e6273703b266e6273703b266e6273703b266e6273703b266e6273703b546f646173206573746173207175657374266f74696c64653b65732c206465766964616d656e746520706f6e646572616461732c206c6576616e74616d2064267561637574653b766964617320736f6272652073652061206372657363656e746520696e666c752665636972633b6e636961206461206d266961637574653b64696120646573616669612061206361706163696461646520646520657175616c697a612663636564696c3b266174696c64653b6f20646f7320266961637574653b6e64696365732070726574656e6469646f732e20446f206d65736d6f206d6f646f2c206f2061636f6d70616e68616d656e746f20646173207072656665722665636972633b6e6369617320646520636f6e73756d6f20707265706172612d6e6f73207061726120656e6672656e7461722073697475612663636564696c3b266f74696c64653b6573206174266961637574653b7069636173206465636f7272656e74657320646f2070726f636573736f20646520636f6d756e6963612663636564696c3b266174696c64653b6f20636f6d6f20756d20746f646f2e2041206e266961637574653b76656c206f7267616e697a6163696f6e616c2c2061207065726365702663636564696c3b266174696c64653b6f20646173206469666963756c646164657320676172616e7465206120636f6e7472696275692663636564696c3b266174696c64653b6f20646520756d20677275706f20696d706f7274616e7465206e612064657465726d696e612663636564696c3b266174696c64653b6f20646f7320706172616469676d617320636f72706f72617469766f732e2041206365727469666963612663636564696c3b266174696c64653b6f206465206d65746f646f6c6f6769617320717565206e6f7320617578696c69616d2061206c6964617220636f6d206120636f6e736f6c6964612663636564696c3b266174696c64653b6f20646173206573747275747572617320657374656e6465206f20616c63616e63652065206120696d706f72742661636972633b6e63696120646f206c6576616e74616d656e746f206461732076617269266161637574653b7665697320656e766f6c76696461732e203c6272202f3e3c6272202f3e266e6273703b266e6273703b266e6273703b266e6273703b266e6273703b266e6273703b266e6273703b266e6273703b266e6273703b266e6273703b506f64656d6f73206a266161637574653b207669736c756d62726172206f206d6f646f2070656c6f207175616c206120686567656d6f6e696120646f20616d6269656e746520706f6c266961637574653b7469636f206f6273746163756c697a61206120617072656369612663636564696c3b266174696c64653b6f20646120696d706f72742661636972633b6e63696120646f2073697374656d61206465207061727469636970612663636564696c3b266174696c64653b6f20676572616c2e20506f72206f7574726f206c61646f2c206f206a756c67616d656e746f20696d7061726369616c20646173206576656e7475616c696461646573206170726573656e74612074656e642665636972633b6e63696173206e6f2073656e7469646f206465206170726f7661722061206d616e7574656e2663636564696c3b266174696c64653b6f2064612067657374266174696c64653b6f20696e6f7661646f7261206461207175616c2066617a656d6f732070617274652e204e266174696c64653b6f206f627374616e74652c20612064657465726d696e612663636564696c3b266174696c64653b6f20636c617261206465206f626a657469766f7320646576652070617373617220706f72206d6f6469666963612663636564696c3b266f74696c64653b657320696e646570656e64656e74656d656e746520646f732072656c6163696f6e616d656e746f732076657274696361697320656e7472652061732068696572617271756961732e20264561637574653b20696d706f7274616e7465207175657374696f6e6172206f207175616e746f206120636f6e73756c746120616f73206469766572736f73206d696c6974616e746573206167726567612076616c6f7220616f206573746162656c6563696d656e746f20646f7320636f6e686563696d656e746f7320657374726174266561637574653b6769636f732070617261206174696e676972206120657863656c2665636972633b6e6369612e203c6272202f3e3c6272202f3e266e6273703b266e6273703b266e6273703b266e6273703b266e6273703b266e6273703b266e6273703b266e6273703b266e6273703b266e6273703b506f7220636f6e73656775696e74652c206f20656e74656e64696d656e746f20646173206d657461732070726f706f737461732063756d70726520756d20706170656c20657373656e6369616c206e6120666f726d756c612663636564696c3b266174696c64653b6f2064617320666f726d617320646520612663636564696c3b266174696c64653b6f2e204f206375696461646f20656d206964656e7469666963617220706f6e746f73206372266961637574653b7469636f73206e61206e656365737369646164652064652072656e6f76612663636564696c3b266174696c64653b6f2070726f6365737375616c2074616c76657a2076656e686120612072657373616c74617220612072656c6174697669646164652064617320646976657273617320636f7272656e7465732064652070656e73616d656e746f2e204163696d61206465207475646f2c20266561637574653b2066756e64616d656e74616c2072657373616c74617220717565206f20636f6e73656e736f20736f6272652061206e65636573736964616465206465207175616c69666963612663636564696c3b266174696c64653b6f20616665746120706f7369746976616d656e7465206120636f727265746120707265766973266174696c64653b6f20646f20696e76657374696d656e746f20656d2072656369636c6167656d2074266561637574653b636e6963612e20446f206d65736d6f206d6f646f2c2061206372657363656e746520696e666c752665636972633b6e636961206461206d266961637574653b64696120706f6465206e6f73206c65766172206120636f6e7369646572617220612072656573747275747572612663636564696c3b266174696c64653b6f20646f207265746f726e6f20657370657261646f2061206c6f6e676f207072617a6f2e203c6272202f3e3c6272202f3e266e6273703b266e6273703b266e6273703b266e6273703b266e6273703b266e6273703b266e6273703b266e6273703b266e6273703b266e6273703b4f20656d70656e686f20656d20616e616c6973617220612061646f2663636564696c3b266174696c64653b6f20646520706f6c266961637574653b74696361732064657363656e7472616c697a61646f7261732070726f6d6f7665206120616c6176616e636167656d20646f732072656c6163696f6e616d656e746f732076657274696361697320656e7472652061732068696572617271756961732e204e266174696c64653b6f206f627374616e74652c206120636f6e74266961637574653b6e756120657870616e73266174696c64653b6f206465206e6f737361206174697669646164652066617a20706172746520646520756d2070726f636573736f20646520676572656e6369616d656e746f2064617320646972657472697a657320646520646573656e766f6c76696d656e746f2070617261206f2066757475726f2e204163696d61206465207475646f2c20266561637574653b2066756e64616d656e74616c2072657373616c74617220717565206f20636f6d70726f6d6574696d656e746f20656e747265206173206571756970657320657374656e6465206f20616c63616e63652065206120696d706f72742661636972633b6e63696120646f73206d6f646f73206465206f706572612663636564696c3b266174696c64653b6f20636f6e76656e63696f6e6169732e20264561637574653b20636c61726f20717565206f2061636f6d70616e68616d656e746f20646173207072656665722665636972633b6e6369617320646520636f6e73756d6f206f66657265636520756d6120696e746572657373616e7465206f706f7274756e696461646520706172612076657269666963612663636564696c3b266174696c64653b6f20646f732070726f636564696d656e746f73206e6f726d616c6d656e74652061646f7461646f732e203c6272202f3e3c6272202f3e266e6273703b266e6273703b266e6273703b266e6273703b266e6273703b266e6273703b266e6273703b266e6273703b266e6273703b266e6273703b45766964656e74656d656e74652c206f20636f6e73656e736f20736f6272652061206e65636573736964616465206465207175616c69666963612663636564696c3b266174696c64653b6f206170726573656e74612074656e642665636972633b6e63696173206e6f2073656e7469646f206465206170726f7661722061206d616e7574656e2663636564696c3b266174696c64653b6f20646f2070726f636573736f20646520636f6d756e6963612663636564696c3b266174696c64653b6f20636f6d6f20756d20746f646f2e20506572636562656d6f732c20636164612076657a206d6169732c207175652061206e656365737369646164652064652072656e6f76612663636564696c3b266174696c64653b6f2070726f6365737375616c20666163696c697461206120637269612663636564696c3b266174696c64653b6f20646f7320266961637574653b6e64696365732070726574656e6469646f732e2041696e646120617373696d2c206578697374656d2064267561637574653b7669646173206120726573706569746f20646520636f6d6f206f2061756d656e746f20646f206469266161637574653b6c6f676f20656e747265206f73206469666572656e746573207365746f7265732070726f64757469766f7320646573616669612061206361706163696461646520646520657175616c697a612663636564696c3b266174696c64653b6f206461732072656772617320646520636f6e64757461206e6f726d6174697661732e204f207175652074656d6f7320717565207465722073656d70726520656d206d656e746520266561637574653b20717565206f20646573656e766f6c76696d656e746f20636f6e74266961637574653b6e756f2064652064697374696e74617320666f726d617320646520617475612663636564696c3b266174696c64653b6f20657374696d756c61206120706164726f6e697a612663636564696c3b266174696c64653b6f2064617320706f73747572617320646f7320266f61637574653b7267266174696c64653b6f73206469726967656e74657320636f6d2072656c612663636564696c3b266174696c64653b6f20266167726176653b73207375617320617472696275692663636564696c3b266f74696c64653b65732e203c6272202f3e3c6272202f3e266e6273703b266e6273703b266e6273703b266e6273703b266e6273703b266e6273703b266e6273703b266e6273703b266e6273703b266e6273703b4465737461206d616e656972612c206f2064657361666961646f722063656e266161637574653b72696f20676c6f62616c697a61646f206e266174696c64653b6f20706f6465206d61697320736520646973736f6369617220646f20666c75786f20646520696e666f726d612663636564696c3b266f74696c64653b65732e204361726f7320616d69676f732c2061207265766f6c752663636564696c3b266174696c64653b6f20646f7320636f7374756d657320616361727265746120756d2070726f636573736f206465207265666f726d756c612663636564696c3b266174696c64653b6f2065206d6f6465726e697a612663636564696c3b266174696c64653b6f20646520616c7465726e61746976617320266167726176653b7320736f6c752663636564696c3b266f74696c64653b6573206f72746f646f7861732e204e6f206d756e646f20617475616c2c206120636f6d706c6578696461646520646f732065737475646f7320656665747561646f7320617578696c6961206120707265706172612663636564696c3b266174696c64653b6f2065206120636f6d706f73692663636564696c3b266174696c64653b6f20646520746f646f73206f73207265637572736f732066756e63696f6e61697320656e766f6c7669646f732e203c6272202f3e3c6272202f3e266e6273703b266e6273703b266e6273703b266e6273703b266e6273703b266e6273703b266e6273703b266e6273703b266e6273703b266e6273703b417373696d206d65736d6f2c206120636f6e736f6c6964612663636564696c3b266174696c64653b6f2064617320657374727574757261732061706f6e746120706172612061206d656c686f72696120646f2073697374656d61206465207061727469636970612663636564696c3b266174696c64653b6f20676572616c2e20476f73746172696120646520656e666174697a61722071756520612076616c6f72697a612663636564696c3b266174696c64653b6f206465206661746f726573207375626a657469766f7320266561637574653b20756d612064617320636f6e736571752665636972633b6e636961732064617320636f6e64692663636564696c3b266f74696c64653b65732066696e616e63656972617320652061646d696e697374726174697661732065786967696461732e204f20696e63656e7469766f20616f206176616e2663636564696c3b6f207465636e6f6c266f61637574653b6769636f2c20617373696d20636f6d6f206120636f6d706574697469766964616465206e6173207472616e73612663636564696c3b266f74696c64653b657320636f6d6572636961697320617373756d6520696d706f7274616e74657320706f73692663636564696c3b266f74696c64653b6573206e6f206573746162656c6563696d656e746f20646f7320636f6e686563696d656e746f7320657374726174266561637574653b6769636f732070617261206174696e676972206120657863656c2665636972633b6e6369612e203c6272202f3e3c6272202f3e266e6273703b266e6273703b266e6273703b266e6273703b266e6273703b266e6273703b266e6273703b266e6273703b266e6273703b266e6273703b506f72206f7574726f206c61646f2c206f2066656e266f636972633b6d656e6f20646120496e7465726e65742061696e6461206e266174696c64653b6f2064656d6f6e7374726f7520636f6e76696e63656e74656d656e746520717565207661692070617274696369706172206e61206d7564616e2663636564696c3b6120646f73206d266561637574653b746f646f73207574696c697a61646f73206e61206176616c69612663636564696c3b266174696c64653b6f20646520726573756c7461646f732e20546f64617669612c20612065737472757475726120617475616c206461206f7267616e697a612663636564696c3b266174696c64653b6f20616665746120706f7369746976616d656e7465206120636f727265746120707265766973266174696c64653b6f2064617320636f6e64692663636564696c3b266f74696c64653b657320696e65676176656c6d656e7465206170726f707269616461732e204173206578706572692665636972633b6e63696173206163756d756c616461732064656d6f6e737472616d20717565206120657870616e73266174696c64653b6f20646f73206d65726361646f73206d756e646961697320636175736120696d706163746f20696e64697265746f206e612072656176616c69612663636564696c3b266174696c64653b6f2064617320646976657273617320636f7272656e7465732064652070656e73616d656e746f2e20506f64656d6f73206a266161637574653b207669736c756d62726172206f206d6f646f2070656c6f207175616c20612065786563752663636564696c3b266174696c64653b6f20646f7320706f6e746f7320646f2070726f6772616d6120707265706172612d6e6f73207061726120656e6672656e7461722073697475612663636564696c3b266f74696c64653b6573206174266961637574653b7069636173206465636f7272656e74657320646f20696e76657374696d656e746f20656d2072656369636c6167656d2074266561637574653b636e6963612e20546f646173206573746173207175657374266f74696c64653b65732c206465766964616d656e746520706f6e646572616461732c206c6576616e74616d2064267561637574653b766964617320736f627265207365206120686567656d6f6e696120646f20616d6269656e746520706f6c266961637574653b7469636f206578696765206120707265636973266174696c64653b6f2065206120646566696e692663636564696c3b266174696c64653b6f20646f206f722663636564696c3b616d656e746f207365746f7269616c2e203c6272202f3e3c6272202f3e266e6273703b266e6273703b266e6273703b266e6273703b266e6273703b266e6273703b266e6273703b266e6273703b266e6273703b266e6273703b4e657374652073656e7469646f2c20612064657465726d696e612663636564696c3b266174696c64653b6f20636c617261206465206f626a657469766f7320676172616e7465206120636f6e7472696275692663636564696c3b266174696c64653b6f20646520756d20677275706f20696d706f7274616e7465206e612064657465726d696e612663636564696c3b266174696c64653b6f20646f2073697374656d6120646520666f726d612663636564696c3b266174696c64653b6f2064652071756164726f732071756520636f72726573706f6e646520266167726176653b73206e65636573736964616465732e2041206e266961637574653b76656c206f7267616e697a6163696f6e616c2c206f206e6f766f206d6f64656c6f206573747275747572616c206171756920707265636f6e697a61646f206d6178696d697a6120617320706f73736962696c69646164657320706f7220636f6e746120646f7320706172616469676d617320636f72706f72617469766f732e2041206365727469666963612663636564696c3b266174696c64653b6f206465206d65746f646f6c6f6769617320717565206e6f7320617578696c69616d2061206c6964617220636f6d206f2073757267696d656e746f20646f20636f6d266561637574653b7263696f207669727475616c20706f73736962696c69746120756d61206d656c686f7220766973266174696c64653b6f20676c6f62616c20646173206e6f7661732070726f706f73692663636564696c3b266f74696c64653b65732e204e756e636120266561637574653b2064656d616973206c656d62726172206f207065736f2065206f207369676e6966696361646f206465737465732070726f626c656d61732c20756d612076657a20717565206120636f6e7374616e746520646976756c67612663636564696c3b266174696c64653b6f2064617320696e666f726d612663636564696c3b266f74696c64653b6573206f6273746163756c697a61206120617072656369612663636564696c3b266174696c64653b6f20646120696d706f72742661636972633b6e6369612064612067657374266174696c64653b6f20696e6f7661646f7261206461207175616c2066617a656d6f732070617274652e203c6272202f3e3c6272202f3e266e6273703b266e6273703b266e6273703b266e6273703b266e6273703b266e6273703b266e6273703b266e6273703b266e6273703b266e6273703b4e6f20656e74616e746f2c206e266174696c64653b6f20706f64656d6f7320657371756563657220717565206f206a756c67616d656e746f20696d7061726369616c20646173206576656e7475616c696461646573206e6f73206f627269676120266167726176653b20616e266161637574653b6c6973652064617320646972652663636564696c3b266f74696c64653b657320707265666572656e6369616973206e6f2073656e7469646f20646f2070726f67726573736f2e2050656e73616e646f206d6169732061206c6f6e676f207072617a6f2c2061207065726365702663636564696c3b266174696c64653b6f20646173206469666963756c646164657320646576652070617373617220706f72206d6f6469666963612663636564696c3b266f74696c64653b657320696e646570656e64656e74656d656e746520646f2072656d616e656a616d656e746f20646f732071756164726f732066756e63696f6e6169732e20264561637574653b20696d706f7274616e7465207175657374696f6e6172206f207175616e746f2061206d6f62696c696461646520646f7320636170697461697320696e7465726e6163696f6e616973206167726567612076616c6f7220616f206573746162656c6563696d656e746f20646f73206e266961637574653b76656973206465206d6f746976612663636564696c3b266174696c64653b6f20646570617274616d656e74616c2e203c6272202f3e3c6272202f3e266e6273703b266e6273703b266e6273703b266e6273703b266e6273703b266e6273703b266e6273703b266e6273703b266e6273703b266e6273703b506f7220636f6e73656775696e74652c206f20656e74656e64696d656e746f20646173206d657461732070726f706f737461732063756d70726520756d20706170656c20657373656e6369616c206e6120666f726d756c612663636564696c3b266174696c64653b6f20646f20696d706163746f206e61206167696c6964616465206465636973266f61637574653b7269612e204f206375696461646f20656d206964656e7469666963617220706f6e746f73206372266961637574653b7469636f73206e6f20696e266961637574653b63696f2064612061746976696461646520676572616c20646520666f726d612663636564696c3b266174696c64653b6f20646520617469747564657320726570726573656e746120756d6120616265727475726120706172612061206d656c686f7269612064617320666f726d617320646520612663636564696c3b266174696c64653b6f2e2041207072266161637574653b7469636120636f74696469616e612070726f766120717565206120636f6e73756c746120616f73206469766572736f73206d696c6974616e7465732074616c76657a2076656e686120612072657373616c74617220612072656c61746976696461646520646f206c6576616e74616d656e746f206461732076617269266161637574653b7665697320656e766f6c76696461732e204e6f20656e74616e746f2c206e266174696c64653b6f20706f64656d6f73206573717565636572207175652061206372657363656e746520696e666c752665636972633b6e636961206461206d266961637574653b646961206578696765206120707265636973266174696c64653b6f2065206120646566696e692663636564696c3b266174696c64653b6f2064617320636f6e64692663636564696c3b266f74696c64653b65732066696e616e63656972617320652061646d696e697374726174697661732065786967696461732e204f20656d70656e686f20656d20616e616c6973617220612065786563752663636564696c3b266174696c64653b6f20646f7320706f6e746f7320646f2070726f6772616d6120617373756d6520696d706f7274616e74657320706f73692663636564696c3b266f74696c64653b6573206e6f206573746162656c6563696d656e746f20646f732072656c6163696f6e616d656e746f732076657274696361697320656e7472652061732068696572617271756961732e203c6272202f3e3c6272202f3e266e6273703b266e6273703b266e6273703b266e6273703b266e6273703b266e6273703b266e6273703b266e6273703b266e6273703b266e6273703b446f206d65736d6f206d6f646f2c206120636f6e7374616e746520646976756c67612663636564696c3b266174696c64653b6f2064617320696e666f726d612663636564696c3b266f74696c64653b6573206170726573656e74612074656e642665636972633b6e63696173206e6f2073656e7469646f206465206170726f7661722061206d616e7574656e2663636564696c3b266174696c64653b6f20646520746f646f73206f73207265637572736f732066756e63696f6e61697320656e766f6c7669646f732e20546f646173206573746173207175657374266f74696c64653b65732c206465766964616d656e746520706f6e646572616461732c206c6576616e74616d2064267561637574653b766964617320736f627265207365206120636f6d706574697469766964616465206e6173207472616e73612663636564696c3b266f74696c64653b657320636f6d657263696169732074616c76657a2076656e686120612072657373616c74617220612072656c61746976696461646520646f73206d6f646f73206465206f706572612663636564696c3b266174696c64653b6f20636f6e76656e63696f6e6169732e20506f72206f7574726f206c61646f2c206120657870616e73266174696c64653b6f20646f73206d65726361646f73206d756e6469616973206f66657265636520756d6120696e746572657373616e7465206f706f7274756e696461646520706172612076657269666963612663636564696c3b266174696c64653b6f20646f7320266961637574653b6e64696365732070726574656e6469646f732e203c6272202f3e3c6272202f3e266e6273703b266e6273703b266e6273703b266e6273703b266e6273703b266e6273703b266e6273703b266e6273703b266e6273703b266e6273703b45766964656e74656d656e74652c20612076616c6f72697a612663636564696c3b266174696c64653b6f206465206661746f726573207375626a657469766f7320636175736120696d706163746f20696e64697265746f206e612072656176616c69612663636564696c3b266174696c64653b6f20646f2070726f636573736f20646520636f6d756e6963612663636564696c3b266174696c64653b6f20636f6d6f20756d20746f646f2e204e266174696c64653b6f206f627374616e74652c206f20656e74656e64696d656e746f20646173206d657461732070726f706f737461732066617a20706172746520646520756d2070726f636573736f20646520676572656e6369616d656e746f20646f207265746f726e6f20657370657261646f2061206c6f6e676f207072617a6f2e2041696e646120617373696d2c206578697374656d2064267561637574653b7669646173206120726573706569746f20646520636f6d6f206f206a756c67616d656e746f20696d7061726369616c20646173206576656e7475616c69646164657320646573616669612061206361706163696461646520646520657175616c697a612663636564696c3b266174696c64653b6f20646f2072656d616e656a616d656e746f20646f732071756164726f732066756e63696f6e6169732e204f207175652074656d6f7320717565207465722073656d70726520656d206d656e746520266561637574653b20717565206120636f6e74266961637574653b6e756120657870616e73266174696c64653b6f206465206e6f7373612061746976696461646520666163696c697461206120637269612663636564696c3b266174696c64653b6f2064617320706f73747572617320646f7320266f61637574653b7267266174696c64653b6f73206469726967656e74657320636f6d2072656c612663636564696c3b266174696c64653b6f20266167726176653b73207375617320617472696275692663636564696c3b266f74696c64653b65732e20506572636562656d6f732c20636164612076657a206d6169732c20717565206f206e6f766f206d6f64656c6f206573747275747572616c206171756920707265636f6e697a61646f206e266174696c64653b6f20706f6465206d61697320736520646973736f6369617220646f732070726f636564696d656e746f73206e6f726d616c6d656e74652061646f7461646f732e203c6272202f3e3c6272202f3e266e6273703b266e6273703b266e6273703b266e6273703b266e6273703b266e6273703b266e6273703b266e6273703b266e6273703b266e6273703b264561637574653b20636c61726f207175652061207265766f6c752663636564696c3b266174696c64653b6f20646f7320636f7374756d657320616361727265746120756d2070726f636573736f206465207265666f726d756c612663636564696c3b266174696c64653b6f2065206d6f6465726e697a612663636564696c3b266174696c64653b6f20646173206e6f7661732070726f706f73692663636564696c3b266f74696c64653b65732e204e6f206d756e646f20617475616c2c206120636f6d706c6578696461646520646f732065737475646f7320656665747561646f73206167726567612076616c6f7220616f206573746162656c6563696d656e746f2064617320646972657472697a657320646520646573656e766f6c76696d656e746f2070617261206f2066757475726f2e20546f64617669612c206120636f6e73756c746120616f73206469766572736f73206d696c6974616e7465732061706f6e746120706172612061206d656c686f7269612064617320646976657273617320636f7272656e7465732064652070656e73616d656e746f2e203c6272202f3e3c6272202f3e266e6273703b266e6273703b266e6273703b266e6273703b266e6273703b266e6273703b266e6273703b266e6273703b266e6273703b266e6273703b264561637574653b20696d706f7274616e7465207175657374696f6e6172206f207175616e746f206f2061756d656e746f20646f206469266161637574653b6c6f676f20656e747265206f73206469666572656e746573207365746f7265732070726f64757469766f7320266561637574653b20756d612064617320636f6e736571752665636972633b6e6369617320646f2073697374656d61206465207061727469636970612663636564696c3b266174696c64653b6f20676572616c2e204361726f7320616d69676f732c206f20636f6d70726f6d6574696d656e746f20656e74726520617320657175697065732063756d70726520756d20706170656c20657373656e6369616c206e6120666f726d756c612663636564696c3b266174696c64653b6f20646f20696e76657374696d656e746f20656d2072656369636c6167656d2074266561637574653b636e6963612e2041206e266961637574653b76656c206f7267616e697a6163696f6e616c2c206f2066656e266f636972633b6d656e6f20646120496e7465726e65742061696e6461206e266174696c64653b6f2064656d6f6e7374726f7520636f6e76696e63656e74656d656e746520717565207661692070617274696369706172206e61206d7564616e2663636564696c3b6120646f73206d266561637574653b746f646f73207574696c697a61646f73206e61206176616c69612663636564696c3b266174696c64653b6f20646520726573756c7461646f732e204163696d61206465207475646f2c20266561637574653b2066756e64616d656e74616c2072657373616c7461722071756520612065737472757475726120617475616c206461206f7267616e697a612663636564696c3b266174696c64653b6f206e6f73206f627269676120266167726176653b20616e266161637574653b6c69736520646f20666c75786f20646520696e666f726d612663636564696c3b266f74696c64653b65732e203c6272202f3e3c6272202f3e266e6273703b266e6273703b266e6273703b266e6273703b266e6273703b266e6273703b266e6273703b266e6273703b266e6273703b266e6273703b4173206578706572692665636972633b6e63696173206163756d756c616461732064656d6f6e737472616d2071756520612061646f2663636564696c3b266174696c64653b6f20646520706f6c266961637574653b74696361732064657363656e7472616c697a61646f726173206f6273746163756c697a61206120617072656369612663636564696c3b266174696c64653b6f20646120696d706f72742661636972633b6e6369612064617320666f726d617320646520612663636564696c3b266174696c64653b6f2e20506f64656d6f73206a266161637574653b207669736c756d62726172206f206d6f646f2070656c6f207175616c206f2064657361666961646f722063656e266161637574653b72696f20676c6f62616c697a61646f20707265706172612d6e6f73207061726120656e6672656e7461722073697475612663636564696c3b266f74696c64653b6573206174266961637574653b7069636173206465636f7272656e74657320646f7320636f6e686563696d656e746f7320657374726174266561637574653b6769636f732070617261206174696e676972206120657863656c2665636972633b6e6369612e20417373696d206d65736d6f2c206120636f6e736f6c6964612663636564696c3b266174696c64653b6f20646173206573747275747572617320617578696c6961206120707265706172612663636564696c3b266174696c64653b6f2065206120636f6d706f73692663636564696c3b266174696c64653b6f20646f206f722663636564696c3b616d656e746f207365746f7269616c2e204e657374652073656e7469646f2c20612064657465726d696e612663636564696c3b266174696c64653b6f20636c617261206465206f626a657469766f73206d6178696d697a6120617320706f73736962696c69646164657320706f7220636f6e746120646f2073697374656d6120646520666f726d612663636564696c3b266174696c64653b6f2064652071756164726f732071756520636f72726573706f6e646520266167726176653b73206e65636573736964616465732e2041207072266161637574653b7469636120636f74696469616e612070726f766120717565206f20636f6e73656e736f20736f6272652061206e65636573736964616465206465207175616c69666963612663636564696c3b266174696c64653b6f20676172616e7465206120636f6e7472696275692663636564696c3b266174696c64653b6f20646520756d20677275706f20696d706f7274616e7465206e612064657465726d696e612663636564696c3b266174696c64653b6f20646f7320706172616469676d617320636f72706f72617469766f732e203c6272202f3e3c6272202f3e266e6273703b266e6273703b266e6273703b266e6273703b266e6273703b266e6273703b266e6273703b266e6273703b266e6273703b266e6273703b41206365727469666963612663636564696c3b266174696c64653b6f206465206d65746f646f6c6f6769617320717565206e6f7320617578696c69616d2061206c6964617220636f6d206f2073757267696d656e746f20646f20636f6d266561637574653b7263696f207669727475616c20706f73736962696c69746120756d61206d656c686f7220766973266174696c64653b6f20676c6f62616c2064617320636f6e64692663636564696c3b266f74696c64653b657320696e65676176656c6d656e7465206170726f707269616461732e204e756e636120266561637574653b2064656d616973206c656d62726172206f207065736f2065206f207369676e6966696361646f206465737465732070726f626c656d61732c20756d612076657a20717565206f20646573656e766f6c76696d656e746f20636f6e74266961637574653b6e756f2064652064697374696e74617320666f726d617320646520617475612663636564696c3b266174696c64653b6f2070726f6d6f7665206120616c6176616e636167656d20646520616c7465726e61746976617320266167726176653b7320736f6c752663636564696c3b266f74696c64653b6573206f72746f646f7861732e204f20696e63656e7469766f20616f206176616e2663636564696c3b6f207465636e6f6c266f61637574653b6769636f2c20617373696d20636f6d6f206f20696e266961637574653b63696f2064612061746976696461646520676572616c20646520666f726d612663636564696c3b266174696c64653b6f20646520617469747564657320657374696d756c61206120706164726f6e697a612663636564696c3b266174696c64653b6f2064617320646972652663636564696c3b266f74696c64653b657320707265666572656e6369616973206e6f2073656e7469646f20646f2070726f67726573736f2e2050656e73616e646f206d6169732061206c6f6e676f207072617a6f2c2061207065726365702663636564696c3b266174696c64653b6f20646173206469666963756c646164657320726570726573656e746120756d6120616265727475726120706172612061206d656c686f72696120646f206c6576616e74616d656e746f206461732076617269266161637574653b7665697320656e766f6c76696461732e203c6272202f3e3c6272202f3e266e6273703b266e6273703b266e6273703b266e6273703b266e6273703b266e6273703b266e6273703b266e6273703b266e6273703b266e6273703b4465737461206d616e656972612c2061206d6f62696c696461646520646f7320636170697461697320696e7465726e6163696f6e61697320706f6465206e6f73206c65766172206120636f6e7369646572617220612072656573747275747572612663636564696c3b266174696c64653b6f20646f73206e266961637574653b76656973206465206d6f746976612663636564696c3b266174696c64653b6f20646570617274616d656e74616c2e20506f7220636f6e73656775696e74652c206f2061636f6d70616e68616d656e746f20646173207072656665722665636972633b6e6369617320646520636f6e73756d6f20616665746120706f7369746976616d656e7465206120636f727265746120707265766973266174696c64653b6f20646f20696d706163746f206e61206167696c6964616465206465636973266f61637574653b7269612e20476f73746172696120646520656e666174697a6172207175652061206e656365737369646164652064652072656e6f76612663636564696c3b266174696c64653b6f2070726f6365737375616c20646576652070617373617220706f72206d6f6469666963612663636564696c3b266f74696c64653b657320696e646570656e64656e74656d656e74652064612067657374266174696c64653b6f20696e6f7661646f7261206461207175616c2066617a656d6f732070617274652e204f206375696461646f20656d206964656e7469666963617220706f6e746f73206372266961637574653b7469636f73206e6120686567656d6f6e696120646f20616d6269656e746520706f6c266961637574653b7469636f20657374656e6465206f20616c63616e63652065206120696d706f72742661636972633b6e636961206461732072656772617320646520636f6e64757461206e6f726d6174697661732e204f20696e63656e7469766f20616f206176616e2663636564696c3b6f207465636e6f6c266f61637574653b6769636f2c20617373696d20636f6d6f2061206372657363656e746520696e666c752665636972633b6e636961206461206d266961637574653b646961206578696765206120707265636973266174696c64653b6f2065206120646566696e692663636564696c3b266174696c64653b6f20646f73206d6f646f73206465206f706572612663636564696c3b266174696c64653b6f20636f6e76656e63696f6e6169732e203c6272202f3e3c6272202f3e266e6273703b266e6273703b266e6273703b266e6273703b266e6273703b266e6273703b266e6273703b266e6273703b266e6273703b266e6273703b546f64617669612c206f20696e266961637574653b63696f2064612061746976696461646520676572616c20646520666f726d612663636564696c3b266174696c64653b6f20646520617469747564657320657374696d756c61206120706164726f6e697a612663636564696c3b266174696c64653b6f20646520746f646f73206f73207265637572736f732066756e63696f6e61697320656e766f6c7669646f732e20506f72206f7574726f206c61646f2c206f2061636f6d70616e68616d656e746f20646173207072656665722665636972633b6e6369617320646520636f6e73756d6f206f6273746163756c697a61206120617072656369612663636564696c3b266174696c64653b6f20646120696d706f72742661636972633b6e6369612064612067657374266174696c64653b6f20696e6f7661646f7261206461207175616c2066617a656d6f732070617274652e204465737461206d616e656972612c206120636f6d706574697469766964616465206e6173207472616e73612663636564696c3b266f74696c64653b657320636f6d65726369616973206d6178696d697a6120617320706f73736962696c69646164657320706f7220636f6e74612064617320636f6e64692663636564696c3b266f74696c64653b65732066696e616e63656972617320652061646d696e697374726174697661732065786967696461732e204f206375696461646f20656d206964656e7469666963617220706f6e746f73206372266961637574653b7469636f73206e6f2061756d656e746f20646f206469266161637574653b6c6f676f20656e747265206f73206469666572656e746573207365746f7265732070726f64757469766f732063756d70726520756d20706170656c20657373656e6369616c206e6120666f726d756c612663636564696c3b266174696c64653b6f2064617320706f73747572617320646f7320266f61637574653b7267266174696c64653b6f73206469726967656e74657320636f6d2072656c612663636564696c3b266174696c64653b6f20266167726176653b73207375617320617472696275692663636564696c3b266f74696c64653b65732e203c6272202f3e3c6272202f3e266e6273703b266e6273703b266e6273703b266e6273703b266e6273703b266e6273703b266e6273703b266e6273703b266e6273703b266e6273703b4e756e636120266561637574653b2064656d616973206c656d62726172206f207065736f2065206f207369676e6966696361646f206465737465732070726f626c656d61732c20756d612076657a20717565206f206e6f766f206d6f64656c6f206573747275747572616c206171756920707265636f6e697a61646f2061706f6e746120706172612061206d656c686f72696120646f2070726f636573736f20646520636f6d756e6963612663636564696c3b266174696c64653b6f20636f6d6f20756d20746f646f2e20546f646173206573746173207175657374266f74696c64653b65732c206465766964616d656e746520706f6e646572616461732c206c6576616e74616d2064267561637574653b766964617320736f627265207365206120636f6e73756c746120616f73206469766572736f73206d696c6974616e74657320666163696c697461206120637269612663636564696c3b266174696c64653b6f20646f206f722663636564696c3b616d656e746f207365746f7269616c2e204e6f20656e74616e746f2c206e266174696c64653b6f20706f64656d6f7320657371756563657220717565206f2066656e266f636972633b6d656e6f20646120496e7465726e657420646573616669612061206361706163696461646520646520657175616c697a612663636564696c3b266174696c64653b6f20646f73206e266961637574653b76656973206465206d6f746976612663636564696c3b266174696c64653b6f20646570617274616d656e74616c2e204e266174696c64653b6f206f627374616e74652c206120636f6e74266961637574653b6e756120657870616e73266174696c64653b6f206465206e6f7373612061746976696461646520617578696c6961206120707265706172612663636564696c3b266174696c64653b6f2065206120636f6d706f73692663636564696c3b266174696c64653b6f2064617320646972652663636564696c3b266f74696c64653b657320707265666572656e6369616973206e6f2073656e7469646f20646f2070726f67726573736f2e20506572636562656d6f732c20636164612076657a206d6169732c20717565206120636f6e736f6c6964612663636564696c3b266174696c64653b6f2064617320657374727574757261732066617a20706172746520646520756d2070726f636573736f20646520676572656e6369616d656e746f2064617320636f6e64692663636564696c3b266f74696c64653b657320696e65676176656c6d656e7465206170726f707269616461732e203c6272202f3e3c6272202f3e266e6273703b266e6273703b266e6273703b266e6273703b266e6273703b266e6273703b266e6273703b266e6273703b266e6273703b266e6273703b4f20656d70656e686f20656d20616e616c69736172206120686567656d6f6e696120646f20616d6269656e746520706f6c266961637574653b7469636f20657374656e6465206f20616c63616e63652065206120696d706f72742661636972633b6e6369612064617320646972657472697a657320646520646573656e766f6c76696d656e746f2070617261206f2066757475726f2e20264561637574653b20636c61726f20717565206120636f6d706c6578696461646520646f732065737475646f7320656665747561646f73206167726567612076616c6f7220616f206573746162656c6563696d656e746f20646f207265746f726e6f20657370657261646f2061206c6f6e676f207072617a6f2e204163696d61206465207475646f2c20266561637574653b2066756e64616d656e74616c2072657373616c746172207175652061207065726365702663636564696c3b266174696c64653b6f20646173206469666963756c646164657320676172616e7465206120636f6e7472696275692663636564696c3b266174696c64653b6f20646520756d20677275706f20696d706f7274616e7465206e612064657465726d696e612663636564696c3b266174696c64653b6f20646f7320636f6e686563696d656e746f7320657374726174266561637574653b6769636f732070617261206174696e676972206120657863656c2665636972633b6e6369612e2041696e646120617373696d2c206578697374656d2064267561637574653b7669646173206120726573706569746f20646520636f6d6f206f20656e74656e64696d656e746f20646173206d657461732070726f706f7374617320266561637574653b20756d612064617320636f6e736571752665636972633b6e636961732064617320646976657273617320636f7272656e7465732064652070656e73616d656e746f2e203c6272202f3e3c6272202f3e266e6273703b266e6273703b266e6273703b266e6273703b266e6273703b266e6273703b266e6273703b266e6273703b266e6273703b266e6273703b4f207175652074656d6f7320717565207465722073656d70726520656d206d656e746520266561637574653b20717565206f20636f6d70726f6d6574696d656e746f20656e7472652061732065717569706573206f66657265636520756d6120696e746572657373616e7465206f706f7274756e696461646520706172612076657269666963612663636564696c3b266174696c64653b6f20646f20696e76657374696d656e746f20656d2072656369636c6167656d2074266561637574653b636e6963612e2041207072266161637574653b7469636120636f74696469616e612070726f766120717565206f206a756c67616d656e746f20696d7061726369616c20646173206576656e7475616c6964616465732061696e6461206e266174696c64653b6f2064656d6f6e7374726f7520636f6e76696e63656e74656d656e746520717565207661692070617274696369706172206e61206d7564616e2663636564696c3b6120646f73206d266561637574653b746f646f73207574696c697a61646f73206e61206176616c69612663636564696c3b266174696c64653b6f20646520726573756c7461646f732e204e6f206d756e646f20617475616c2c20612065737472757475726120617475616c206461206f7267616e697a612663636564696c3b266174696c64653b6f20707265706172612d6e6f73207061726120656e6672656e7461722073697475612663636564696c3b266f74696c64653b6573206174266961637574653b7069636173206465636f7272656e74657320646f20666c75786f20646520696e666f726d612663636564696c3b266f74696c64653b65732e2041206e266961637574653b76656c206f7267616e697a6163696f6e616c2c2061206d6f62696c696461646520646f7320636170697461697320696e7465726e6163696f6e616973206e266174696c64653b6f20706f6465206d61697320736520646973736f636961722064617320666f726d617320646520612663636564696c3b266174696c64653b6f2e203c6272202f3e3c6272202f3e266e6273703b266e6273703b266e6273703b266e6273703b266e6273703b266e6273703b266e6273703b266e6273703b266e6273703b266e6273703b476f73746172696120646520656e666174697a617220717565206f2064657361666961646f722063656e266161637574653b72696f20676c6f62616c697a61646f20636175736120696d706163746f20696e64697265746f206e612072656176616c69612663636564696c3b266174696c64653b6f20646f2072656d616e656a616d656e746f20646f732071756164726f732066756e63696f6e6169732e20264561637574653b20696d706f7274616e7465207175657374696f6e6172206f207175616e746f206120657870616e73266174696c64653b6f20646f73206d65726361646f73206d756e6469616973206e6f73206f627269676120266167726176653b20616e266161637574653b6c69736520646f732072656c6163696f6e616d656e746f732076657274696361697320656e7472652061732068696572617271756961732e204e657374652073656e7469646f2c20612064657465726d696e612663636564696c3b266174696c64653b6f20636c617261206465206f626a657469766f73206170726573656e74612074656e642665636972633b6e63696173206e6f2073656e7469646f206465206170726f7661722061206d616e7574656e2663636564696c3b266174696c64653b6f20646f7320706172616469676d617320636f72706f72617469766f732e204361726f7320616d69676f732c20612061646f2663636564696c3b266174696c64653b6f20646520706f6c266961637574653b74696361732064657363656e7472616c697a61646f72617320617373756d6520696d706f7274616e74657320706f73692663636564696c3b266f74696c64653b6573206e6f206573746162656c6563696d656e746f20646173206e6f7661732070726f706f73692663636564696c3b266f74696c64653b65732e2041206365727469666963612663636564696c3b266174696c64653b6f206465206d65746f646f6c6f6769617320717565206e6f7320617578696c69616d2061206c6964617220636f6d206f2073757267696d656e746f20646f20636f6d266561637574653b7263696f207669727475616c20706f73736962696c69746120756d61206d656c686f7220766973266174696c64653b6f20676c6f62616c20646f2073697374656d6120646520666f726d612663636564696c3b266174696c64653b6f2064652071756164726f732071756520636f72726573706f6e646520266167726176653b73206e65636573736964616465732e203c6272202f3e3c6272202f3e266e6273703b266e6273703b266e6273703b266e6273703b266e6273703b266e6273703b266e6273703b266e6273703b266e6273703b266e6273703b45766964656e74656d656e74652c206f20646573656e766f6c76696d656e746f20636f6e74266961637574653b6e756f2064652064697374696e74617320666f726d617320646520617475612663636564696c3b266174696c64653b6f20616665746120706f7369746976616d656e7465206120636f727265746120707265766973266174696c64653b6f20646f732070726f636564696d656e746f73206e6f726d616c6d656e74652061646f7461646f732e20417373696d206d65736d6f2c20612065786563752663636564696c3b266174696c64653b6f20646f7320706f6e746f7320646f2070726f6772616d6120646576652070617373617220706f72206d6f6469666963612663636564696c3b266f74696c64653b657320696e646570656e64656e74656d656e746520646520616c7465726e61746976617320266167726176653b7320736f6c752663636564696c3b266f74696c64653b6573206f72746f646f7861732e2050656e73616e646f206d6169732061206c6f6e676f207072617a6f2c206f20636f6e73656e736f20736f6272652061206e65636573736964616465206465207175616c69666963612663636564696c3b266174696c64653b6f2074616c76657a2076656e686120612072657373616c74617220612072656c61746976696461646520646f206c6576616e74616d656e746f206461732076617269266161637574653b7665697320656e766f6c76696461732e204173206578706572692665636972633b6e63696173206163756d756c616461732064656d6f6e737472616d207175652061206e656365737369646164652064652072656e6f76612663636564696c3b266174696c64653b6f2070726f6365737375616c20706f6465206e6f73206c65766172206120636f6e7369646572617220612072656573747275747572612663636564696c3b266174696c64653b6f20646f7320266961637574653b6e64696365732070726574656e6469646f732e203c6272202f3e3c6272202f3e266e6273703b266e6273703b266e6273703b266e6273703b266e6273703b266e6273703b266e6273703b266e6273703b266e6273703b266e6273703b506f7220636f6e73656775696e74652c206120636f6e7374616e746520646976756c67612663636564696c3b266174696c64653b6f2064617320696e666f726d612663636564696c3b266f74696c64653b65732070726f6d6f7665206120616c6176616e636167656d20646f20696d706163746f206e61206167696c6964616465206465636973266f61637574653b7269612e20506f64656d6f73206a266161637574653b207669736c756d62726172206f206d6f646f2070656c6f207175616c2061207265766f6c752663636564696c3b266174696c64653b6f20646f7320636f7374756d657320726570726573656e746120756d6120616265727475726120706172612061206d656c686f72696120646f2073697374656d61206465207061727469636970612663636564696c3b266174696c64653b6f20676572616c2e20446f206d65736d6f206d6f646f2c20612076616c6f72697a612663636564696c3b266174696c64653b6f206465206661746f726573207375626a657469766f7320616361727265746120756d2070726f636573736f206465207265666f726d756c612663636564696c3b266174696c64653b6f2065206d6f6465726e697a612663636564696c3b266174696c64653b6f206461732072656772617320646520636f6e64757461206e6f726d6174697661732e204f20696e63656e7469766f20616f206176616e2663636564696c3b6f207465636e6f6c266f61637574653b6769636f2c20617373696d20636f6d6f206120657870616e73266174696c64653b6f20646f73206d65726361646f73206d756e6469616973206167726567612076616c6f7220616f206573746162656c6563696d656e746f20646f7320636f6e686563696d656e746f7320657374726174266561637574653b6769636f732070617261206174696e676972206120657863656c2665636972633b6e6369612e20546f64617669612c2061206372657363656e746520696e666c752665636972633b6e636961206461206d266961637574653b646961206d6178696d697a6120617320706f73736962696c69646164657320706f7220636f6e74612064617320666f726d617320646520612663636564696c3b266174696c64653b6f2e203c6272202f3e3c6272202f3e266e6273703b266e6273703b266e6273703b266e6273703b266e6273703b266e6273703b266e6273703b266e6273703b266e6273703b266e6273703b417373696d206d65736d6f2c206f20636f6e73656e736f20736f6272652061206e65636573736964616465206465207175616c69666963612663636564696c3b266174696c64653b6f206f6273746163756c697a61206120617072656369612663636564696c3b266174696c64653b6f20646120696d706f72742661636972633b6e6369612064612067657374266174696c64653b6f20696e6f7661646f7261206461207175616c2066617a656d6f732070617274652e20264561637574653b20636c61726f20717565206120636f6e74266961637574653b6e756120657870616e73266174696c64653b6f206465206e6f7373612061746976696461646520657374696d756c61206120706164726f6e697a612663636564696c3b266174696c64653b6f20646f732070726f636564696d656e746f73206e6f726d616c6d656e74652061646f7461646f732e20506f64656d6f73206a266161637574653b207669736c756d62726172206f206d6f646f2070656c6f207175616c206120636f6d706574697469766964616465206e6173207472616e73612663636564696c3b266f74696c64653b657320636f6d657263696169732063756d70726520756d20706170656c20657373656e6369616c206e6120666f726d756c612663636564696c3b266174696c64653b6f20646f73206e266961637574653b76656973206465206d6f746976612663636564696c3b266174696c64653b6f20646570617274616d656e74616c2e203c6272202f3e3c6272202f3e266e6273703b266e6273703b266e6273703b266e6273703b266e6273703b266e6273703b266e6273703b266e6273703b266e6273703b266e6273703b4e756e636120266561637574653b2064656d616973206c656d62726172206f207065736f2065206f207369676e6966696361646f206465737465732070726f626c656d61732c20756d612076657a2071756520612065737472757475726120617475616c206461206f7267616e697a612663636564696c3b266174696c64653b6f20616665746120706f7369746976616d656e7465206120636f727265746120707265766973266174696c64653b6f20646f2070726f636573736f20646520636f6d756e6963612663636564696c3b266174696c64653b6f20636f6d6f20756d20746f646f2e2045766964656e74656d656e74652c2061207265766f6c752663636564696c3b266174696c64653b6f20646f7320636f7374756d657320646576652070617373617220706f72206d6f6469666963612663636564696c3b266f74696c64653b657320696e646570656e64656e74656d656e746520646f206f722663636564696c3b616d656e746f207365746f7269616c2e204f207175652074656d6f7320717565207465722073656d70726520656d206d656e746520266561637574653b2071756520612064657465726d696e612663636564696c3b266174696c64653b6f20636c617261206465206f626a657469766f7320646573616669612061206361706163696461646520646520657175616c697a612663636564696c3b266174696c64653b6f2064617320646972652663636564696c3b266f74696c64653b657320707265666572656e6369616973206e6f2073656e7469646f20646f2070726f67726573736f2e203c6272202f3e3c6272202f3e266e6273703b266e6273703b266e6273703b266e6273703b266e6273703b266e6273703b266e6273703b266e6273703b266e6273703b266e6273703b506f72206f7574726f206c61646f2c206f2064657361666961646f722063656e266161637574653b72696f20676c6f62616c697a61646f20616361727265746120756d2070726f636573736f206465207265666f726d756c612663636564696c3b266174696c64653b6f2065206d6f6465726e697a612663636564696c3b266174696c64653b6f20646f207265746f726e6f20657370657261646f2061206c6f6e676f207072617a6f2e20506572636562656d6f732c20636164612076657a206d6169732c2071756520612076616c6f72697a612663636564696c3b266174696c64653b6f206465206661746f726573207375626a657469766f73206e266174696c64653b6f20706f6465206d61697320736520646973736f636961722064617320636f6e64692663636564696c3b266f74696c64653b657320696e65676176656c6d656e7465206170726f707269616461732e204e266174696c64653b6f206f627374616e74652c206120686567656d6f6e696120646f20616d6269656e746520706f6c266961637574653b7469636f20657374656e6465206f20616c63616e63652065206120696d706f72742661636972633b6e6369612064617320646972657472697a657320646520646573656e766f6c76696d656e746f2070617261206f2066757475726f2e203c6272202f3e3c6272202f3e266e6273703b266e6273703b266e6273703b266e6273703b266e6273703b266e6273703b266e6273703b266e6273703b266e6273703b266e6273703b4e6f20656e74616e746f2c206e266174696c64653b6f20706f64656d6f7320657371756563657220717565206f20696e266961637574653b63696f2064612061746976696461646520676572616c20646520666f726d612663636564696c3b266174696c64653b6f2064652061746974756465732074616c76657a2076656e686120612072657373616c74617220612072656c61746976696461646520646f2073697374656d6120646520666f726d612663636564696c3b266174696c64653b6f2064652071756164726f732071756520636f72726573706f6e646520266167726176653b73206e65636573736964616465732e204465737461206d616e656972612c206120636f6e7374616e746520646976756c67612663636564696c3b266174696c64653b6f2064617320696e666f726d612663636564696c3b266f74696c64653b657320676172616e7465206120636f6e7472696275692663636564696c3b266174696c64653b6f20646520756d20677275706f20696d706f7274616e7465206e612064657465726d696e612663636564696c3b266174696c64653b6f20646f206c6576616e74616d656e746f206461732076617269266161637574653b7665697320656e766f6c76696461732e20506f7220636f6e73656775696e74652c206f2061636f6d70616e68616d656e746f20646173207072656665722665636972633b6e6369617320646520636f6e73756d6f20666163696c697461206120637269612663636564696c3b266174696c64653b6f2064617320646976657273617320636f7272656e7465732064652070656e73616d656e746f2e203c6272202f3e3c6272202f3e266e6273703b266e6273703b266e6273703b266e6273703b266e6273703b266e6273703b266e6273703b266e6273703b266e6273703b266e6273703b264561637574653b20696d706f7274616e7465207175657374696f6e6172206f207175616e746f206f20636f6d70726f6d6574696d656e746f20656e7472652061732065717569706573206f66657265636520756d6120696e746572657373616e7465206f706f7274756e696461646520706172612076657269666963612663636564696c3b266174696c64653b6f20646f20696e76657374696d656e746f20656d2072656369636c6167656d2074266561637574653b636e6963612e2041207072266161637574653b7469636120636f74696469616e612070726f766120717565206f206a756c67616d656e746f20696d7061726369616c20646173206576656e7475616c696461646573206e6f73206f627269676120266167726176653b20616e266161637574653b6c69736520646f2073697374656d61206465207061727469636970612663636564696c3b266174696c64653b6f20676572616c2e204f206375696461646f20656d206964656e7469666963617220706f6e746f73206372266961637574653b7469636f73206e61206e656365737369646164652064652072656e6f76612663636564696c3b266174696c64653b6f2070726f6365737375616c20617578696c6961206120707265706172612663636564696c3b266174696c64653b6f2065206120636f6d706f73692663636564696c3b266174696c64653b6f20646f20666c75786f20646520696e666f726d612663636564696c3b266f74696c64653b65732e2041206e266961637574653b76656c206f7267616e697a6163696f6e616c2c2061206d6f62696c696461646520646f7320636170697461697320696e7465726e6163696f6e61697320707265706172612d6e6f73207061726120656e6672656e7461722073697475612663636564696c3b266f74696c64653b6573206174266961637574653b7069636173206465636f7272656e74657320646f7320266961637574653b6e64696365732070726574656e6469646f732e203c6272202f3e3c6272202f3e266e6273703b266e6273703b266e6273703b266e6273703b266e6273703b266e6273703b266e6273703b266e6273703b266e6273703b266e6273703b476f73746172696120646520656e666174697a617220717565206f20656e74656e64696d656e746f20646173206d657461732070726f706f737461732061706f6e746120706172612061206d656c686f7269612064617320706f73747572617320646f7320266f61637574653b7267266174696c64653b6f73206469726967656e74657320636f6d2072656c612663636564696c3b266174696c64653b6f20266167726176653b73207375617320617472696275692663636564696c3b266f74696c64653b65732e204e6f206d756e646f20617475616c2c206120636f6e736f6c6964612663636564696c3b266174696c64653b6f2064617320657374727574757261732066617a20706172746520646520756d2070726f636573736f20646520676572656e6369616d656e746f20646f20696d706163746f206e61206167696c6964616465206465636973266f61637574653b7269612e204e657374652073656e7469646f2c206f2066656e266f636972633b6d656e6f20646120496e7465726e65742070726f6d6f7665206120616c6176616e636167656d20646f7320706172616469676d617320636f72706f72617469766f732e204361726f7320616d69676f732c20612061646f2663636564696c3b266174696c64653b6f20646520706f6c266961637574653b74696361732064657363656e7472616c697a61646f72617320706f73736962696c69746120756d61206d656c686f7220766973266174696c64653b6f20676c6f62616c20646520746f646f73206f73207265637572736f732066756e63696f6e61697320656e766f6c7669646f732e203c6272202f3e3c6272202f3e266e6273703b266e6273703b266e6273703b266e6273703b266e6273703b266e6273703b266e6273703b266e6273703b266e6273703b266e6273703b41696e646120617373696d2c206578697374656d2064267561637574653b7669646173206120726573706569746f20646520636f6d6f206f2061756d656e746f20646f206469266161637574653b6c6f676f20656e747265206f73206469666572656e746573207365746f7265732070726f64757469766f73206578696765206120707265636973266174696c64653b6f2065206120646566696e692663636564696c3b266174696c64653b6f206461732072656772617320646520636f6e64757461206e6f726d6174697661732e2050656e73616e646f206d6169732061206c6f6e676f207072617a6f2c206f206e6f766f206d6f64656c6f206573747275747572616c206171756920707265636f6e697a61646f2061696e6461206e266174696c64653b6f2064656d6f6e7374726f7520636f6e76696e63656e74656d656e746520717565207661692070617274696369706172206e61206d7564616e2663636564696c3b6120646f732072656c6163696f6e616d656e746f732076657274696361697320656e7472652061732068696572617271756961732e2041206365727469666963612663636564696c3b266174696c64653b6f206465206d65746f646f6c6f6769617320717565206e6f7320617578696c69616d2061206c6964617220636f6d20612065786563752663636564696c3b266174696c64653b6f20646f7320706f6e746f7320646f2070726f6772616d6120266561637574653b20756d612064617320636f6e736571752665636972633b6e6369617320646520616c7465726e61746976617320266167726176653b7320736f6c752663636564696c3b266f74696c64653b6573206f72746f646f7861732e20546f646173206573746173207175657374266f74696c64653b65732c206465766964616d656e746520706f6e646572616461732c206c6576616e74616d2064267561637574653b766964617320736f627265207365206f2073757267696d656e746f20646f20636f6d266561637574653b7263696f207669727475616c20636175736120696d706163746f20696e64697265746f206e612072656176616c69612663636564696c3b266174696c64653b6f20646f2072656d616e656a616d656e746f20646f732071756164726f732066756e63696f6e6169732e204173206578706572692665636972633b6e63696173206163756d756c616461732064656d6f6e737472616d20717565206120636f6d706c6578696461646520646f732065737475646f7320656665747561646f7320706f6465206e6f73206c65766172206120636f6e7369646572617220612072656573747275747572612663636564696c3b266174696c64653b6f20646f73206d266561637574653b746f646f73207574696c697a61646f73206e61206176616c69612663636564696c3b266174696c64653b6f20646520726573756c7461646f732e203c6272202f3e3c6272202f3e266e6273703b266e6273703b266e6273703b266e6273703b266e6273703b266e6273703b266e6273703b266e6273703b266e6273703b266e6273703b446f206d65736d6f206d6f646f2c2061207065726365702663636564696c3b266174696c64653b6f20646173206469666963756c6461646573206170726573656e74612074656e642665636972633b6e63696173206e6f2073656e7469646f206465206170726f7661722061206d616e7574656e2663636564696c3b266174696c64653b6f20646f73206d6f646f73206465206f706572612663636564696c3b266174696c64653b6f20636f6e76656e63696f6e6169732e204f20656d70656e686f20656d20616e616c69736172206120636f6e73756c746120616f73206469766572736f73206d696c6974616e74657320726570726573656e746120756d6120616265727475726120706172612061206d656c686f7269612064617320636f6e64692663636564696c3b266f74696c64653b65732066696e616e63656972617320652061646d696e697374726174697661732065786967696461732e204163696d61206465207475646f2c20266561637574653b2066756e64616d656e74616c2072657373616c74617220717565206f20646573656e766f6c76696d656e746f20636f6e74266961637574653b6e756f2064652064697374696e74617320666f726d617320646520617475612663636564696c3b266174696c64653b6f20617373756d6520696d706f7274616e74657320706f73692663636564696c3b266f74696c64653b6573206e6f206573746162656c6563696d656e746f20646173206e6f7661732070726f706f73692663636564696c3b266f74696c64653b65732e204173206578706572692665636972633b6e63696173206163756d756c616461732064656d6f6e737472616d20717565206120657870616e73266174696c64653b6f20646f73206d65726361646f73206d756e6469616973206f66657265636520756d6120696e746572657373616e7465206f706f7274756e696461646520706172612076657269666963612663636564696c3b266174696c64653b6f20646f7320636f6e686563696d656e746f7320657374726174266561637574653b6769636f732070617261206174696e676972206120657863656c2665636972633b6e6369612e203c6272202f3e3c6272202f3e266e6273703b266e6273703b266e6273703b266e6273703b266e6273703b266e6273703b266e6273703b266e6273703b266e6273703b266e6273703b546f64617669612c2061206372657363656e746520696e666c752665636972633b6e636961206461206d266961637574653b6469612063756d70726520756d20706170656c20657373656e6369616c206e6120666f726d756c612663636564696c3b266174696c64653b6f2064617320646976657273617320636f7272656e7465732064652070656e73616d656e746f2e204f20696e63656e7469766f20616f206176616e2663636564696c3b6f207465636e6f6c266f61637574653b6769636f2c20617373696d20636f6d6f206f20636f6e73656e736f20736f6272652061206e65636573736964616465206465207175616c69666963612663636564696c3b266174696c64653b6f206167726567612076616c6f7220616f206573746162656c6563696d656e746f2064617320636f6e64692663636564696c3b266f74696c64653b657320696e65676176656c6d656e7465206170726f707269616461732e20264561637574653b20636c61726f20717565206120636f6e74266961637574653b6e756120657870616e73266174696c64653b6f206465206e6f7373612061746976696461646520657374696d756c61206120706164726f6e697a612663636564696c3b266174696c64653b6f20646f732070726f636564696d656e746f73206e6f726d616c6d656e74652061646f7461646f732e203c6272202f3e3c6272202f3e266e6273703b266e6273703b266e6273703b266e6273703b266e6273703b266e6273703b266e6273703b266e6273703b266e6273703b266e6273703b4163696d61206465207475646f2c20266561637574653b2066756e64616d656e74616c2072657373616c74617220717565206120636f6d706574697469766964616465206e6173207472616e73612663636564696c3b266f74696c64653b657320636f6d6572636961697320646573616669612061206361706163696461646520646520657175616c697a612663636564696c3b266174696c64653b6f20646f73206d6f646f73206465206f706572612663636564696c3b266174696c64653b6f20636f6e76656e63696f6e6169732e204e756e636120266561637574653b2064656d616973206c656d62726172206f207065736f2065206f207369676e6966696361646f206465737465732070726f626c656d61732c20756d612076657a207175652061207065726365702663636564696c3b266174696c64653b6f20646173206469666963756c646164657320266561637574653b20756d612064617320636f6e736571752665636972633b6e6369617320646f20696e76657374696d656e746f20656d2072656369636c6167656d2074266561637574653b636e6963612e2045766964656e74656d656e74652c2061207265766f6c752663636564696c3b266174696c64653b6f20646f7320636f7374756d657320617373756d6520696d706f7274616e74657320706f73692663636564696c3b266f74696c64653b6573206e6f206573746162656c6563696d656e746f206461732072656772617320646520636f6e64757461206e6f726d6174697661732e2041206e266961637574653b76656c206f7267616e697a6163696f6e616c2c20612061646f2663636564696c3b266174696c64653b6f20646520706f6c266961637574653b74696361732064657363656e7472616c697a61646f72617320616361727265746120756d2070726f636573736f206465207265666f726d756c612663636564696c3b266174696c64653b6f2065206d6f6465726e697a612663636564696c3b266174696c64653b6f20646173206e6f7661732070726f706f73692663636564696c3b266f74696c64653b65732e2050656e73616e646f206d6169732061206c6f6e676f207072617a6f2c206f2064657361666961646f722063656e266161637574653b72696f20676c6f62616c697a61646f20657374656e6465206f20616c63616e63652065206120696d706f72742661636972633b6e63696120646f206c6576616e74616d656e746f206461732076617269266161637574653b7665697320656e766f6c76696461732e203c6272202f3e3c6272202f3e266e6273703b266e6273703b266e6273703b266e6273703b266e6273703b266e6273703b266e6273703b266e6273703b266e6273703b266e6273703b506572636562656d6f732c20636164612076657a206d6169732c20717565206f2061636f6d70616e68616d656e746f20646173207072656665722665636972633b6e6369617320646520636f6e73756d6f206e266174696c64653b6f20706f6465206d61697320736520646973736f636961722064617320636f6e64692663636564696c3b266f74696c64653b65732066696e616e63656972617320652061646d696e697374726174697661732065786967696461732e2041696e646120617373696d2c206578697374656d2064267561637574653b7669646173206120726573706569746f20646520636f6d6f206120636f6e73756c746120616f73206469766572736f73206d696c6974616e7465732066617a20706172746520646520756d2070726f636573736f20646520676572656e6369616d656e746f20646f20666c75786f20646520696e666f726d612663636564696c3b266f74696c64653b65732e2041207072266161637574653b7469636120636f74696469616e612070726f766120717565206f20696e266961637574653b63696f2064612061746976696461646520676572616c20646520666f726d612663636564696c3b266174696c64653b6f2064652061746974756465732074616c76657a2076656e686120612072657373616c74617220612072656c61746976696461646520646f2073697374656d6120646520666f726d612663636564696c3b266174696c64653b6f2064652071756164726f732071756520636f72726573706f6e646520266167726176653b73206e65636573736964616465732e20546f646173206573746173207175657374266f74696c64653b65732c206465766964616d656e746520706f6e646572616461732c206c6576616e74616d2064267561637574653b766964617320736f627265207365206120636f6e7374616e746520646976756c67612663636564696c3b266174696c64653b6f2064617320696e666f726d612663636564696c3b266f74696c64653b657320617578696c6961206120707265706172612663636564696c3b266174696c64653b6f2065206120636f6d706f73692663636564696c3b266174696c64653b6f20646f2070726f636573736f20646520636f6d756e6963612663636564696c3b266174696c64653b6f20636f6d6f20756d20746f646f2e204e266174696c64653b6f206f627374616e74652c206f20646573656e766f6c76696d656e746f20636f6e74266961637574653b6e756f2064652064697374696e74617320666f726d617320646520617475612663636564696c3b266174696c64653b6f206f6273746163756c697a61206120617072656369612663636564696c3b266174696c64653b6f20646120696d706f72742661636972633b6e63696120646f732072656c6163696f6e616d656e746f732076657274696361697320656e7472652061732068696572617271756961732e203c6272202f3e3c6272202f3e266e6273703b266e6273703b266e6273703b266e6273703b266e6273703b266e6273703b266e6273703b266e6273703b266e6273703b266e6273703b4465737461206d616e656972612c206f206e6f766f206d6f64656c6f206573747275747572616c206171756920707265636f6e697a61646f20666163696c697461206120637269612663636564696c3b266174696c64653b6f20646f206f722663636564696c3b616d656e746f207365746f7269616c2e204f20656d70656e686f20656d20616e616c69736172206f20636f6d70726f6d6574696d656e746f20656e747265206173206571756970657320616665746120706f7369746976616d656e7465206120636f727265746120707265766973266174696c64653b6f20646f2073697374656d61206465207061727469636970612663636564696c3b266174696c64653b6f20676572616c2e204f206375696461646f20656d206964656e7469666963617220706f6e746f73206372266961637574653b7469636f73206e61206e656365737369646164652064652072656e6f76612663636564696c3b266174696c64653b6f2070726f6365737375616c20676172616e7465206120636f6e7472696275692663636564696c3b266174696c64653b6f20646520756d20677275706f20696d706f7274616e7465206e612064657465726d696e612663636564696c3b266174696c64653b6f2064612067657374266174696c64653b6f20696e6f7661646f7261206461207175616c2066617a656d6f732070617274652e2041206365727469666963612663636564696c3b266174696c64653b6f206465206d65746f646f6c6f6769617320717565206e6f7320617578696c69616d2061206c6964617220636f6d206f206a756c67616d656e746f20696d7061726369616c20646173206576656e7475616c69646164657320707265706172612d6e6f73207061726120656e6672656e7461722073697475612663636564696c3b266f74696c64653b6573206174266961637574653b7069636173206465636f7272656e74657320646f20696d706163746f206e61206167696c6964616465206465636973266f61637574653b7269612e20476f73746172696120646520656e666174697a617220717565206120636f6e736f6c6964612663636564696c3b266174696c64653b6f2064617320657374727574757261732061696e6461206e266174696c64653b6f2064656d6f6e7374726f7520636f6e76696e63656e74656d656e746520717565207661692070617274696369706172206e61206d7564616e2663636564696c3b612064617320706f73747572617320646f7320266f61637574653b7267266174696c64653b6f73206469726967656e74657320636f6d2072656c612663636564696c3b266174696c64653b6f20266167726176653b73207375617320617472696275692663636564696c3b266f74696c64653b65732e203c6272202f3e3c6272202f3e266e6273703b266e6273703b266e6273703b266e6273703b266e6273703b266e6273703b266e6273703b266e6273703b266e6273703b266e6273703b506f7220636f6e73656775696e74652c206120636f6d706c6578696461646520646f732065737475646f7320656665747561646f73206d6178696d697a6120617320706f73736962696c69646164657320706f7220636f6e746120646f73206d266561637574653b746f646f73207574696c697a61646f73206e61206176616c69612663636564696c3b266174696c64653b6f20646520726573756c7461646f732e3c2f703e, '1', '2995E89FB4A77E4FB5F56D4991C75850');
INSERT INTO `termos` (`CODTERMO`, `DTA`, `IDIOMA`, `CONTEUDO`, `STATUS`, `OWNER`) VALUES
('C9F0FCBC481678B30E44772D82CCFF19', '2013-11-06 18:11:02', 'ESPANHOL', 0x3c703e3c7370616e3e4265666f7265206d616b696e672061207265736572766174696f6e2c20706c65617365206361726566756c6c7920726561642074686520506f7573616461204d617261766973746126727371756f3b732067656e6572616c20636f6e646974696f6e732e3c2f7370616e3e3c2f703e0d0a3c703e3c7370616e3e3c7374726f6e673e312e2052617465733c2f7374726f6e673e3c2f7370616e3e3c2f703e0d0a3c703e3c7370616e3e416c6c20726174657320657870726573736564206f6e207468697320776562736974652061726520696e204272617a696c69616e205265616c73202842524c206f72205224292e3c2f7370616e3e3c2f703e0d0a3c703e3c7370616e3e52617465732061742074686520506f7573616461204d617261766973746120696e636c75646520616c6c2074617865732e3c2f7370616e3e3c2f703e0d0a3c703e266e6273703b3c2f703e0d0a3c703e3c7370616e3e3c7374726f6e673e322e205265736572766174696f6e733c2f7374726f6e673e3c2f7370616e3e3c2f703e0d0a3c703e3c7370616e3e466f722067656e6572616c207265736572766174696f6e732c207765207265717569726520353025207072657061796d656e74206f662074686520746f74616c2076616c7565206f6620746865207265736572766174696f6e20746f2067756172616e7465652074686520726f6f6d2e205468652072656d61696e64657220353025206d75737420626520736574746c65642061742074696d65206f6620636865636b2d6f757420616c6f6e67207769746820696e636964656e74616c732e3c2f7370616e3e3c2f703e0d0a3c703e3c7370616e3e466f72207370656369616c207061636b616765732c20686f6c69646179732c2067726f757073206f72206576656e74732c20612031303025207072657061796d656e74206d61792062652072657175697265642e3c2f7370616e3e3c2f703e0d0a3c703e3c7370616e3e546865207265736572766174696f6e20697320636f6e6669726d656420616e642067756172616e7465656420756e74696c2030323a303020612e6d2e207468652064617920666f6c6c6f77696e67207468652064617465206f6620746865207265736572766174696f6e2c20756e6c6573732070726576696f75736c7920616772656564206f7468657277697365206265747765656e2074686520506f7573616461204d617261766973746120616e64207468652067756573742e3c2f7370616e3e3c2f703e0d0a3c703e266e6273703b3c2f703e0d0a3c703e3c7370616e3e3c7374726f6e673e332e2047656e6572616c3c2f7374726f6e673e3c2f7370616e3e3c2f703e0d0a3c703e3c7370616e3e436865636b2d696e3a2031346830303c2f7370616e3e3c2f703e0d0a3c703e3c7370616e3e436865636b2d6f75743a2031326830303c2f7370616e3e3c2f703e0d0a3c703e3c7370616e3e4c61746520636865636b2d6f757420666565733a20416e7920636865636b2d6f757420616674657220746869732074696d65206d617920726573756c7420696e2061207375726368617267652e3c2f7370616e3e3c2f703e0d0a3c703e3c7370616e3e4561726c7920636865636b2d6f75743a2052617465732071756f74656420617265206261736564206f6e20636865636b2d696e206461746520616e64206c656e677468206f6620737461792073686f776e2e204e6f20726566756e6473206772616e74656420666f722064657061727475726573207072696f7220746f2074686520636f6e6669726d65642064657061727475726520646174652e3c2f7370616e3e3c2f703e0d0a3c703e3c7370616e3e416c6c206f757220726174657320696e636c75646520627265616b666173742e3c2f7370616e3e3c2f703e0d0a3c703e3c7370616e3e54686520506f75736164612063616e6e6f742061636365707420616e696d616c732e3c2f7370616e3e3c2f703e0d0a3c703e3c7370616e3e416c6c20726f6f6d7320617265206e6f6e2d736d6f6b696e672e3c2f7370616e3e3c2f703e0d0a3c703e266e6273703b3c2f703e0d0a3c703e3c7370616e3e3c7374726f6e673e342e204368696c6472656e202f206164646974696f6e616c20706572736f6e20706f6c6963793c2f7374726f6e673e3c2f7370616e3e3c2f703e0d0a3c703e3c7370616e3e5468652072617465732071756f7465642061726520666f722074776f206164756c74732e20416e79206164646974696f6e616c20706572736f6e206d757374206265207265676973746572656420617420636865636b2d696e20616e64206d617920696e63757220616e206164646974696f6e616c20636f73742e3c2f7370616e3e3c2f703e0d0a3c703e3c7370616e3e4f6e65206368696c6420756e64657220352079656172732073746179696e6720696e2074686520706172656e7426727371756f3b7320726f6f6d3a20436f6d706c696d656e746172792e3c2f7370616e3e3c2f703e0d0a3c703e3c7370616e3e4f6e65206368696c64202866726f6d203520746f203132207965617273292073746179696e6720696e2074686520706172656e7426727371756f3b7320726f6f6d3a204164646974696f6e616c20313525206f6620746865206461696c7920726174653c2f7370616e3e3c2f703e0d0a3c703e3c7370616e3e4368696c6472656e2061626f76652074686520616765206f6620313220286f72206164756c74293a204164646974696f6e616c20333025206f6620746865206461696c7920726174653c2f7370616e3e3c2f703e0d0a3c703e3c7370616e3e416e7920657874726120626564206f722062616279206372696273206d75737420626520636f6e6669726d65642062792074686520506f7573616461204d617261766973746120696e207772697474656e2e3c2f7370616e3e3c2f703e0d0a3c703e3c7370616e3e576f756c642074686520746f74616c20616d6f756e74206f66206775657374206e6f742068617665206265656e20696e666f726d6564206174207468652074696d65206f66207265736572766174696f6e2c2074686520616d6f756e7420666f7220657874726120706572736f6e732077696c6c20626520616464656420616e64206368617267656420617420636865636b2d696e2e3c2f7370616e3e3c2f703e0d0a3c703e266e6273703b3c2f703e0d0a3c703e3c7370616e3e3c7374726f6e673e352e5265736572766174696f6e206d6f64696669636174696f6e7320616e64206e6f2d73686f77733c2f7374726f6e673e3c2f7370616e3e3c2f703e0d0a3c703e3c7370616e3e5265736572766174696f6e73206d6f64696669636174696f6e732077696c6c206f6e6c7920626520616363657074656420627920652d6d61696c2e3c2f7370616e3e3c2f703e0d0a3c703e3c7370616e3e49662074686520636c69656e74206661696c7320746f2073686f7720757020776974686f7574207072696f72206e6f746963652c207468652063616e63656c6c6174696f6e20706f6c696379206f662074686520506f7573616461204d6172617669737461206170706c6965732e3c2f7370616e3e3c2f703e0d0a3c703e266e6273703b3c2f703e0d0a3c703e3c7370616e3e3c7374726f6e673e362e43616e63656c6c6174696f6e20706f6c6963793c2f7374726f6e673e3c2f7370616e3e3c2f703e0d0a3c703e3c7370616e3e466f722067656e6572616c207265736572766174696f6e732028657863657074207370656369616c207061636b616765732c2070726f6d6f74696f6e732c20686f6c6964617973206f722067726f757073293a3c2f7370616e3e3c2f703e0d0a3c703e3c7370616e3e557020746f20373220686f757273206265666f72652074686520646179206f6620636865636b2d696e3a20467265652063616e63656c6c6174696f6e2a3c2f7370616e3e3c2f703e0d0a3c703e3c7370616e3e373220686f75727320746f20343820686f757273206265666f72652074686520646179206f6620636865636b2d696e3a204120766f75636865722077696c6c2062652069737375656420666f722074686520616d6f756e74206f6620746865207072657061796d656e7420746f206265207573656420617420506f7573616461204d6172617669737461202876616c6964203132206d6f6e746873293c2f7370616e3e3c2f703e0d0a3c703e3c7370616e3e343820686f757273206265666f72652074686520646179206f6620636865636b2d696e3a204e6f20726566756e64733c2f7370616e3e3c2f703e0d0a3c703e3c7370616e3e5468652074696d6520636f6e7369646572656420666f7220266c6471756f3b646179206f6620636865636b2d696e26726471756f3b206973207468652061637475616c2074696d65206f6620636865636b2d696e20283134683030292e3c2f7370616e3e3c2f703e0d0a3c703e266e6273703b3c2f703e0d0a3c703e3c7370616e3e5370656369616c207061636b616765732c2070726f6d6f74696f6e732c20686f6c6964617973206f722067726f7570207265736572766174696f6e733a3c2f7370616e3e3c2f703e0d0a3c703e3c7370616e3e266e6273703b557020746f2033302064617973206265666f726520646179206f6620636865636b2d696e3a20467265652063616e63656c6c6174696f6e2a3c2f7370616e3e3c2f703e0d0a3c703e3c7370616e3e3239206461797320746f20313520646179733a2035302520726566756e642a3c2f7370616e3e3c2f703e0d0a3c703e3c7370616e3e31342064617973206265666f726520646179206f6620636865636b2d696e3a204e6f20726566756e64733c2f7370616e3e3c2f703e0d0a3c703e3c7370616e3e3c7374726f6e673e2a4d696e7573206170706c696361626c65207472616e73666572206f7220637265646974206361726420666565733c2f7374726f6e673e3c2f7370616e3e3c2f703e0d0a3c703e3c7370616e3e5468652074696d6520636f6e7369646572656420666f7220266c6471756f3b646179206f6620636865636b2d696e26726471756f3b206973207468652061637475616c2074696d65206f6620636865636b2d696e20283134683030292e3c2f7370616e3e3c2f703e0d0a3c703e266e6273703b3c2f703e0d0a3c703e3c7370616e3e3c7374726f6e673e372e5061796d656e743c2f7374726f6e673e3c2f7370616e3e3c2f703e0d0a3c703e3c7370616e3e266e6273703b57652061636365707420616c6c206d616a6f72206372656469742063617264733a20566973612c204d6173746572436172642c20416d65726963616e20457870726573732c2044696e6572732e3c2f7370616e3e3c2f703e0d0a3c703e3c7370616e3e266e6273703b5765206163636570742063617368207061796d656e7473206f6e6c7920696e204272617a696c69616e205265616c732e3c2f7370616e3e3c2f703e0d0a3c703e3c7370616e3e266e6273703b436865636b7320617265206e6f742061636365707465642e266e6273703b3c2f7370616e3e3c2f703e, '1', '2995E89FB4A77E4FB5F56D4991C75850');

-- --------------------------------------------------------

--
-- Estrutura da tabela `text_tarifas`
--

CREATE TABLE IF NOT EXISTS `text_tarifas` (
  `INGLES` blob,
  `PORTUGUES` blob,
  `ESPANHOL` blob
) ENGINE=MyISAM DEFAULT CHARSET=latin1 COLLATE=latin1_general_ci;

--
-- Extraindo dados da tabela `text_tarifas`
--

INSERT INTO `text_tarifas` (`INGLES`, `PORTUGUES`, `ESPANHOL`) VALUES
(0x3c703e52617465732061726520666f722074776f2070656f706c652e204f7572206461696c792061726520696e636c7564656420666f723a3c2f703e0d0a3c703e2662756c6c3b20416c6c20666565733b203c6272202f3e2662756c6c3b20427265616b666173743b203c6272202f3e2662756c6c3b2050726976617465207061726b696e673b203c6272202f3e2662756c6c3b2057692d466920496e7465726e65743b203c6272202f3e2662756c6c3b20426561636820736572766963653b3c2f703e, 0x3c703e4173206469266161637574653b726961732073266174696c64653b6f2070617261206475617320706573736f61732e204e6f73736173206469266161637574653b726961732073266174696c64653b6f20696e636c757361732064653a3c2f703e0d0a3c703e2662756c6c3b20546f6461732061732074617861733b3c6272202f3e2662756c6c3b20436166266561637574653b206461206d616e68266174696c64653b3b3c6272202f3e2662756c6c3b204573746163696f6e616d656e746f2070726976617469766f3b3c6272202f3e2662756c6c3b20496e7465726e65742057692d46693b3c6272202f3e2662756c6c3b2053657276692663636564696c3b6f2064652070726169613b3c2f703e, 0x3c703e4c6173207461726966617320736f6e207061726120646f7320706572736f6e61732e204e75657374726f2064696172696f20736520696e636c7579656e20706172613a3c2f703e0d0a3c703e2662756c6c3b20546f646173206c61732063756f7461733b203c6272202f3e2662756c6c3b204465736179756e6f3b203c6272202f3e2662756c6c3b204573746163696f6e616d69656e746f207072697661646f3b203c6272202f3e2662756c6c3b20496e7465726e65742057692d46693b203c6272202f3e2662756c6c3b20536572766963696f20646520706c6179613b3c2f703e);

-- --------------------------------------------------------

--
-- Estrutura da tabela `valor`
--

CREATE TABLE IF NOT EXISTS `valor` (
  `CODVALOR` char(32) NOT NULL DEFAULT '',
  `DTA` timestamp NOT NULL DEFAULT CURRENT_TIMESTAMP,
  `ADULTO_PERC` int(11) DEFAULT NULL,
  `ADULTO_PERC_MULT` int(11) DEFAULT NULL,
  `ADULTO_VALOR` int(11) DEFAULT NULL,
  `ADULTO_EXCEDENTE` int(11) DEFAULT NULL,
  `CRIANCA_5_PERC` int(11) DEFAULT NULL,
  `CRIANCA_5_PERC_MULT` int(11) DEFAULT NULL,
  `CRIANCA_5_VALOR` int(11) DEFAULT NULL,
  `CRIANCA_5_EXCEDENTE` int(11) DEFAULT NULL,
  `CRIANCA_6A12_PERC` int(11) DEFAULT NULL,
  `CRIANCA_6A12_PERC_MULT` int(11) DEFAULT NULL,
  `CRIANCA_6A12_VALOR` int(11) DEFAULT NULL,
  `CRIANCA_6A12_EXCEDENTE` int(11) DEFAULT NULL,
  `CRIANCA_12_PERC` int(11) DEFAULT NULL,
  `CRIANCA_12_PERC_MULT` int(11) DEFAULT NULL,
  `CRIANCA_12_VALOR` int(11) DEFAULT NULL,
  `CRIANCA_12_EXCEDENTE` int(11) DEFAULT NULL,
  `VALOR_BRUTO` int(11) DEFAULT NULL,
  `VALOR_DESC` int(11) DEFAULT NULL,
  `VALOR_ACRESCIMO` int(11) DEFAULT NULL,
  `ACRESCIMO_PERC` int(11) DEFAULT NULL,
  `VALOR_SINAL` int(11) DEFAULT NULL,
  `VALOR_TOTAL` int(11) DEFAULT NULL,
  `FORMA_PGTO` char(1) DEFAULT NULL,
  `PGTO_SINAL` char(1) DEFAULT NULL,
  `PGTO_RESTANTE` char(1) DEFAULT NULL,
  `STATUS` char(1) DEFAULT NULL,
  `N_CONHECIMENTO` char(10) DEFAULT NULL,
  PRIMARY KEY (`CODVALOR`)
) ENGINE=MyISAM DEFAULT CHARSET=latin1;

--
-- Extraindo dados da tabela `valor`
--

INSERT INTO `valor` (`CODVALOR`, `DTA`, `ADULTO_PERC`, `ADULTO_PERC_MULT`, `ADULTO_VALOR`, `ADULTO_EXCEDENTE`, `CRIANCA_5_PERC`, `CRIANCA_5_PERC_MULT`, `CRIANCA_5_VALOR`, `CRIANCA_5_EXCEDENTE`, `CRIANCA_6A12_PERC`, `CRIANCA_6A12_PERC_MULT`, `CRIANCA_6A12_VALOR`, `CRIANCA_6A12_EXCEDENTE`, `CRIANCA_12_PERC`, `CRIANCA_12_PERC_MULT`, `CRIANCA_12_VALOR`, `CRIANCA_12_EXCEDENTE`, `VALOR_BRUTO`, `VALOR_DESC`, `VALOR_ACRESCIMO`, `ACRESCIMO_PERC`, `VALOR_SINAL`, `VALOR_TOTAL`, `FORMA_PGTO`, `PGTO_SINAL`, `PGTO_RESTANTE`, `STATUS`, `N_CONHECIMENTO`) VALUES
('26EC0AE809AE55044C1DD1DFA3FD14A6', '2014-01-21 15:51:59', 0, 0, 0, 0, 0, 0, 0, 0, 0, 0, 0, 0, 0, 0, 0, 0, 0, 0, 0, 0, 0, 0, '', '', '', '0', 'STD0000001'),
('E863616CD6D3B84A2498B68C8D6870B1', '2014-01-21 17:51:47', 0, 0, 0, 0, 0, 0, 0, 0, 0, 0, 0, 0, 0, 0, 0, 0, 0, 0, 0, 0, 0, 0, '', '', '', '0', 'STD0000002'),
('70A7EEC615AF150D5BF2629F1313BD06', '2014-01-22 12:37:36', 0, 0, 0, 0, 0, 0, 0, 0, 0, 0, 0, 0, 0, 0, 0, 0, 140000, 0, 0, 0, 0, 140000, '1', '7', '7', '0', 'STM0000003'),
('21874EFB4FF723FA947E5F22A83DCA99', '2014-01-22 13:28:30', 0, 0, 0, 0, 0, 0, 0, 0, 0, 0, 0, 0, 0, 0, 0, 0, 140000, 0, 0, 0, 0, 140000, '1', '7', '7', '0', 'STM0000004'),
('FFA4AEB0F24FB20E24380EFEE4063CE3', '2014-01-22 19:49:26', 0, 0, 0, 0, 0, 0, 0, 0, 0, 0, 0, 0, 0, 0, 0, 0, 140000, 0, 0, 0, 0, 140000, '1', '7', '7', '0', 'STM0000005'),
('2997D3FB2CB5EEA64372FA1EA611B7DC', '2014-01-22 21:04:39', 0, 0, 0, 0, 0, 0, 0, 0, 0, 0, 0, 0, 0, 0, 0, 0, 140000, 0, 0, 0, 0, 140000, '1', '7', '7', '0', 'STM0000006'),
('2984482F73162F51F9F66BF127D0B3E1', '2014-01-22 21:10:29', 0, 0, 0, 0, 0, 0, 0, 0, 0, 0, 0, 0, 0, 0, 0, 0, 140000, 0, 0, 0, 0, 140000, '1', '7', '7', '0', 'STM0000007'),
('E1202D57DA16B0A16CDBADFD4A8D3FEC', '2014-01-23 07:33:20', 0, 0, 0, 0, 0, 0, 0, 0, 0, 0, 0, 0, 0, 0, 0, 0, 80000, 0, 0, 0, 0, 80000, '1', '4', '4', '0', 'SPR0000008'),
('DEA38BC5BB4D6B6F95D9C28F82729CF9', '2014-01-23 14:34:47', 0, 0, 0, 0, 0, 0, 0, 0, 0, 0, 0, 0, 0, 0, 0, 0, 140000, 0, 0, 0, 0, 140000, '1', '7', '7', '0', 'STM0000009'),
('399F6440B665EF8F3B7413D0476B8EB5', '2014-01-24 20:10:10', 0, 0, 0, 0, 0, 0, 0, 0, 15, 15, 150, 1, 30, 30, 300, 1, 1000, 0, 450, 45, 0, 1450, '1', '7', '7', '0', 'DVM0000010'),
('EF50100EC16A3002DEC60ED8BAD529EA', '2014-01-24 20:22:16', 0, 0, 0, 0, 0, 0, 0, 0, 0, 0, 0, 0, 0, 0, 0, 0, 1000, 0, 0, 0, 0, 1000, '1', '5', '5', '0', 'DVM0000011'),
('835F6A41ABC739FA05FEAADF34264565', '2014-01-24 20:48:09', 0, 0, 0, 0, 0, 0, 0, 0, 15, 15, 75000, 1, 0, 0, 0, 0, 500000, 0, 75000, 15, 0, 575000, '1', '2', '2', '0', 'STD0000012'),
('9E0DFB86A100A7CCD0AA2DCD3C4CD264', '2014-01-24 20:51:44', 0, 0, 0, 0, 0, 0, 0, 0, 0, 0, 0, 0, 0, 0, 0, 0, 500000, 0, 0, 0, 0, 500000, '1', '2', '2', '0', 'STD0000013'),
('5FC1E06572FA33D948987AE29D7374E2', '2014-01-28 16:58:00', 0, 0, 0, 0, 0, 0, 0, 0, 0, 0, 0, 0, 0, 0, 0, 0, 140000, 0, 0, 0, 0, 140000, '2', '7', '7', '0', 'STM0000014'),
('A2FA05EE43F4791EEED925A4B75BFC49', '2014-01-28 17:01:01', 0, 0, 0, 0, 0, 0, 0, 0, 0, 0, 0, 0, 0, 0, 0, 0, 140000, 0, 0, 0, 0, 140000, '2', '7', '7', '0', 'STM0000014'),
('10934BBEAB88C5CF18B3623F3EF066FC', '2014-01-28 17:01:03', 0, 0, 0, 0, 0, 0, 0, 0, 0, 0, 0, 0, 0, 0, 0, 0, 140000, 0, 0, 0, 0, 140000, '2', '7', '7', '0', 'STM0000014'),
('64862C63183A863F948530E0EB3E1E48', '2014-01-28 17:01:05', 0, 0, 0, 0, 0, 0, 0, 0, 0, 0, 0, 0, 0, 0, 0, 0, 140000, 0, 0, 0, 0, 140000, '2', '7', '7', '0', 'STM0000014'),
('328661B085184B62795D0DDCF6873002', '2014-01-28 17:01:07', 0, 0, 0, 0, 0, 0, 0, 0, 0, 0, 0, 0, 0, 0, 0, 0, 140000, 0, 0, 0, 0, 140000, '2', '7', '7', '0', 'STM0000014'),
('0216712D235A7413DC818006974F855B', '2014-01-28 17:01:09', 0, 0, 0, 0, 0, 0, 0, 0, 0, 0, 0, 0, 0, 0, 0, 0, 140000, 0, 0, 0, 0, 140000, '2', '7', '7', '0', 'STM0000014'),
('85BECB02E2115C65757FDFF80742B2A6', '2014-01-28 17:01:10', 0, 0, 0, 0, 0, 0, 0, 0, 0, 0, 0, 0, 0, 0, 0, 0, 140000, 0, 0, 0, 0, 140000, '2', '7', '7', '0', 'STM0000014'),
('FA5C7D506F16AD12683F7FD83E5D3E2C', '2014-01-28 17:01:12', 0, 0, 0, 0, 0, 0, 0, 0, 0, 0, 0, 0, 0, 0, 0, 0, 140000, 0, 0, 0, 0, 140000, '2', '7', '7', '0', 'STM0000014'),
('136365F71E5066B667FF3F08F0ADCF6F', '2014-01-28 17:01:14', 0, 0, 0, 0, 0, 0, 0, 0, 0, 0, 0, 0, 0, 0, 0, 0, 140000, 0, 0, 0, 0, 140000, '2', '7', '7', '0', 'STM0000014'),
('B8E001CC5D25F8CA8DA87D92659363A4', '2014-01-28 17:01:16', 0, 0, 0, 0, 0, 0, 0, 0, 0, 0, 0, 0, 0, 0, 0, 0, 140000, 0, 0, 0, 0, 140000, '2', '7', '7', '0', 'STM0000014'),
('B4967C4F4BEA8F59A20521DB13CA8D51', '2014-01-28 17:01:18', 0, 0, 0, 0, 0, 0, 0, 0, 0, 0, 0, 0, 0, 0, 0, 0, 140000, 0, 0, 0, 0, 140000, '2', '7', '7', '0', 'STM0000014'),
('90895C785D319CD88F669E8128C15443', '2014-01-28 17:01:21', 0, 0, 0, 0, 0, 0, 0, 0, 0, 0, 0, 0, 0, 0, 0, 0, 140000, 0, 0, 0, 0, 140000, '2', '7', '7', '0', 'STM0000014'),
('72F03291515F92CC473638F7263D929C', '2014-01-28 17:01:23', 0, 0, 0, 0, 0, 0, 0, 0, 0, 0, 0, 0, 0, 0, 0, 0, 140000, 0, 0, 0, 0, 140000, '2', '7', '7', '0', 'STM0000014'),
('FB4CA2F1668EB00BA6A5918FF84967E4', '2014-01-28 17:01:24', 0, 0, 0, 0, 0, 0, 0, 0, 0, 0, 0, 0, 0, 0, 0, 0, 140000, 0, 0, 0, 0, 140000, '2', '7', '7', '0', 'STM0000014'),
('14AFA25C1A586C959374EB21F32BB5A4', '2014-01-28 17:01:26', 0, 0, 0, 0, 0, 0, 0, 0, 0, 0, 0, 0, 0, 0, 0, 0, 140000, 0, 0, 0, 0, 140000, '2', '7', '7', '0', 'STM0000014'),
('CDF284E90F2AC3607E0D7A9E292FB766', '2014-01-28 17:01:28', 0, 0, 0, 0, 0, 0, 0, 0, 0, 0, 0, 0, 0, 0, 0, 0, 140000, 0, 0, 0, 0, 140000, '2', '7', '7', '0', 'STM0000014'),
('0355D366E4B6340AECF0AA1E5E2471A4', '2014-01-28 17:01:30', 0, 0, 0, 0, 0, 0, 0, 0, 0, 0, 0, 0, 0, 0, 0, 0, 140000, 0, 0, 0, 0, 140000, '2', '7', '7', '0', 'STM0000014'),
('AE2551E09DC23D9545D7ECF1E6F7D37B', '2014-01-28 17:01:32', 0, 0, 0, 0, 0, 0, 0, 0, 0, 0, 0, 0, 0, 0, 0, 0, 140000, 0, 0, 0, 0, 140000, '2', '7', '7', '0', 'STM0000014'),
('0B3484F4AAE1871CC97C517022287CC0', '2014-01-28 17:01:34', 0, 0, 0, 0, 0, 0, 0, 0, 0, 0, 0, 0, 0, 0, 0, 0, 140000, 0, 0, 0, 0, 140000, '2', '7', '7', '0', 'STM0000014'),
('B1426A4762F48B9C1ED52CFCB75725D2', '2014-01-28 17:01:36', 0, 0, 0, 0, 0, 0, 0, 0, 0, 0, 0, 0, 0, 0, 0, 0, 140000, 0, 0, 0, 0, 140000, '2', '7', '7', '0', 'STM0000014'),
('D1D591C80E35221EE369ADC92E467B24', '2014-01-28 17:01:38', 0, 0, 0, 0, 0, 0, 0, 0, 0, 0, 0, 0, 0, 0, 0, 0, 140000, 0, 0, 0, 0, 140000, '2', '7', '7', '0', 'STM0000014'),
('5BED0CB40458DCDD72271F2F61EC9F72', '2014-01-28 17:01:40', 0, 0, 0, 0, 0, 0, 0, 0, 0, 0, 0, 0, 0, 0, 0, 0, 140000, 0, 0, 0, 0, 140000, '2', '7', '7', '0', 'STM0000014'),
('3C6E0068D20C42AA8B8392334A0F0350', '2014-01-28 17:01:42', 0, 0, 0, 0, 0, 0, 0, 0, 0, 0, 0, 0, 0, 0, 0, 0, 140000, 0, 0, 0, 0, 140000, '2', '7', '7', '0', 'STM0000014'),
('87153F5FF1597F27AB189CA05C2B4FD0', '2014-01-28 17:01:43', 0, 0, 0, 0, 0, 0, 0, 0, 0, 0, 0, 0, 0, 0, 0, 0, 140000, 0, 0, 0, 0, 140000, '2', '7', '7', '0', 'STM0000014'),
('3C2E516783337049B03A78AF3DA25090', '2014-01-28 17:01:45', 0, 0, 0, 0, 0, 0, 0, 0, 0, 0, 0, 0, 0, 0, 0, 0, 140000, 0, 0, 0, 0, 140000, '2', '7', '7', '0', 'STM0000014'),
('6800042973B79AE978DB56AD5754E55B', '2014-01-28 17:01:47', 0, 0, 0, 0, 0, 0, 0, 0, 0, 0, 0, 0, 0, 0, 0, 0, 140000, 0, 0, 0, 0, 140000, '2', '7', '7', '0', 'STM0000014'),
('F30A7AA3B85CC24A437FEDFF2E13E9C5', '2014-01-28 17:01:49', 0, 0, 0, 0, 0, 0, 0, 0, 0, 0, 0, 0, 0, 0, 0, 0, 140000, 0, 0, 0, 0, 140000, '2', '7', '7', '0', 'STM0000014'),
('9BD4660A3CDA04EC6E23E702FD616813', '2014-01-28 17:01:51', 0, 0, 0, 0, 0, 0, 0, 0, 0, 0, 0, 0, 0, 0, 0, 0, 140000, 0, 0, 0, 0, 140000, '2', '7', '7', '0', 'STM0000014'),
('43C33E63191CFD57F662C25E0A6C425F', '2014-01-28 17:01:53', 0, 0, 0, 0, 0, 0, 0, 0, 0, 0, 0, 0, 0, 0, 0, 0, 140000, 0, 0, 0, 0, 140000, '2', '7', '7', '0', 'STM0000014'),
('EFBF77C1383955494DEE0055FF42F1CC', '2014-01-28 17:01:55', 0, 0, 0, 0, 0, 0, 0, 0, 0, 0, 0, 0, 0, 0, 0, 0, 140000, 0, 0, 0, 0, 140000, '2', '7', '7', '0', 'STM0000014'),
('E11A1A3E4BABE0F0EBD177CB00B14D2C', '2014-01-28 17:01:57', 0, 0, 0, 0, 0, 0, 0, 0, 0, 0, 0, 0, 0, 0, 0, 0, 140000, 0, 0, 0, 0, 140000, '2', '7', '7', '0', 'STM0000014'),
('D1914CE93BC516F8F7F948C5E4ACB237', '2014-01-28 17:01:59', 0, 0, 0, 0, 0, 0, 0, 0, 0, 0, 0, 0, 0, 0, 0, 0, 140000, 0, 0, 0, 0, 140000, '2', '7', '7', '0', 'STM0000014'),
('DE232EAA661B39505899BFD98B8E5559', '2014-01-28 17:02:01', 0, 0, 0, 0, 0, 0, 0, 0, 0, 0, 0, 0, 0, 0, 0, 0, 140000, 0, 0, 0, 0, 140000, '2', '7', '7', '0', 'STM0000014'),
('048207BF52C53E55157A89E84E42C49C', '2014-01-28 17:02:03', 0, 0, 0, 0, 0, 0, 0, 0, 0, 0, 0, 0, 0, 0, 0, 0, 140000, 0, 0, 0, 0, 140000, '2', '7', '7', '0', 'STM0000014'),
('4E9C2FC988D0277AA405D16B98601E36', '2014-01-28 17:02:06', 0, 0, 0, 0, 0, 0, 0, 0, 0, 0, 0, 0, 0, 0, 0, 0, 140000, 0, 0, 0, 0, 140000, '2', '7', '7', '0', 'STM0000014'),
('4E099CD05F615C4E23591C2148380BF2', '2014-01-28 17:02:07', 0, 0, 0, 0, 0, 0, 0, 0, 0, 0, 0, 0, 0, 0, 0, 0, 140000, 0, 0, 0, 0, 140000, '2', '7', '7', '0', 'STM0000014'),
('E9E4E97C5FD628D0588C01B1B2E3368E', '2014-01-28 17:02:10', 0, 0, 0, 0, 0, 0, 0, 0, 0, 0, 0, 0, 0, 0, 0, 0, 140000, 0, 0, 0, 0, 140000, '2', '7', '7', '0', 'STM0000014'),
('E8F9C5589C551578CD69981347FAF545', '2014-01-28 17:02:11', 0, 0, 0, 0, 0, 0, 0, 0, 0, 0, 0, 0, 0, 0, 0, 0, 140000, 0, 0, 0, 0, 140000, '2', '7', '7', '0', 'STM0000014'),
('1AB8D8A5CE421842AD663FA304A3F841', '2014-01-28 17:02:13', 0, 0, 0, 0, 0, 0, 0, 0, 0, 0, 0, 0, 0, 0, 0, 0, 140000, 0, 0, 0, 0, 140000, '2', '7', '7', '0', 'STM0000014'),
('E5BC5DC27617560CCA597121FBC6EE08', '2014-01-28 17:02:15', 0, 0, 0, 0, 0, 0, 0, 0, 0, 0, 0, 0, 0, 0, 0, 0, 140000, 0, 0, 0, 0, 140000, '2', '7', '7', '0', 'STM0000014'),
('C57B7CAC76948793C0510A9DB4994433', '2014-01-28 17:02:17', 0, 0, 0, 0, 0, 0, 0, 0, 0, 0, 0, 0, 0, 0, 0, 0, 140000, 0, 0, 0, 0, 140000, '2', '7', '7', '0', 'STM0000014'),
('054BD3D8171E3A98C81AA41650F7C860', '2014-01-28 17:02:19', 0, 0, 0, 0, 0, 0, 0, 0, 0, 0, 0, 0, 0, 0, 0, 0, 140000, 0, 0, 0, 0, 140000, '2', '7', '7', '0', 'STM0000014'),
('6911AB255F337F8ED55A284BAE9B2980', '2014-01-28 17:02:21', 0, 0, 0, 0, 0, 0, 0, 0, 0, 0, 0, 0, 0, 0, 0, 0, 140000, 0, 0, 0, 0, 140000, '2', '7', '7', '0', 'STM0000014'),
('C5D244F2CFFE9CB58DAEC12F97112C13', '2014-01-28 17:02:23', 0, 0, 0, 0, 0, 0, 0, 0, 0, 0, 0, 0, 0, 0, 0, 0, 140000, 0, 0, 0, 0, 140000, '2', '7', '7', '0', 'STM0000014'),
('D3EE4319105F18F3A6F9886901F78994', '2014-01-28 17:02:25', 0, 0, 0, 0, 0, 0, 0, 0, 0, 0, 0, 0, 0, 0, 0, 0, 140000, 0, 0, 0, 0, 140000, '2', '7', '7', '0', 'STM0000014'),
('8C9D867FBA0480774A6FE05713992B02', '2014-01-28 17:02:27', 0, 0, 0, 0, 0, 0, 0, 0, 0, 0, 0, 0, 0, 0, 0, 0, 140000, 0, 0, 0, 0, 140000, '2', '7', '7', '0', 'STM0000014'),
('E792087CA79AF4140E6DD1A40248C494', '2014-01-28 17:02:29', 0, 0, 0, 0, 0, 0, 0, 0, 0, 0, 0, 0, 0, 0, 0, 0, 140000, 0, 0, 0, 0, 140000, '2', '7', '7', '0', 'STM0000014'),
('4BAADE29B65FFFA00D0ED9C70EC66B4D', '2014-01-28 17:02:31', 0, 0, 0, 0, 0, 0, 0, 0, 0, 0, 0, 0, 0, 0, 0, 0, 140000, 0, 0, 0, 0, 140000, '2', '7', '7', '0', 'STM0000014'),
('73D906B2C8FBCD0B01562DF38E7C3F72', '2014-01-28 17:02:33', 0, 0, 0, 0, 0, 0, 0, 0, 0, 0, 0, 0, 0, 0, 0, 0, 140000, 0, 0, 0, 0, 140000, '2', '7', '7', '0', 'STM0000014'),
('21BEAA3ECAD9F2EF80D3BAEC76FE6922', '2014-01-28 17:02:36', 0, 0, 0, 0, 0, 0, 0, 0, 0, 0, 0, 0, 0, 0, 0, 0, 140000, 0, 0, 0, 0, 140000, '2', '7', '7', '0', 'STM0000014'),
('D1611D3AEF942A430127D465760B1A44', '2014-01-28 17:02:38', 0, 0, 0, 0, 0, 0, 0, 0, 0, 0, 0, 0, 0, 0, 0, 0, 140000, 0, 0, 0, 0, 140000, '2', '7', '7', '0', 'STM0000014'),
('06A4BB814F110006DAC80B06D86055E2', '2014-01-28 17:02:40', 0, 0, 0, 0, 0, 0, 0, 0, 0, 0, 0, 0, 0, 0, 0, 0, 140000, 0, 0, 0, 0, 140000, '2', '7', '7', '0', 'STM0000014'),
('10AC0E1F0FC18EDC6378377CB4F2E42E', '2014-01-28 17:02:41', 0, 0, 0, 0, 0, 0, 0, 0, 0, 0, 0, 0, 0, 0, 0, 0, 140000, 0, 0, 0, 0, 140000, '2', '7', '7', '0', 'STM0000014'),
('E72EC31BD430493F85818711B4D0AE49', '2014-01-28 17:02:43', 0, 0, 0, 0, 0, 0, 0, 0, 0, 0, 0, 0, 0, 0, 0, 0, 140000, 0, 0, 0, 0, 140000, '2', '7', '7', '0', 'STM0000014'),
('DF1D9351D9321D6D449E4EC0046B9930', '2014-01-28 17:02:45', 0, 0, 0, 0, 0, 0, 0, 0, 0, 0, 0, 0, 0, 0, 0, 0, 140000, 0, 0, 0, 0, 140000, '2', '7', '7', '0', 'STM0000014'),
('21A2480BDCC93922A9C69E72743EBF9A', '2014-01-28 17:02:47', 0, 0, 0, 0, 0, 0, 0, 0, 0, 0, 0, 0, 0, 0, 0, 0, 140000, 0, 0, 0, 0, 140000, '2', '7', '7', '0', 'STM0000014'),
('536B5C5DFA606028194D4661F15A49E6', '2014-01-28 17:02:49', 0, 0, 0, 0, 0, 0, 0, 0, 0, 0, 0, 0, 0, 0, 0, 0, 140000, 0, 0, 0, 0, 140000, '2', '7', '7', '0', 'STM0000014'),
('2F4A195A872C8B73061D45A4FA93AE76', '2014-01-28 17:02:51', 0, 0, 0, 0, 0, 0, 0, 0, 0, 0, 0, 0, 0, 0, 0, 0, 140000, 0, 0, 0, 0, 140000, '2', '7', '7', '0', 'STM0000014'),
('9937D5E25F42D7EC5BCF552C2FA2E9D3', '2014-01-28 17:02:53', 0, 0, 0, 0, 0, 0, 0, 0, 0, 0, 0, 0, 0, 0, 0, 0, 140000, 0, 0, 0, 0, 140000, '2', '7', '7', '0', 'STM0000014'),
('D57DB254A3C8E556C7088B40ABFA23CF', '2014-01-28 17:02:55', 0, 0, 0, 0, 0, 0, 0, 0, 0, 0, 0, 0, 0, 0, 0, 0, 140000, 0, 0, 0, 0, 140000, '2', '7', '7', '0', 'STM0000014'),
('38635AF321E75789826A569FA05723DF', '2014-01-28 17:02:57', 0, 0, 0, 0, 0, 0, 0, 0, 0, 0, 0, 0, 0, 0, 0, 0, 140000, 0, 0, 0, 0, 140000, '2', '7', '7', '0', 'STM0000014'),
('AC488D4B4260B85DB1BD3285B60FE214', '2014-01-28 17:02:58', 0, 0, 0, 0, 0, 0, 0, 0, 0, 0, 0, 0, 0, 0, 0, 0, 140000, 0, 0, 0, 0, 140000, '2', '7', '7', '0', 'STM0000014'),
('1B4A258E9F46CBA8D5CE1E0479E8A92E', '2014-01-28 17:03:00', 0, 0, 0, 0, 0, 0, 0, 0, 0, 0, 0, 0, 0, 0, 0, 0, 140000, 0, 0, 0, 0, 140000, '2', '7', '7', '0', 'STM0000014'),
('5D26FB267802CC0D502EE53F3CB66475', '2014-01-28 17:03:02', 0, 0, 0, 0, 0, 0, 0, 0, 0, 0, 0, 0, 0, 0, 0, 0, 140000, 0, 0, 0, 0, 140000, '2', '7', '7', '0', 'STM0000014'),
('64B031C6B9348E6D0A493C4D40DE6596', '2014-01-28 17:03:03', 0, 0, 0, 0, 0, 0, 0, 0, 0, 0, 0, 0, 0, 0, 0, 0, 140000, 0, 0, 0, 0, 140000, '2', '7', '7', '0', 'STM0000014'),
('B762E327A83643023843926D7C5EFF15', '2014-01-28 17:03:05', 0, 0, 0, 0, 0, 0, 0, 0, 0, 0, 0, 0, 0, 0, 0, 0, 140000, 0, 0, 0, 0, 140000, '2', '7', '7', '0', 'STM0000014'),
('428D59DCDCF99A4F2E1BD080B1704044', '2014-01-28 17:03:07', 0, 0, 0, 0, 0, 0, 0, 0, 0, 0, 0, 0, 0, 0, 0, 0, 140000, 0, 0, 0, 0, 140000, '2', '7', '7', '0', 'STM0000014'),
('D8A03B18E5E29B9D97A7D0B43BE861CA', '2014-01-28 17:03:09', 0, 0, 0, 0, 0, 0, 0, 0, 0, 0, 0, 0, 0, 0, 0, 0, 140000, 0, 0, 0, 0, 140000, '2', '7', '7', '0', 'STM0000014'),
('E068ED90C6EC9AF44B5D6647724BC25F', '2014-01-28 17:03:11', 0, 0, 0, 0, 0, 0, 0, 0, 0, 0, 0, 0, 0, 0, 0, 0, 140000, 0, 0, 0, 0, 140000, '2', '7', '7', '0', 'STM0000014'),
('E34E630C8F4E5FE0FCBB95876A3DA2D4', '2014-01-28 17:03:13', 0, 0, 0, 0, 0, 0, 0, 0, 0, 0, 0, 0, 0, 0, 0, 0, 140000, 0, 0, 0, 0, 140000, '2', '7', '7', '0', 'STM0000014'),
('81813CFD3E6FDF05E17B6EDE747D735B', '2014-01-28 17:03:15', 0, 0, 0, 0, 0, 0, 0, 0, 0, 0, 0, 0, 0, 0, 0, 0, 140000, 0, 0, 0, 0, 140000, '2', '7', '7', '0', 'STM0000014'),
('8BD31C6AED585F07CBEF55B08C53C773', '2014-01-28 17:03:18', 0, 0, 0, 0, 0, 0, 0, 0, 0, 0, 0, 0, 0, 0, 0, 0, 140000, 0, 0, 0, 0, 140000, '2', '7', '7', '0', 'STM0000014'),
('FE338F96B8ECC52293FBD1C26CD28856', '2014-01-28 17:08:17', 0, 0, 0, 0, 0, 0, 0, 0, 0, 0, 0, 0, 0, 0, 0, 0, 140000, 0, 0, 0, 0, 140000, '2', '7', '7', '0', 'STM0000086'),
('FE8D09CC81AC5C0096886EBFFC1E85F1', '2014-01-28 17:35:31', 0, 0, 0, 0, 0, 0, 0, 0, 0, 0, 0, 0, 0, 0, 0, 0, 140000, 0, 0, 0, 0, 140000, '2', '7', '7', '0', 'STM0000087'),
('7547D55A7729A5866FD42B2536B25EBA', '2014-01-28 20:13:42', 0, 0, 0, 0, 0, 0, 0, 0, 0, 0, 0, 0, 0, 0, 0, 0, 140000, 0, 0, 0, 0, 140000, '2', '7', '7', '0', 'STM0000088'),
('30F47C854F79C606739613183E78FB80', '2014-01-28 20:27:22', 0, 0, 0, 0, 0, 0, 0, 0, 0, 0, 0, 0, 0, 0, 0, 0, 120000, 0, 0, 0, 0, 120000, '2', '6', '6', '0', 'DVM0000089'),
('658398343D09B4F6E5E36B647FF1C6C3', '2014-01-29 13:13:39', 0, 0, 0, 0, 0, 0, 0, 0, 0, 0, 0, 0, 0, 0, 0, 0, 140000, 0, 0, 0, 0, 140000, '2', '7', '7', '0', 'STM0000090'),
('385B4738DAD0E2305F026BC9E6D62A56', '2014-01-29 16:40:42', 0, 0, 0, 0, 0, 0, 0, 0, 0, 0, 0, 0, 0, 0, 0, 0, 700000, 0, 0, 0, 0, 700000, '2', '3', '3', '0', 'DLX0000091'),
('5281ED9C6379EF7F8E19605890A5DE28', '2014-01-29 16:44:27', 0, 0, 0, 0, 0, 0, 0, 0, 0, 0, 0, 0, 0, 0, 0, 0, 100000, 0, 0, 0, 0, 100000, '1', '5', '5', '0', 'DLX0000092'),
('5095B72A95D35A7A8321CF80D94C4EA0', '2014-02-01 15:08:52', 0, 0, 0, 0, 0, 0, 0, 0, 0, 0, 0, 0, 0, 0, 0, 0, 1000, 0, 0, 0, 0, 1000, '1', '5', '5', '0', 'DVM0000093'),
('113807B11B539E79F281D211C1330941', '2014-02-01 15:13:14', 0, 0, 0, 0, 0, 0, 0, 0, 0, 0, 0, 0, 0, 0, 0, 0, 50000, 0, 0, 0, 0, 50000, '2', '2', '2', '0', 'STD0000094'),
('920A128D3311F41C5BF891B8101A902C', '2014-02-04 13:32:54', 0, 0, 0, 0, 0, 0, 0, 0, 15, 15, 21000, 1, 0, 0, 0, 0, 140000, 0, 21000, 15, 0, 161000, '2', '8', '8', '0', 'STM0000095'),
('46A496BE6A3902DBA0C2724C0AF5ACCF', '2014-02-13 17:24:39', 0, 0, 0, 0, 0, 0, 0, 0, 0, 0, 0, 0, 0, 0, 0, 0, 140000, 0, 0, 0, 0, 140000, '2', '7', '7', '0', 'STM0000096'),
('08F9FBFC5021BAAAFB0461FBBF4344F5', '2014-02-18 15:04:07', 0, 0, 0, 0, 0, 0, 0, 0, 0, 0, 0, 0, 0, 0, 0, 0, 60000, 0, 0, 0, 0, 60000, '1', '3', '3', '0', 'STD0000097'),
('93D14C0FA694A48247C65AAE49E8E953', '2014-02-18 15:16:33', 0, 0, 0, 0, 0, 0, 0, 0, 0, 0, 0, 0, 0, 0, 0, 0, 60000, 0, 0, 0, 0, 60000, '1', '3', '3', '0', 'STD0000098'),
('AF4FCB94A3FC7F4A7966079689CE781F', '2014-02-18 15:18:02', 0, 0, 0, 0, 0, 0, 0, 0, 0, 0, 0, 0, 0, 0, 0, 0, 60000, 0, 0, 0, 0, 60000, '2', '3', '3', '0', 'STD0000099'),
('23B7F1F1E0919E276530EE194F14432E', '2014-02-18 15:25:20', 0, 0, 0, 0, 0, 0, 0, 0, 0, 0, 0, 0, 0, 0, 0, 0, 60000, 0, 0, 0, 0, 60000, '1', '3', '3', '0', 'STD0000100'),
('15DB17D6884834E838698B2481CA28CF', '2014-02-18 15:28:12', 30, 60, 36000, 2, 0, 0, 0, 0, 0, 0, 0, 0, 0, 0, 0, 0, 60000, 0, 36000, 60, 0, 96000, '2', '4', '4', '0', 'STD0000101'),
('46ECEF2CF9CC456E4392BC48C3CBE35C', '2014-02-18 15:34:13', 0, 0, 0, 0, 0, 0, 0, 0, 0, 0, 0, 0, 0, 0, 0, 0, 60000, 0, 0, 0, 0, 60000, '2', '3', '3', '0', 'STD0000102'),
('4FDB98EEA1C3E115D9AB61D31612EAD1', '2014-02-18 15:36:23', 0, 0, 0, 0, 0, 0, 0, 0, 0, 0, 0, 0, 0, 0, 0, 0, 60000, 0, 0, 0, 0, 60000, '2', '3', '3', '0', 'STD0000102'),
('2FE34E3725320A919C07C8BCEE96EDB4', '2014-02-18 16:08:22', 30, 30, 120000, 1, 0, 0, 0, 0, 0, 0, 0, 0, 0, 0, 0, 0, 400000, 0, 120000, 30, 0, 520000, '2', '2', '2', '0', 'STD0000104'),
('DC678048A1FDAABBDF85A969A94FE97F', '2014-02-18 22:01:59', 0, 0, 0, 0, 0, 0, 0, 0, 0, 0, 0, 0, 0, 0, 0, 0, 140000, 0, 0, 0, 0, 140000, '2', '7', '7', '0', 'STM0000105'),
('EEC8ACCF54421464CF9F4CE8965913EB', '2014-02-19 13:50:47', 0, 0, 0, 0, 0, 0, 0, 0, 0, 0, 0, 0, 0, 0, 0, 0, 140000, 0, 0, 0, 0, 140000, '2', '7', '7', '0', 'STM0000106'),
('5EC037DCEDE1991925CD59091154B120', '2014-02-19 14:24:42', 0, 0, 0, 0, 0, 0, 0, 0, 0, 0, 0, 0, 0, 0, 0, 0, 140000, 0, 0, 0, 0, 140000, '2', '7', '7', '0', 'STM0000107'),
('4BE79E520FC5C07C81CBD1FCCBBBF696', '2014-02-19 14:27:14', 0, 0, 0, 0, 0, 0, 0, 0, 0, 0, 0, 0, 0, 0, 0, 0, 140000, 0, 0, 0, 0, 140000, '2', '7', '7', '0', 'STM0000108'),
('E7C31DF6B59E9B4E0FAEF19AF1E1F05E', '2014-02-19 14:42:23', 0, 0, 0, 0, 0, 0, 0, 0, 0, 0, 0, 0, 0, 0, 0, 0, 140000, 0, 0, 0, 0, 140000, '2', '7', '7', '0', 'STM0000109'),
('ED450ED6DB62054DF998F8C7010372B3', '2014-02-19 14:46:28', 0, 0, 0, 0, 0, 0, 0, 0, 0, 0, 0, 0, 0, 0, 0, 0, 140000, 0, 0, 0, 0, 140000, '2', '7', '7', '0', 'STM0000110'),
('ACDD1A33CA52945EA9BEF71A106D8E70', '2014-02-19 14:53:35', 0, 0, 0, 0, 0, 0, 0, 0, 0, 0, 0, 0, 0, 0, 0, 0, 140000, 0, 0, 0, 0, 140000, '2', '7', '7', '0', 'STM0000111'),
('34DDE8E0172C92E86DEBD9666665DFBD', '2014-02-19 15:24:32', 0, 0, 0, 0, 0, 0, 0, 0, 0, 0, 0, 0, 0, 0, 0, 0, 140000, 0, 0, 0, 0, 140000, '2', '7', '7', '0', 'STM0000112'),
('C99623946A1410B3AB59570D944DC0C7', '2014-02-19 15:32:43', 0, 0, 0, 0, 0, 0, 0, 0, 0, 0, 0, 0, 0, 0, 0, 0, 140000, 0, 0, 0, 0, 140000, '2', '7', '7', '0', 'STM0000113'),
('1DAB028D092250B68D2715CBD6439C03', '2014-02-19 15:44:03', 0, 0, 0, 0, 0, 0, 0, 0, 0, 0, 0, 0, 0, 0, 0, 0, 140000, 0, 0, 0, 0, 140000, '2', '7', '7', '0', 'STM0000114'),
('517470ED1F98DB0C5BDF3502B5ED613D', '2014-02-19 15:48:39', 0, 0, 0, 0, 0, 0, 0, 0, 0, 0, 0, 0, 0, 0, 0, 0, 140000, 0, 0, 0, 0, 140000, '2', '7', '7', '0', 'STM0000115'),
('F963F9F4CEDDE974F80F4F56F896115B', '2014-02-19 15:54:46', 0, 0, 0, 0, 0, 0, 0, 0, 0, 0, 0, 0, 0, 0, 0, 0, 140000, 0, 0, 0, 0, 140000, '2', '7', '7', '0', 'STM0000116'),
('722A86F7D6169537DE0FA1C41ED79655', '2014-02-19 18:36:12', 0, 0, 0, 0, 0, 0, 0, 0, 0, 0, 0, 0, 0, 0, 0, 0, 400000, 0, 0, 0, 0, 400000, '2', '2', '2', '0', 'STD0000117'),
('C0342381ECA8DE35CB43A31FF056AF40', '2014-02-19 18:38:18', 0, 0, 0, 0, 0, 0, 0, 0, 0, 0, 0, 0, 0, 0, 0, 0, 400000, 0, 0, 0, 0, 400000, '2', '2', '2', '0', 'STD0000118'),
('271FFFA7F9D7560AD22BA5940161E307', '2014-02-19 18:49:27', 0, 0, 0, 0, 0, 0, 0, 0, 0, 0, 0, 0, 0, 0, 0, 0, 140000, 0, 0, 0, 0, 140000, '2', '7', '7', '0', 'STM0000119'),
('F37CF2401A73992A1E39069FBAA54B53', '2014-02-19 19:00:36', 0, 0, 0, 0, 0, 0, 0, 0, 0, 0, 0, 0, 0, 0, 0, 0, 140000, 0, 0, 0, 0, 140000, '2', '7', '7', '0', 'STM0000120'),
('D6784022C9983CE33585FCFCA28CA5E8', '2014-02-19 19:09:16', 0, 0, 0, 0, 0, 0, 0, 0, 0, 0, 0, 0, 0, 0, 0, 0, 140000, 0, 0, 0, 0, 140000, '2', '7', '7', '0', 'STM0000121'),
('224F0C7BBE5D73513C5E6E3560BE38E3', '2014-02-19 21:41:15', 0, 0, 0, 0, 0, 0, 0, 0, 0, 0, 0, 0, 0, 0, 0, 0, 140000, 0, 0, 0, 0, 140000, '2', '7', '7', '0', 'STM0000122'),
('ADA207EF938661AF101FC7FAA0F39E16', '2014-02-19 21:59:50', 0, 0, 0, 0, 0, 0, 0, 0, 0, 0, 0, 0, 0, 0, 0, 0, 140000, 0, 0, 0, 0, 140000, '2', '7', '7', '0', 'STM0000123'),
('92E40AF82A4A8CE4458BEA8BD1ADF630', '2014-02-20 14:19:59', 0, 0, 0, 0, 0, 0, 0, 0, 0, 0, 0, 0, 0, 0, 0, 0, 140000, 0, 0, 0, 0, 140000, '2', '7', '7', '0', 'STM0000124'),
('4405E01D8DB74C5E4D9927604673510C', '2014-02-20 18:33:37', 0, 0, 0, 0, 0, 0, 0, 0, 15, 15, 36000, 1, 0, 0, 0, 0, 240000, 0, 36000, 15, 0, 276000, '2', '1', '1', '0', 'DVM0000125'),
('71EB7E20BF76496FFAAB895FA25757B2', '2014-02-20 18:35:40', 0, 0, 0, 0, 0, 0, 0, 0, 15, 15, 21000, 1, 0, 0, 0, 0, 140000, 0, 21000, 15, 0, 161000, '2', '8', '8', '0', 'STM0000126'),
('DFAD726CE7F381186F34B8C8E9226B7F', '2014-02-21 23:41:40', 0, 0, 0, 0, 0, 0, 0, 0, 0, 0, 0, 0, 0, 0, 0, 0, 400000, 0, 0, 0, 0, 400000, '2', '2', '2', '0', 'STD0000127'),
('3722E25009E48A9284EFBE137250C75C', '2014-02-26 21:41:53', 30, 60, 72000, 2, 0, 0, 0, 0, 0, 0, 0, 0, 0, 0, 0, 0, 560000, 0, 72000, 60, 0, 632000, '2', '3', '3', '0', 'STM0000128'),
('B7E69FEAF4F914CBA10DB659E8CF144C', '2014-02-28 13:32:24', 0, 0, 0, 0, 0, 0, 0, 0, 0, 0, 0, 0, 0, 0, 0, 0, 200000, 0, 0, 0, 0, 200000, '1', '1', '1', '0', 'DVM0000129'),
('5D917C151FCC7B4BE40B7A5642467B1B', '2014-02-28 13:52:08', 0, 0, 0, 0, 0, 0, 0, 0, 0, 0, 0, 0, 0, 0, 0, 0, 200000, 0, 0, 0, 0, 200000, '2', '1', '1', '0', 'STD0000130'),
('39491C031034A91091AD4F5414C67FA3', '2014-03-14 19:55:28', 30, 30, 58800, 1, 0, 0, 0, 0, 0, 0, 0, 0, 0, 0, 0, 0, 196000, 0, 58800, 30, 0, 254800, '2', '1', '1', '0', 'DLX0000131'),
('11F753E2F5A88867C7BB23C15AA555EA', '2014-03-19 21:01:32', 0, 0, 0, 0, 0, 0, 0, 0, 15, 15, 34875, 1, 0, 0, 0, 0, 232500, 0, 34875, 15, 0, 267375, '2', '1', '1', '0', 'STM0000132'),
('96AEFB43C5954AA35CD9B11BB38FD636', '2014-03-24 18:00:22', 0, 0, 0, 0, 0, 0, 0, 0, 0, 0, 0, 0, 0, 0, 0, 0, 136500, 0, 0, 0, 0, 136500, '1', '6', '6', '0', 'SPR0000133'),
('01B29C1A1D408DCEEC43C8539B4FC717', '2014-03-24 18:48:14', 0, 0, 0, 0, 0, 0, 0, 0, 15, 15, 17775, 1, 0, 0, 0, 0, 118500, 0, 17775, 15, 0, 136275, '1', '6', '6', '0', 'STD0000134'),
('25860D51C9D14BE732E1C641B918329F', '2014-03-26 06:41:11', 0, 0, 0, 0, 0, 0, 0, 0, 0, 0, 0, 0, 0, 0, 0, 0, 79000, 0, 0, 0, 0, 79000, '2', '3', '3', '0', 'STD0000135'),
('1281EE24F75ABE8CC8680E75957639D6', '2014-03-26 06:57:35', 0, 0, 0, 0, 0, 0, 0, 0, 0, 0, 0, 0, 0, 0, 0, 0, 79000, 0, 0, 0, 0, 79000, '1', '3', '3', '0', 'STD0000136'),
('FA483F8D2CE6B5BBCDBEA7DC450C479D', '2014-03-26 06:59:38', 0, 0, 0, 0, 0, 0, 0, 0, 0, 0, 0, 0, 0, 0, 0, 0, 79000, 0, 0, 0, 0, 79000, '1', '3', '3', '0', 'STD0000137'),
('2FA146CE287A0BCB2E914FEC059660FB', '2014-04-03 16:46:25', 0, 0, 0, 0, 0, 0, 0, 0, 0, 0, 0, 0, 0, 0, 0, 0, 307000, 0, 0, 0, 0, 307000, '2', '1', '1', '0', 'STM0000138'),
('DD1BABCF05F56C774A23F9D6E555B072', '2014-04-14 15:43:58', 0, 0, 0, 0, 0, 0, 0, 0, 0, 0, 0, 0, 30, 30, 27300, 1, 91000, 0, 27300, 30, 0, 118300, '1', '5', '5', '0', 'SPR0000139'),
('E7AAA4CA861EC6CC8A0D37EFFDCF0A38', '2014-04-14 15:50:11', 0, 0, 0, 0, 0, 0, 0, 0, 0, 0, 0, 0, 30, 30, 27300, 1, 91000, 0, 27300, 30, 0, 118300, '1', '5', '5', '0', 'SPR0000140'),
('BDE67E29FDB115FB61F88F671EE50ABB', '2014-04-14 15:50:34', 0, 0, 0, 0, 0, 0, 0, 0, 0, 0, 0, 0, 30, 30, 27300, 1, 91000, 0, 27300, 30, 0, 118300, '1', '5', '5', '0', 'SPR0000140'),
('43057E2559B075D6BFD68155C8610ADC', '2014-04-14 15:53:07', 0, 0, 0, 0, 0, 0, 0, 0, 0, 0, 0, 0, 0, 0, 0, 0, 79000, 0, 0, 0, 0, 79000, '2', '3', '3', '0', 'STD0000142'),
('CC787B7A9EBEF48AE10A276F3150406F', '2014-04-14 16:26:52', 0, 0, 0, 0, 0, 0, 0, 0, 0, 0, 0, 0, 0, 0, 0, 0, 79000, 0, 0, 0, 0, 79000, '2', '3', '3', '0', 'STD0000143'),
('8079E6AF68384976A86E68A44B083A9C', '2014-04-14 18:34:39', 30, 30, 27300, 1, 0, 0, 0, 0, 0, 0, 0, 0, 0, 0, 0, 0, 91000, 0, 27300, 30, 0, 118300, '2', '5', '5', '0', 'SPR0000144'),
('3943F40AC499B0BECE907C9949E3FF9F', '2014-04-14 21:43:52', 0, 0, 0, 0, 0, 0, 0, 0, 0, 0, 0, 0, 0, 0, 0, 0, 79000, 0, 0, 0, 0, 79000, '1', '3', '3', '0', 'STD0000145'),
('B775605D97AFA9839FA7EFC6991A9BDE', '2014-04-14 21:45:47', 0, 0, 0, 0, 0, 0, 0, 0, 0, 0, 0, 0, 0, 0, 0, 0, 79000, 0, 0, 0, 0, 79000, '1', '3', '3', '0', 'STD0000146'),
('0BD290D710BDDB38696EA632A1E94642', '2014-04-14 21:48:15', 0, 0, 0, 0, 0, 0, 0, 0, 0, 0, 0, 0, 0, 0, 0, 0, 79000, 0, 0, 0, 0, 79000, '1', '3', '3', '0', 'STD0000147'),
('8DB1B361F3F3AB7E426F240416AE5104', '2014-04-14 21:57:04', 0, 0, 0, 0, 0, 0, 0, 0, 0, 0, 0, 0, 0, 0, 0, 0, 79000, 0, 0, 0, 0, 79000, '1', '3', '3', '0', 'STD0000148'),
('FC2DD84C9A5FD3978BBD8F4230138B81', '2014-04-15 14:41:31', 0, 0, 0, 0, 0, 0, 0, 0, 0, 0, 0, 0, 0, 0, 0, 0, 79000, 0, 0, 0, 0, 79000, '1', '3', '3', '0', 'STD0000149'),
('10E0F040DE9B2D0FAB77FE4450C5B677', '2014-04-15 14:46:52', 0, 0, 0, 0, 0, 0, 0, 0, 0, 0, 0, 0, 0, 0, 0, 0, 79000, 0, 0, 0, 0, 79000, '1', '3', '3', '0', 'STD0000150'),
('EB1621219716061CC71CC74819E72371', '2014-04-15 14:59:10', 0, 0, 0, 0, 0, 0, 0, 0, 0, 0, 0, 0, 0, 0, 0, 0, 79000, 0, 0, 0, 0, 79000, '1', '3', '3', '0', 'STD0000151'),
('4DA5B261EB302C3D0A5FF895BD228772', '2014-04-15 15:01:27', 0, 0, 0, 0, 0, 0, 0, 0, 0, 0, 0, 0, 0, 0, 0, 0, 79000, 0, 0, 0, 0, 79000, '1', '3', '3', '0', 'STD0000152'),
('645FD7C6F368238FDE36D771A79E9CE8', '2014-04-15 15:03:06', 0, 0, 0, 0, 0, 0, 0, 0, 0, 0, 0, 0, 0, 0, 0, 0, 79000, 0, 0, 0, 0, 79000, '1', '3', '3', '0', 'STD0000153'),
('A09ACD0A88506CFA6F424A7C9D9D48B3', '2014-04-15 15:12:20', 0, 0, 0, 0, 0, 0, 0, 0, 0, 0, 0, 0, 0, 0, 0, 0, 79000, 0, 0, 0, 0, 79000, '1', '3', '3', '0', 'STD0000154'),
('1DB2EC09FD69A5ED026FD26000CEC71F', '2014-04-15 15:22:38', 0, 0, 0, 0, 0, 0, 0, 0, 0, 0, 0, 0, 0, 0, 0, 0, 79000, 0, 0, 0, 0, 79000, '1', '3', '3', '0', 'STD0000155'),
('BD23C4E1E173A4BDDD5084EA6AA21E2B', '2014-04-15 15:26:36', 0, 0, 0, 0, 0, 0, 0, 0, 0, 0, 0, 0, 0, 0, 0, 0, 79000, 0, 0, 0, 0, 79000, '1', '3', '3', '0', 'STD0000156'),
('AB56EF6ADA213621C7F2427ABF4EA52F', '2014-04-15 15:30:14', 0, 0, 0, 0, 0, 0, 0, 0, 0, 0, 0, 0, 0, 0, 0, 0, 79000, 0, 0, 0, 0, 79000, '1', '3', '3', '0', 'STD0000157'),
('584746301DF53E37BF696A1F0DBFC509', '2014-04-17 13:30:44', 0, 0, 0, 0, 0, 0, 0, 0, 0, 0, 0, 0, 0, 0, 0, 0, 112000, 0, 0, 0, 0, 112000, '1', '5', '5', '0', 'DVM0000158'),
('FCAD11592E768372A30CE663C4741EF1', '2014-04-17 13:36:39', 0, 0, 0, 0, 0, 0, 0, 0, 15, 15, 22800, 1, 0, 0, 0, 0, 152000, 0, 22800, 15, 0, 174800, '2', '8', '8', '0', 'STM0000159'),
('48CDA3478E910AB76B02E8936C80DD38', '2014-04-17 14:36:52', 30, 30, 45600, 1, 0, 0, 0, 0, 0, 0, 0, 0, 0, 0, 0, 0, 152000, 0, 45600, 30, 0, 197600, '1', '9', '9', '0', 'STM0000160'),
('BADAC65630FBB7212BBDA177E4489D61', '2014-04-17 14:46:02', 0, 0, 0, 0, 0, 0, 0, 0, 0, 0, 0, 0, 0, 0, 0, 0, 229500, 0, 0, 0, 0, 229500, '1', '1', '1', '0', 'STM0000161'),
('8BE79C1BF7441461B85C3AE36CD12219', '2014-04-21 00:06:42', 0, 0, 0, 0, 0, 0, 0, 0, 0, 0, 0, 0, 0, 0, 0, 0, 0, 0, 0, 0, 0, 0, '', '', '', '0', 'STM0000162'),
('40A087024C38B3FC195E0BD45A24150A', '2014-04-21 15:28:17', 0, 0, 0, 0, 0, 0, 0, 0, 0, 0, 0, 0, 0, 0, 0, 0, 79000, 0, 0, 0, 0, 79000, '2', '3', '3', '0', 'STD0000163'),
('B215A8DC6C477A216928A1F5714D4A0E', '2014-04-21 15:30:55', 0, 0, 0, 0, 0, 0, 0, 0, 0, 0, 0, 0, 0, 0, 0, 0, 79000, 0, 0, 0, 0, 79000, '2', '3', '3', '0', 'STD0000164'),
('2FB4FBEDF4AB45808B41C393A70F0B21', '2014-04-21 18:43:21', 0, 0, 0, 0, 0, 0, 0, 0, 0, 0, 0, 0, 0, 0, 0, 0, 79000, 0, 0, 0, 0, 79000, '2', '3', '3', '0', 'STD0000165'),
('CC3F7027520B39087EC7B49975168C5A', '2014-04-21 19:49:55', 0, 0, 0, 0, 0, 0, 0, 0, 0, 0, 0, 0, 0, 0, 0, 0, 79000, 0, 0, 0, 0, 79000, '2', '3', '3', '0', 'STD0000166'),
('E5C0E853A8A21C01BEE10DF26F5C30DB', '2014-04-21 19:58:22', 0, 0, 0, 0, 0, 0, 0, 0, 0, 0, 0, 0, 0, 0, 0, 0, 155000, 0, 0, 0, 0, 155000, '2', '7', '7', '0', 'STM0000167'),
('D3577AAA96F49017B999869901C21BF0', '2014-04-21 20:00:50', 30, 30, 46500, 1, 0, 0, 0, 0, 0, 0, 0, 0, 0, 0, 0, 0, 155000, 0, 46500, 30, 0, 201500, '2', '1', '1', '0', 'STM0000168'),
('0186BAEA8688F9BA71061CAD3BAB11BB', '2014-04-21 20:15:26', 0, 0, 0, 0, 0, 0, 0, 0, 0, 0, 0, 0, 0, 0, 0, 0, 79000, 0, 0, 0, 0, 79000, '2', '3', '3', '0', 'STD0000169'),
('8D070DC8ACB6B0E29E248A2AB742455D', '2014-04-24 16:05:08', 0, 0, 0, 0, 0, 0, 0, 0, 0, 0, 0, 0, 0, 0, 0, 0, 82000, 0, 0, 0, 0, 82000, '2', '4', '4', '0', 'STD0000170'),
('4E4599067FD37E3EEB3C022CE30E7336', '2014-04-28 18:12:24', 0, 0, 0, 0, 0, 0, 0, 0, 0, 0, 0, 0, 0, 0, 0, 0, 79000, 0, 0, 0, 0, 79000, '2', '3', '3', '0', 'STD0000171'),
('5C6AA308C789671848B48CB974AB6A66', '2014-04-28 18:15:24', 0, 0, 0, 0, 0, 0, 0, 0, 0, 0, 0, 0, 0, 0, 0, 0, 79000, 0, 0, 0, 0, 79000, '2', '3', '3', '0', 'STD0000172'),
('23F4FE0DA8365E997E69ACF9DF08EF3A', '2014-04-28 18:16:07', 0, 0, 0, 0, 0, 0, 0, 0, 0, 0, 0, 0, 0, 0, 0, 0, 79000, 0, 0, 0, 0, 79000, '2', '3', '3', '0', 'STD0000172'),
('02FD2DBA4CA11A4AA7EEF3901205035F', '2014-04-28 18:21:23', 0, 0, 0, 0, 0, 0, 0, 0, 0, 0, 0, 0, 0, 0, 0, 0, 39500, 0, 0, 0, 0, 39500, '2', '1', '1', '0', 'STD0000174'),
('67F36940081148B34BE391D08190867C', '2014-04-28 18:23:01', 0, 0, 0, 0, 0, 0, 0, 0, 0, 0, 0, 0, 0, 0, 0, 0, 39500, 0, 0, 0, 0, 39500, '2', '1', '1', '0', 'STD0000175'),
('600D5111DD6738F7C8FF1E7B7ADF1DFD', '2014-04-28 19:30:03', 0, 0, 0, 0, 0, 0, 0, 0, 0, 0, 0, 0, 0, 0, 0, 0, 39500, 0, 0, 0, 0, 39500, '2', '1', '1', '0', 'STD0000176'),
('57E9ED3922A23D9E2DB2D04EC21AC608', '2014-04-28 20:02:03', 0, 0, 0, 0, 0, 0, 0, 0, 0, 0, 0, 0, 0, 0, 0, 0, 39500, 0, 0, 0, 0, 39500, '2', '1', '1', '0', 'STD0000177'),
('13726AECAA69C9A4551D8197AB8BF853', '2014-04-29 15:04:15', 0, 0, 0, 0, 0, 0, 0, 0, 0, 0, 0, 0, 0, 0, 0, 0, 0, 0, 0, 0, 0, 0, '', '', '', '0', 'STD0000178'),
('AC21A3455A91A1E1319D74C76967CC17', '2014-04-29 17:56:53', 0, 0, 0, 0, 0, 0, 0, 0, 0, 0, 0, 0, 0, 0, 0, 0, 0, 0, 0, 0, 0, 0, '', '', '', '0', '0000000179'),
('1C9FD4F413F2EF88D843E5CD228F8CF5', '2014-04-29 18:00:08', 0, 0, 0, 0, 0, 0, 0, 0, 0, 0, 0, 0, 0, 0, 0, 0, 0, 0, 0, 0, 0, 0, '', '', '', '0', '0000000180'),
('4B2F56FAF7F2C39ED5AEB734D7EDB05B', '2014-04-29 18:02:06', 0, 0, 0, 0, 0, 0, 0, 0, 0, 0, 0, 0, 0, 0, 0, 0, 0, 0, 0, 0, 0, 0, '', '', '', '0', '0000000181'),
('592282F5DD203F8D2FE7D5CB6CDCEDA7', '2014-04-29 18:02:53', 0, 0, 0, 0, 0, 0, 0, 0, 0, 0, 0, 0, 0, 0, 0, 0, 0, 0, 0, 0, 0, 0, '', '', '', '0', '0000000182'),
('71F428E846409DAD4B3211DEE085F627', '2014-04-29 18:10:17', 0, 0, 0, 0, 0, 0, 0, 0, 0, 0, 0, 0, 0, 0, 0, 0, 0, 0, 0, 0, 0, 0, '', '', '', '0', '0000000183'),
('E2922F93B15431B0552FFB9851C74598', '2014-04-29 18:12:42', 0, 0, 0, 0, 0, 0, 0, 0, 0, 0, 0, 0, 0, 0, 0, 0, 0, 0, 0, 0, 0, 0, '', '', '', '0', '0000000184'),
('6A8CC921A5F698D2A4D8540224FA5AFF', '2014-04-29 18:13:20', 0, 0, 0, 0, 0, 0, 0, 0, 0, 0, 0, 0, 0, 0, 0, 0, 0, 0, 0, 0, 0, 0, '', '', '', '0', '0000000185'),
('55CC858B4B005C6FF014C70328B8F6F2', '2014-04-29 18:14:19', 0, 0, 0, 0, 0, 0, 0, 0, 0, 0, 0, 0, 0, 0, 0, 0, 0, 0, 0, 0, 0, 0, '', '', '', '0', '0000000186'),
('3DDD459C8A6D2861C24A01B8CF888666', '2014-04-29 18:22:25', 0, 0, 0, 0, 0, 0, 0, 0, 0, 0, 0, 0, 0, 0, 0, 0, 0, 0, 0, 0, 0, 0, '', '', '', '0', '0000000187'),
('27BE0D583047BC24AC6FB1450F1DD8B6', '2014-04-29 19:14:20', 0, 0, 0, 0, 0, 0, 0, 0, 0, 0, 0, 0, 0, 0, 0, 0, 0, 0, 0, 0, 0, 0, '', '', '', '0', '0000000188'),
('17EB58ED0C842BC50DD10098C60AA639', '2014-04-29 19:14:58', 0, 0, 0, 0, 0, 0, 0, 0, 0, 0, 0, 0, 0, 0, 0, 0, 0, 0, 0, 0, 0, 0, '', '', '', '0', '0000000189'),
('8AC4F5DE0C24A6265BC6AAEE002F3B00', '2014-04-29 19:19:51', 0, 0, 0, 0, 0, 0, 0, 0, 0, 0, 0, 0, 0, 0, 0, 0, 0, 0, 0, 0, 0, 0, '', '', '', '0', '0000000190'),
('D9C3A6579E10B572D9CC63B8ED77698D', '2014-04-29 19:21:30', 0, 0, 0, 0, 0, 0, 0, 0, 0, 0, 0, 0, 0, 0, 0, 0, 0, 0, 0, 0, 0, 0, '', '', '', '0', '0000000191'),
('6A459532DB4AF5CC51AC7FC3E48C8273', '2014-04-29 19:27:17', 0, 0, 0, 0, 0, 0, 0, 0, 0, 0, 0, 0, 0, 0, 0, 0, 0, 0, 0, 0, 0, 0, '', '', '', '0', ''),
('6F71DE6FEF117C7834B74E1AE3D9C028', '2014-04-29 19:34:01', 0, 0, 0, 0, 0, 0, 0, 0, 0, 0, 0, 0, 0, 0, 0, 0, 0, 0, 0, 0, 0, 0, '', '', '', '0', 'STD0000193'),
('B13E7D899FD790D1561CC39E33BCBEE3', '2014-04-29 19:41:36', 0, 0, 0, 0, 0, 0, 0, 0, 0, 0, 0, 0, 0, 0, 0, 0, 0, 0, 0, 0, 0, 0, '', '', '', '0', '0000000194'),
('ECEC677CB64A5E9FB0D695C97CF2BC25', '2014-04-29 19:42:28', 0, 0, 0, 0, 0, 0, 0, 0, 0, 0, 0, 0, 0, 0, 0, 0, 0, 0, 0, 0, 0, 0, '', '', '', '0', '0000000195'),
('AC4ECB6568642A6DE6BB0431FA430925', '2014-04-29 19:43:26', 0, 0, 0, 0, 0, 0, 0, 0, 0, 0, 0, 0, 0, 0, 0, 0, 0, 0, 0, 0, 0, 0, '', '', '', '0', '0000000196'),
('0252F25D09F1C9B9A8327BA3AB69C548', '2014-04-29 20:07:47', 0, 0, 0, 0, 0, 0, 0, 0, 0, 0, 0, 0, 0, 0, 0, 0, 0, 0, 0, 0, 0, 0, '', '', '', '0', 'STD0000197'),
('8AD4C6A532C1E20EC17A990E48BF5C88', '2014-04-29 20:17:32', 0, 0, 0, 0, 0, 0, 0, 0, 0, 0, 0, 0, 0, 0, 0, 0, 0, 0, 0, 0, 0, 0, '', '', '', '0', 'STD0000198'),
('3F0806079321BB900F2AF9B5980E8961', '2014-04-29 20:43:08', 0, 0, 0, 0, 0, 0, 0, 0, 0, 0, 0, 0, 0, 0, 0, 0, 39500, 0, 0, 0, 0, 39500, '2', '1', '1', '0', 'STD0000199'),
('44A829156B9520A9862AA4C243CB8B41', '2014-04-29 20:44:41', 0, 0, 0, 0, 0, 0, 0, 0, 0, 0, 0, 0, 0, 0, 0, 0, 39500, 0, 0, 0, 0, 39500, '2', '1', '1', '0', 'STD0000200'),
('638F10F0D07C3A96565A6C8CF4D7C13B', '2014-04-29 20:50:26', 0, 0, 0, 0, 0, 0, 0, 0, 0, 0, 0, 0, 0, 0, 0, 0, 39500, 0, 0, 0, 0, 39500, '2', '1', '1', '0', 'STD0000201'),
('D2B9121D8A919A8580E8242A81192D8F', '2014-04-29 21:08:50', 0, 0, 0, 0, 0, 0, 0, 0, 0, 0, 0, 0, 0, 0, 0, 0, 39500, 0, 0, 0, 0, 39500, '2', '1', '1', '0', 'STD0000202'),
('F3867B5149AA4B63F1811C6FCAFE5A91', '2014-04-29 21:32:45', 0, 0, 0, 0, 0, 0, 0, 0, 0, 0, 0, 0, 0, 0, 0, 0, 39500, 0, 0, 0, 0, 39500, '2', '1', '1', '0', 'STD0000203'),
('064B2BB9459726FB54271C265424D79C', '2014-04-29 21:39:20', 0, 0, 0, 0, 0, 0, 0, 0, 0, 0, 0, 0, 0, 0, 0, 0, 39500, 0, 0, 0, 0, 39500, '2', '1', '1', '0', 'STD0000204'),
('7A264E3D403C7596BB407F551D589882', '2014-04-30 13:59:49', 0, 0, 0, 0, 0, 0, 0, 0, 0, 0, 0, 0, 0, 0, 0, 0, 39500, 0, 0, 0, 0, 39500, '2', '1', '1', '0', 'STD0000205'),
('4107FCE528BB1A3DFD305C334DEB2916', '2014-05-07 18:08:55', 0, 0, 0, 0, 0, 0, 0, 0, 0, 0, 0, 0, 30, 60, 22500, 2, 37500, 0, 22500, 60, 0, 60000, '2', '3', '3', '0', 'SPR0000206'),
('B63A095C17F9582996F69D719B8BE86D', '2014-05-07 18:17:37', 30, 30, 52500, 1, 0, 0, 0, 0, 0, 0, 0, 0, 0, 0, 0, 0, 175000, 0, 52500, 30, 0, 227500, '2', '1', '1', '0', 'DLX0000207'),
('466D50C3D051BFD55A8257CC4CCF5331', '2014-05-07 21:16:44', 0, 0, 0, 0, 0, 0, 0, 0, 0, 0, 0, 0, 0, 0, 0, 0, 0, 0, 0, 0, 0, 0, '', '', '', '0', 'STM0000208'),
('A4157746E4859F8FD4276DC5208600E3', '2014-05-07 21:18:31', 0, 0, 0, 0, 0, 0, 0, 0, 0, 0, 0, 0, 0, 0, 0, 0, 74500, 0, 0, 0, 0, 74500, '2', '3', '3', '0', 'STM0000209'),
('E3CC857816465BDF51848D6D677E77D2', '2014-05-08 21:07:15', 0, 0, 0, 0, 0, 0, 0, 0, 0, 0, 0, 0, 0, 0, 0, 0, 34500, 0, 0, 0, 0, 34500, '2', '1', '1', '0', 'STD0000210'),
('04187BCB690102D19C757E9E221188E9', '2014-05-09 14:20:25', 0, 0, 0, 0, 0, 0, 0, 0, 0, 0, 0, 0, 0, 0, 0, 0, 39500, 0, 0, 0, 0, 39500, '2', '1', '1', '0', 'STD0000211'),
('AA31F1709DACED7B6204ABB1561765E6', '2014-05-09 14:35:54', 0, 0, 0, 0, 0, 0, 0, 0, 0, 0, 0, 0, 0, 0, 0, 0, 39500, 0, 0, 0, 0, 39500, '2', '1', '1', '0', 'STD0000212'),
('45F25FB68DE2A436951686DEC8135C52', '2014-05-09 15:50:13', 0, 0, 0, 0, 0, 0, 0, 0, 0, 0, 0, 0, 0, 0, 0, 0, 39500, 0, 0, 0, 0, 39500, '2', '1', '1', '0', 'STD0000213'),
('BC9E47D391491944470D2DC7B9BEE60A', '2014-05-09 17:36:07', 0, 0, 0, 0, 0, 0, 0, 0, 0, 0, 0, 0, 0, 0, 0, 0, 39500, 0, 0, 0, 0, 39500, '2', '1', '1', '0', 'STD0000214'),
('0BF2543EB2133B39E56535C806FEE15C', '2014-05-09 19:05:56', 0, 0, 0, 0, 0, 0, 0, 0, 0, 0, 0, 0, 0, 0, 0, 0, 39500, 0, 0, 0, 0, 39500, '2', '1', '1', '0', 'STD0000215'),
('AC30208DF4040360BBCE352D20FBF090', '2014-05-09 19:20:56', 0, 0, 0, 0, 0, 0, 0, 0, 0, 0, 0, 0, 0, 0, 0, 0, 39500, 0, 0, 0, 0, 39500, '2', '1', '1', '0', 'STD0000216'),
('FE87F0266CF570799F005A666B586F69', '2014-05-09 20:53:44', 0, 0, 0, 0, 0, 0, 0, 0, 0, 0, 0, 0, 0, 0, 0, 0, 39500, 0, 0, 0, 0, 39500, '2', '1', '1', '0', 'STD0000217'),
('79AF4FA10F9599DFB4D0AF4E58C4DDCC', '2014-05-09 21:04:52', 0, 0, 0, 0, 0, 0, 0, 0, 0, 0, 0, 0, 0, 0, 0, 0, 39500, 0, 0, 0, 0, 39500, '2', '1', '1', '0', 'STD0000218'),
('95EC1E4F28F90FF8244AED9776ACE692', '2014-05-09 21:07:59', 0, 0, 0, 0, 0, 0, 0, 0, 0, 0, 0, 0, 0, 0, 0, 0, 39500, 0, 0, 0, 0, 39500, '2', '1', '1', '0', 'STD0000219'),
('E8F5F1B3CF86149D9EE20F43631A488E', '2014-05-09 21:08:56', 0, 0, 0, 0, 0, 0, 0, 0, 0, 0, 0, 0, 0, 0, 0, 0, 200000, 0, 0, 0, 0, 200000, '2', '1', '1', '0', 'STD0000220'),
('425FD8AB5DD493A1D87CB24B8732E266', '2014-05-09 21:10:25', 0, 0, 0, 0, 0, 0, 0, 0, 0, 0, 0, 0, 0, 0, 0, 0, 39500, 0, 0, 0, 0, 39500, '2', '1', '1', '0', 'STD0000221'),
('2230AB3849B17A5D242A77ECB25070CF', '2014-05-09 21:13:56', 0, 0, 0, 0, 0, 0, 0, 0, 0, 0, 0, 0, 0, 0, 0, 0, 39500, 0, 0, 0, 0, 39500, '2', '1', '1', '0', 'STD0000222'),
('00E6858A23104660F0F8788DC1737594', '2014-05-09 21:17:57', 0, 0, 0, 0, 0, 0, 0, 0, 0, 0, 0, 0, 30, 30, 25500, 1, 85000, 0, 25500, 30, 0, 110500, '2', '5', '5', '0', 'SPR0000222'),
('08353AB415F8AB5FC1B69179A05A9F18', '2014-05-09 21:19:26', 0, 0, 0, 0, 0, 0, 0, 0, 0, 0, 0, 0, 0, 0, 0, 0, 200000, 0, 0, 0, 0, 200000, '2', '1', '1', '0', 'STD0000224'),
('484B8DF717C0203B0B657AC56A9F47EA', '2014-05-12 15:49:41', 0, 0, 0, 0, 0, 0, 0, 0, 0, 0, 0, 0, 0, 0, 0, 0, 34500, 0, 0, 0, 0, 34500, '2', '1', '1', '0', 'STD0000225'),
('C49CDE074E51C47AD26C08AD6C29AF53', '2014-05-12 15:55:39', 0, 0, 0, 0, 0, 0, 0, 0, 0, 0, 0, 0, 0, 0, 0, 0, 34500, 0, 0, 0, 0, 34500, '2', '1', '1', '0', 'STD0000226'),
('7825639A2B40D3D42A03788F5595CBDE', '2014-05-13 14:23:06', 0, 0, 0, 0, 0, 0, 0, 0, 0, 0, 0, 0, 0, 0, 0, 0, 85000, 0, 0, 0, 0, 85000, '2', '4', '4', '0', 'DLX0000227'),
('D6ABE6BC9C5C27FACDBCF3DD844C2F3F', '2014-05-13 14:27:36', 0, 0, 0, 0, 0, 0, 0, 0, 0, 0, 0, 0, 0, 0, 0, 0, 85000, 0, 0, 0, 0, 85000, '2', '4', '4', '0', 'DLX0000228'),
('18135E34C6EE6848F6BFD41364258293', '2014-05-13 14:30:14', 0, 0, 0, 0, 0, 0, 0, 0, 15, 15, 12750, 1, 0, 0, 0, 0, 85000, 0, 12750, 15, 0, 97750, '2', '4', '4', '0', 'DLX0000229'),
('E4EA702FAD36C1E2F09CDD6B8A6500B4', '2014-05-13 14:33:18', 0, 0, 0, 0, 0, 0, 0, 0, 0, 0, 0, 0, 0, 0, 0, 0, 85000, 0, 0, 0, 0, 85000, '2', '4', '4', '0', 'DLX0000230'),
('E0894954191A27422655B434DADE312C', '2014-05-13 14:42:29', 30, 30, 25500, 1, 0, 0, 0, 0, 0, 0, 0, 0, 0, 0, 0, 0, 85000, 0, 25500, 30, 0, 110500, '2', '5', '5', '0', 'DLX0000231'),
('7EA7AA850B96871C43C360460DF871F8', '2014-05-13 14:45:44', 0, 0, 0, 0, 0, 0, 0, 0, 0, 0, 0, 0, 0, 0, 0, 0, 85000, 0, 0, 0, 0, 85000, '2', '4', '4', '0', 'DLX0000232'),
('3345E9906115756F5FADB58966AC252F', '2014-05-13 14:48:34', 0, 0, 0, 0, 0, 0, 0, 0, 0, 0, 0, 0, 0, 0, 0, 0, 74500, 0, 0, 0, 0, 74500, '2', '3', '3', '0', 'STM0000233'),
('461CB5A92FAB3D725758CCD79488AD69', '2014-05-13 14:53:18', 30, 30, 11250, 1, 0, 0, 0, 0, 0, 0, 0, 0, 0, 0, 0, 0, 37500, 0, 11250, 30, 0, 48750, '2', '2', '2', '0', 'SPR0000234'),
('DBB6E588238C8A6CEA129D47C8523D8F', '2014-05-13 15:41:50', 0, 0, 0, 0, 0, 0, 0, 0, 0, 0, 0, 0, 0, 0, 0, 0, 37500, 0, 0, 0, 0, 37500, '2', '1', '1', '0', 'SPR0000235'),
('B7F9B0C1B20437F4D977656CCC85BC35', '2014-05-13 18:36:30', 30, 30, 44700, 1, 0, 0, 0, 0, 0, 0, 0, 0, 0, 0, 0, 0, 149000, 0, 44700, 30, 0, 193700, '2', '9', '9', '0', 'STM0000236'),
('0B1F311C04519DBFECEEDD843D1F88AE', '2014-05-13 18:51:23', 0, 0, 0, 0, 0, 0, 0, 0, 0, 0, 0, 0, 0, 0, 0, 0, 74500, 0, 0, 0, 0, 74500, '2', '3', '3', '0', 'STM0000237'),
('207FFEB3E052E14BEBCAE10A8558D7C2', '2014-05-14 09:58:09', 0, 0, 0, 0, 0, 0, 0, 0, 0, 0, 0, 0, 0, 0, 0, 0, 74500, 0, 0, 0, 0, 74500, '2', '3', '3', '0', 'STM0000238'),
('DD9A21D267399D4D37AF2BBCB93E7B3A', '2014-05-14 10:20:40', 0, 0, 0, 0, 0, 0, 0, 0, 0, 0, 0, 0, 0, 0, 0, 0, 54500, 0, 0, 0, 0, 54500, '2', '2', '2', '0', 'DVM0000239'),
('1D9830F3A544C1E407AF8D71CC75A23B', '2014-05-14 10:25:57', 0, 0, 0, 0, 0, 0, 0, 0, 0, 0, 0, 0, 0, 0, 0, 0, 54500, 0, 0, 0, 0, 54500, '2', '2', '2', '0', 'DVM0000240'),
('EA5A6F36390780D7A040AFFF6B12A342', '2014-05-14 10:29:05', 0, 0, 0, 0, 0, 0, 0, 0, 0, 0, 0, 0, 0, 0, 0, 0, 54500, 0, 0, 0, 0, 54500, '2', '2', '2', '0', 'DVM0000241'),
('38C089789CA9BE4A7403D95C338BB686', '2014-05-14 10:32:48', 0, 0, 0, 0, 0, 0, 0, 0, 0, 0, 0, 0, 0, 0, 0, 0, 37500, 0, 0, 0, 0, 37500, '2', '1', '1', '0', 'SPR0000242'),
('6343455A0FA4407712FAB997A8777A9F', '2014-05-14 10:40:42', 0, 0, 0, 0, 0, 0, 0, 0, 0, 0, 0, 0, 0, 0, 0, 0, 37500, 0, 0, 0, 0, 37500, '2', '1', '1', '0', 'SPR0000243'),
('AADB492F3D3A3B97D1138FF53954F0E8', '2014-05-14 17:07:00', 0, 0, 0, 0, 0, 0, 0, 0, 0, 0, 0, 0, 0, 0, 0, 0, 75000, 0, 0, 0, 0, 75000, '2', '3', '3', '0', 'SPR0000244'),
('FF8EDB625995468B51365F300ECF074F', '2014-05-14 17:15:37', 30, 30, 44700, 1, 0, 0, 0, 0, 0, 0, 0, 0, 0, 0, 0, 0, 149000, 0, 44700, 30, 0, 193700, '2', '9', '9', '0', 'STM0000245'),
('475186F0B75B6CA850F05FD93060D840', '2014-05-14 17:49:36', 0, 0, 0, 0, 0, 0, 0, 0, 0, 0, 0, 0, 0, 0, 0, 0, 34500, 0, 0, 0, 0, 34500, '2', '1', '1', '0', 'STD0000246'),
('02A9DAD98DBB34CF700286AA4E7AF0F3', '2014-05-16 13:57:48', 0, 0, 0, 0, 0, 0, 0, 0, 0, 0, 0, 0, 0, 0, 0, 0, 0, 0, 0, 0, 0, 0, '', '', '', '0', 'STM0000247'),
('33D7B045D7D1DACC5DC2BE34F77A5977', '2014-05-17 16:20:22', 30, 60, 29700, 2, 0, 0, 0, 0, 0, 0, 0, 0, 0, 0, 0, 0, 49500, 0, 29700, 60, 0, 79200, '2', '3', '3', '0', 'DVM0000248'),
('88903BA17F2C335440023E1262B54F7C', '2014-05-17 19:21:49', 30, 30, 14850, 1, 0, 0, 0, 0, 0, 0, 0, 0, 0, 0, 0, 0, 49500, 0, 14850, 30, 0, 64350, '2', '3', '3', '0', 'DVM0000249'),
('0B3E85FF9103C0B52E2856E6CF243048', '2014-05-17 19:56:09', 0, 0, 0, 0, 0, 0, 0, 0, 0, 0, 0, 0, 0, 0, 0, 0, 0, 0, 0, 0, 0, 0, '', '', '', '0', 'DVM0000250'),
('45BDBC09EF7C22662A8F9FE22AFC3D01', '2014-05-24 15:18:15', 0, 0, 0, 0, 0, 0, 0, 0, 0, 0, 0, 0, 0, 0, 0, 0, 39500, 0, 0, 0, 0, 39500, '2', '1', '1', '0', 'STD0000251'),
('19369D6843EF01705ED98F35EE2EC250', '2014-05-26 15:49:48', 0, 0, 0, 0, 0, 0, 0, 0, 0, 0, 0, 0, 0, 0, 0, 0, 0, 0, 0, 0, 0, 0, '', '', '', '0', 'STM0000252'),
('6021716D6EF8E80A6F30DCA7803BA29C', '2014-05-26 15:53:57', 0, 0, 0, 0, 0, 0, 0, 0, 0, 0, 0, 0, 0, 0, 0, 0, 298000, 0, 0, 0, 0, 298000, '2', '1', '1', '0', 'STM0000253'),
('547480A478FAB03D350545109BEAB33F', '2014-05-26 15:56:21', 0, 0, 0, 0, 0, 0, 0, 0, 0, 0, 0, 0, 0, 0, 0, 0, 218500, 0, 0, 0, 0, 218500, '2', '1', '1', '0', 'STM0000254'),
('1267E258F63169E77415B8DCB4663C62', '2014-05-27 16:35:29', 0, 0, 0, 0, 0, 0, 0, 0, 0, 0, 0, 0, 0, 0, 0, 0, 34500, 0, 0, 0, 0, 34500, '2', '1', '1', '0', 'STD0000255'),
('F606399B174BCED158F474338C5041C4', '2014-05-28 20:46:59', 0, 0, 0, 0, 0, 0, 0, 0, 0, 0, 0, 0, 0, 0, 0, 0, 109000, 0, 0, 0, 0, 109000, '2', '5', '5', '0', 'DVM0000256'),
('A9B055BB5ACB1B5F0BB5A6B4D741A653', '2014-05-28 20:50:29', 0, 0, 0, 0, 0, 0, 0, 0, 0, 0, 0, 0, 0, 0, 0, 0, 149000, 0, 0, 0, 0, 149000, '2', '7', '7', '0', 'STM0000257'),
('F41662490FA247B457FBB6E4EBC39770', '2014-05-29 17:00:43', 0, 0, 0, 0, 0, 0, 0, 0, 0, 0, 0, 0, 0, 0, 0, 0, 37500, 0, 0, 0, 0, 37500, '2', '1', '1', '0', 'SPR0000001'),
('1940034320A2A8DF97E50D6196D538B3', '2014-05-29 19:27:32', 0, 0, 0, 0, 0, 0, 0, 0, 0, 0, 0, 0, 0, 0, 0, 0, 79000, 0, 0, 0, 0, 79000, '2', '3', '3', '0', 'STD0000002'),
('6D162CA0B1FB3A3D3235301F239EA273', '2014-05-29 19:35:48', 0, 0, 0, 0, 0, 0, 0, 0, 0, 0, 0, 0, 30, 30, 41700, 1, 139000, 0, 41700, 30, 0, 180700, '2', '9', '9', '0', 'STM0000003'),
('027DDDEF426A7674DBEB9436BA9DE556', '2014-05-29 19:46:07', 0, 0, 0, 0, 0, 0, 0, 0, 0, 0, 0, 0, 0, 0, 0, 0, 79000, 0, 0, 0, 0, 79000, '2', '3', '3', '0', 'STD0000004'),
('BE890DCCAA3A9EFC1E92AF12D4ACDC38', '2014-05-29 19:46:47', 0, 0, 0, 0, 0, 0, 0, 0, 0, 0, 0, 0, 0, 0, 0, 0, 79000, 0, 0, 0, 0, 79000, '2', '3', '3', '0', 'STD0000005'),
('8B20980BEFA8372BC267213C8112788D', '2014-05-29 19:47:31', 0, 0, 0, 0, 0, 0, 0, 0, 0, 0, 0, 0, 0, 0, 0, 0, 79000, 0, 0, 0, 0, 79000, '2', '3', '3', '0', 'STD0000006'),
('2F96EC2456221596E11F00073ADBFBF2', '2014-05-29 19:51:23', 0, 0, 0, 0, 0, 0, 0, 0, 0, 0, 0, 0, 0, 0, 0, 0, 79000, 0, 0, 0, 0, 79000, '2', '3', '3', '0', 'STD0000007'),
('9A2F416C00DEFE61582A8D86242AB286', '2014-05-29 19:51:42', 0, 0, 0, 0, 0, 0, 0, 0, 0, 0, 0, 0, 0, 0, 0, 0, 79000, 0, 0, 0, 0, 79000, '2', '3', '3', '0', 'STD0000008'),
('E7FFDE2B601B6DC162A523AE1AB79E35', '2014-05-29 19:57:31', 0, 0, 0, 0, 0, 0, 0, 0, 0, 0, 0, 0, 30, 30, 28500, 1, 95000, 0, 28500, 30, 0, 123500, '2', '6', '6', '0', 'DLX0000009'),
('BEFEE244AB4593CB4B75B230D6F41A12', '2014-05-29 19:59:46', 0, 0, 0, 0, 0, 0, 0, 0, 15, 15, 14250, 1, 0, 0, 0, 0, 95000, 0, 14250, 15, 0, 109250, '2', '5', '5', '0', 'DLX0000010'),
('E7F7287DD0C84C55D0990FE03A9CB235', '2014-06-02 13:40:18', 0, 0, 0, 0, 0, 0, 0, 0, 0, 0, 0, 0, 0, 0, 0, 0, 34500, 0, 0, 0, 0, 34500, '2', '1', '1', '0', 'STD0000011'),
('A0516DFB3F5AC1EC9610E0A7C5BA339B', '2014-06-03 12:45:40', 0, 0, 0, 0, 0, 0, 0, 0, 0, 0, 0, 0, 0, 0, 0, 0, 85000, 0, 0, 0, 0, 85000, '2', '4', '4', '0', 'SPR0000012'),
('8FD6EDA00518E8CB4F8A945C4C17AC20', '2014-06-24 14:12:29', 0, 0, 0, 0, 0, 0, 0, 0, 0, 0, 0, 0, 0, 0, 0, 0, 0, 0, 0, 0, 0, 0, '', '', '', '0', 'STM0000013'),
('534AE4CE4233B224ED76BA4CA8670273', '2014-06-24 14:15:45', 0, 0, 0, 0, 0, 0, 0, 0, 0, 0, 0, 0, 0, 0, 0, 0, 0, 0, 0, 0, 0, 0, '', '', '', '0', 'DVM0000014'),
('6DB81B6E24B60ACC5148EE5F442970D8', '2014-06-29 22:54:24', 0, 0, 0, 0, 0, 0, 0, 0, 0, 0, 0, 0, 0, 0, 0, 0, 56500, 0, 0, 0, 0, 56500, '2', '2', '2', '0', 'STD0000015'),
('4C05A2615BC2FDC2FCBF4DE4805D4106', '2014-06-29 23:10:10', 0, 0, 0, 0, 0, 0, 0, 0, 0, 0, 0, 0, 0, 0, 0, 0, 39500, 0, 0, 0, 0, 39500, '2', '1', '1', '0', 'STD0000016');

/*!40101 SET CHARACTER_SET_CLIENT=@OLD_CHARACTER_SET_CLIENT */;
/*!40101 SET CHARACTER_SET_RESULTS=@OLD_CHARACTER_SET_RESULTS */;
/*!40101 SET COLLATION_CONNECTION=@OLD_COLLATION_CONNECTION */;
